{"val_mean_box_ap_25": 0.6339833916239994, "val_mean_box_ap_50": 0.5279278928892804, "val_chair_val_box_ap_50": 0.814345387181507, "val_door_val_box_ap_50": 0.4923316556201219, "val_otherfurniture_val_box_ap_50": 0.4782453737295972, "val_sink_val_box_ap_50": 0.594919454149993, "val_cabinet_val_box_ap_50": 0.3547177847933789, "val_window_val_box_ap_50": 0.35063505817471263, "val_refridgerator_val_box_ap_50": 0.3404209460711008, "val_counter_val_box_ap_50": 0.5293662312530236, "val_table_val_box_ap_50": 0.6368473868433627, "val_sofa_val_box_ap_50": 0.455697519938336, "val_bookshelf_val_box_ap_50": 0.33824704001196393, "val_desk_val_box_ap_50": 0.5154475213895237, "val_bathtub_val_box_ap_50": 0.8151831190880426, "val_picture_val_box_ap_50": 0.2618350592981648, "val_shower_curtain_val_box_ap_50": 0.4158201058201058, "val_bed_val_box_ap_50": 0.6244396151779522, "val_curtain_val_box_ap_50": 0.5759658288665944, "val_toilet_val_box_ap_50": 0.9082369845995653, "val_chair_val_box_ap_25": 0.8892357169433875, "val_door_val_box_ap_25": 0.5860530928786392, "val_otherfurniture_val_box_ap_25": 0.5311267844697829, "val_sink_val_box_ap_25": 0.7041459566569833, "val_cabinet_val_box_ap_25": 0.4819492368935804, "val_window_val_box_ap_25": 0.5325788990797663, "val_refridgerator_val_box_ap_25": 0.4597411871663677, "val_counter_val_box_ap_25": 0.5741152992401606, "val_table_val_box_ap_25": 0.7066538359650227, "val_sofa_val_box_ap_25": 0.7354465120663611, "val_bookshelf_val_box_ap_25": 0.39449762174130376, "val_desk_val_box_ap_25": 0.7070521447635636, "val_bathtub_val_box_ap_25": 0.8458521163866284, "val_picture_val_box_ap_25": 0.28547621547060187, "val_shower_curtain_val_box_ap_25": 0.6216553287981861, "val_bed_val_box_ap_25": 0.7103677806231289, "val_curtain_val_box_ap_25": 0.6635892297199164, "val_toilet_val_box_ap_25": 0.9821640903686089, "val_cabinet_val_ap": 0.3548085689544678, "val_cabinet_val_ap_50": 0.5152775049209595, "val_cabinet_val_ap_25": 0.6132413744926453, "val_bed_val_ap": 0.4995962381362915, "val_bed_val_ap_50": 0.7039469480514526, "val_bed_val_ap_25": 0.7274433970451355, "val_chair_val_ap": 0.7828783988952637, "val_chair_val_ap_50": 0.8956564664840698, "val_chair_val_ap_25": 0.9206091165542603, "val_sofa_val_ap": 0.3748406767845154, "val_sofa_val_ap_50": 0.5603166222572327, "val_sofa_val_ap_25": 0.7670083045959473, "val_table_val_ap": 0.5755057334899902, "val_table_val_ap_50": 0.7273334860801697, "val_table_val_ap_25": 0.7797011137008667, "val_door_val_ap": 0.5059301853179932, "val_door_val_ap_50": 0.6481038331985474, "val_door_val_ap_25": 0.7157334089279175, "val_window_val_ap": 0.3238507807254791, "val_window_val_ap_50": 0.49021199345588684, "val_window_val_ap_25": 0.641061544418335, "val_bookshelf_val_ap": 0.3198873996734619, "val_bookshelf_val_ap_50": 0.523827314376831, "val_bookshelf_val_ap_25": 0.6329691410064697, "val_picture_val_ap": 0.3671179711818695, "val_picture_val_ap_50": 0.436847984790802, "val_picture_val_ap_25": 0.4580480754375458, "val_counter_val_ap": 0.2773234248161316, "val_counter_val_ap_50": 0.45245593786239624, "val_counter_val_ap_25": 0.5462748408317566, "val_desk_val_ap": 0.3202923834323883, "val_desk_val_ap_50": 0.5785280466079712, "val_desk_val_ap_25": 0.6957631707191467, "val_curtain_val_ap": 0.4640734791755676, "val_curtain_val_ap_50": 0.613719642162323, "val_curtain_val_ap_25": 0.6846180558204651, "val_refrigerator_val_ap": 0.40479350090026855, "val_refrigerator_val_ap_50": 0.500702440738678, "val_refrigerator_val_ap_25": 0.5367617011070251, "val_shower curtain_val_ap": 0.43781736493110657, "val_shower curtain_val_ap_50": 0.7039837837219238, "val_shower curtain_val_ap_25": 0.742341935634613, "val_toilet_val_ap": 0.9126383066177368, "val_toilet_val_ap_50": 0.9470441341400146, "val_toilet_val_ap_25": 0.982153594493866, "val_sink_val_ap": 0.5278475284576416, "val_sink_val_ap_50": 0.6650038361549377, "val_sink_val_ap_25": 0.84375, "val_bathtub_val_ap": 0.7774879932403564, "val_bathtub_val_ap_50": 0.8709677457809448, "val_bathtub_val_ap_25": 0.8709677457809448, "val_otherfurniture_val_ap": 0.5128018260002136, "val_otherfurniture_val_ap_50": 0.6034298539161682, "val_otherfurniture_val_ap_25": 0.6446349024772644, "val_mean_ap": 0.48552730679512024, "val_mean_ap_50": 0.6354087591171265, "val_mean_ap_25": 0.7112823128700256, "val_loss_ce": 1.0673179626464844, "val_loss_mask": 0.17232419550418854, "val_loss_dice": 0.3485162854194641, "val_loss_ce_0": 3.806415319442749, "val_loss_mask_0": 0.5962565541267395, "val_loss_dice_0": 1.875029444694519, "val_loss_ce_1": 1.5421843528747559, "val_loss_mask_1": 0.292990505695343, "val_loss_dice_1": 0.71452796459198, "val_loss_ce_2": 1.296876311302185, "val_loss_mask_2": 0.22578389942646027, "val_loss_dice_2": 0.5056477785110474, "val_loss_ce_3": 1.155875325202942, "val_loss_mask_3": 0.19812488555908203, "val_loss_dice_3": 0.42254993319511414, "val_loss_ce_4": 1.0846936702728271, "val_loss_mask_4": 0.18586565554141998, "val_loss_dice_4": 0.3830733895301819, "val_loss_ce_5": 1.0740755796432495, "val_loss_mask_5": 0.1866915076971054, "val_loss_dice_5": 0.3817170262336731, "val_loss_ce_6": 1.0626317262649536, "val_loss_mask_6": 0.18595050275325775, "val_loss_dice_6": 0.37655702233314514, "val_loss_ce_7": 1.04194974899292, "val_loss_mask_7": 0.1813747137784958, "val_loss_dice_7": 0.36733490228652954, "val_loss_ce_8": 1.0692167282104492, "val_loss_mask_8": 0.17405946552753448, "val_loss_dice_8": 0.35686632990837097, "val_loss_ce_9": 1.0560193061828613, "val_loss_mask_9": 0.17947092652320862, "val_loss_dice_9": 0.35946905612945557, "val_loss_ce_10": 1.0789732933044434, "val_loss_mask_10": 0.17775943875312805, "val_loss_dice_10": 0.3601921498775482, "val_loss_ce_11": 1.0634657144546509, "val_loss_mask_11": 0.17482703924179077, "val_loss_dice_11": 0.3560248017311096, "val_mean_loss_ce": 1.3384380340576172, "val_mean_loss_mask": 0.22549840807914734, "val_mean_loss_dice": 0.5236543416976929, "epoch": 0, "trainer/global_step": 0, "_timestamp": 1685046376.8587523, "_runtime": 3262.060521364212, "_step": 0, "_wandb": {"runtime": 3261}}