{"lr-AdamW": 5.722243545441705e-06, "trainer/global_step": 10299, "_timestamp": 1692754471.8774927, "_runtime": 10369.260004758835, "_step": 249, "train_loss_ce": 4.993456840515137, "train_loss_mask": 1.136149287223816, "train_loss_dice": 5.430497169494629, "train_loss_bbox": 5.716893672943115, "train_loss_giou": 2.5304088592529297, "train_loss_ce_0": 4.1823410987854, "train_loss_mask_0": 1.1261358261108398, "train_loss_dice_0": 5.329392910003662, "train_loss_bbox_0": 5.787390232086182, "train_loss_giou_0": 2.564669370651245, "train_loss_ce_1": 4.07283878326416, "train_loss_mask_1": 1.1092267036437988, "train_loss_dice_1": 5.325793743133545, "train_loss_bbox_1": 5.711130142211914, "train_loss_giou_1": 2.453375816345215, "train_loss_ce_2": 3.151676654815674, "train_loss_mask_2": 1.145566463470459, "train_loss_dice_2": 5.2784199714660645, "train_loss_bbox_2": 5.74891471862793, "train_loss_giou_2": 2.485826253890991, "train_loss_ce_3": 3.373093605041504, "train_loss_mask_3": 1.1217020750045776, "train_loss_dice_3": 5.291330814361572, "train_loss_bbox_3": 5.586340427398682, "train_loss_giou_3": 2.5186688899993896, "train_loss_ce_4": 3.443446636199951, "train_loss_mask_4": 1.1307427883148193, "train_loss_dice_4": 5.291901111602783, "train_loss_bbox_4": 5.704800605773926, "train_loss_giou_4": 2.4885921478271484, "train_loss_ce_5": 3.4702861309051514, "train_loss_mask_5": 1.1399481296539307, "train_loss_dice_5": 5.293914318084717, "train_loss_bbox_5": 5.685274124145508, "train_loss_giou_5": 2.5283453464508057, "train_loss_ce_6": 3.6869688034057617, "train_loss_mask_6": 1.1470849514007568, "train_loss_dice_6": 5.296536445617676, "train_loss_bbox_6": 5.724809646606445, "train_loss_giou_6": 2.5089941024780273, "train_loss_ce_7": 3.576289415359497, "train_loss_mask_7": 1.1358442306518555, "train_loss_dice_7": 5.305724143981934, "train_loss_bbox_7": 5.655198574066162, "train_loss_giou_7": 2.437044858932495, "train_loss_ce_8": 3.6821787357330322, "train_loss_mask_8": 1.124531626701355, "train_loss_dice_8": 5.3077874183654785, "train_loss_bbox_8": 5.663758754730225, "train_loss_giou_8": 2.4846203327178955, "train_loss_ce_9": 3.6246678829193115, "train_loss_mask_9": 1.1305172443389893, "train_loss_dice_9": 5.294114589691162, "train_loss_bbox_9": 5.714866638183594, "train_loss_giou_9": 2.4690446853637695, "train_loss_ce_10": 3.8978660106658936, "train_loss_mask_10": 1.1255207061767578, "train_loss_dice_10": 5.317877769470215, "train_loss_bbox_10": 5.719738483428955, "train_loss_giou_10": 2.546637535095215, "train_loss_ce_11": 3.8079538345336914, "train_loss_mask_11": 1.1316263675689697, "train_loss_dice_11": 5.384367942810059, "train_loss_bbox_11": 5.642714500427246, "train_loss_giou_11": 2.5040619373321533, "train_mean_loss_ce": 3.7663896083831787, "train_mean_loss_mask": 1.1311228275299072, "train_mean_loss_dice": 5.3190507888793945, "epoch": 25, "train_loss_mean": 242.93226623535156}