{"lr-AdamW": 4.000086697024714e-10, "trainer/global_step": 241000, "_timestamp": 1686042950.389969, "_runtime": 258075.68066120148, "_step": 10252, "train_loss_ce": 0.03317539766430855, "train_loss_mask": 0.15453360974788666, "train_loss_dice": 0.48295843601226807, "train_loss_ce_0": 3.9340696334838867, "train_loss_mask_0": 1.6023995876312256, "train_loss_dice_0": 5.644721508026123, "train_loss_ce_1": 0.8181387186050415, "train_loss_mask_1": 0.5343213081359863, "train_loss_dice_1": 1.4387905597686768, "train_loss_ce_2": 0.35563284158706665, "train_loss_mask_2": 0.2671988606452942, "train_loss_dice_2": 0.8655071258544922, "train_loss_ce_3": 0.17693378031253815, "train_loss_mask_3": 0.18399879336357117, "train_loss_dice_3": 0.6760871410369873, "train_loss_ce_4": 0.14210988581180573, "train_loss_mask_4": 0.17908848822116852, "train_loss_dice_4": 0.5953155159950256, "train_loss_ce_5": 0.18238700926303864, "train_loss_mask_5": 0.1780807077884674, "train_loss_dice_5": 0.5891730785369873, "train_loss_ce_6": 0.1553138792514801, "train_loss_mask_6": 0.1700890064239502, "train_loss_dice_6": 0.5710470080375671, "train_loss_ce_7": 0.0737294852733612, "train_loss_mask_7": 0.15367595851421356, "train_loss_dice_7": 0.5218954086303711, "train_loss_ce_8": 0.04345010593533516, "train_loss_mask_8": 0.14785365760326385, "train_loss_dice_8": 0.4785080552101135, "train_loss_ce_9": 0.03972270339727402, "train_loss_mask_9": 0.14804881811141968, "train_loss_dice_9": 0.47750240564346313, "train_loss_ce_10": 0.036257047206163406, "train_loss_mask_10": 0.15440627932548523, "train_loss_dice_10": 0.5055734515190125, "train_loss_ce_11": 0.030812036246061325, "train_loss_mask_11": 0.14845269918441772, "train_loss_dice_11": 0.48708075284957886, "train_mean_loss_ce": 0.46321019530296326, "train_mean_loss_mask": 0.309395968914032, "train_mean_loss_dice": 1.0257046222686768, "epoch": 600, "train_loss_mean": 27.318252563476562, "val_mean_box_ap_25": 0.6827961302904945, "val_mean_box_ap_50": 0.5374599287675719, "val_curtain_val_box_ap_50": 0.552490697771646, "val_cabinet_val_box_ap_50": 0.3959025616716691, "val_table_val_box_ap_50": 0.6037619376913163, "val_chair_val_box_ap_50": 0.8200649592171694, "val_otherfurniture_val_box_ap_50": 0.5128508529016639, "val_refridgerator_val_box_ap_50": 0.4310928223969956, "val_window_val_box_ap_50": 0.32972235097489666, "val_counter_val_box_ap_50": 0.43194326042969206, "val_sink_val_box_ap_50": 0.5953332692699856, "val_door_val_box_ap_50": 0.4987746004939697, "val_curtain_val_box_ap_25": 0.7416430797009584, "val_cabinet_val_box_ap_25": 0.5417304777170543, "val_table_val_box_ap_25": 0.704431460961479, "val_chair_val_box_ap_25": 0.8937624303345384, "val_otherfurniture_val_box_ap_25": 0.5843939937468822, "val_refridgerator_val_box_ap_25": 0.5928958071564165, "val_window_val_box_ap_25": 0.5462185438416054, "val_counter_val_box_ap_25": 0.6915731847182955, "val_sink_val_box_ap_25": 0.737474936745165, "val_door_val_box_ap_25": 0.594111829503108, "val_cabinet_val_ap": 0.4071311056613922, "val_cabinet_val_ap_50": 0.5901456475257874, "val_cabinet_val_ap_25": 0.7299051284790039, "val_bed_val_ap": 0.5690301060676575, "val_bed_val_ap_50": 0.7622302174568176, "val_bed_val_ap_25": 0.8443791270256042, "val_chair_val_ap": 0.8028122782707214, "val_chair_val_ap_50": 0.9244786500930786, "val_chair_val_ap_25": 0.9539005160331726, "val_sofa_val_ap": 0.5218808054924011, "val_sofa_val_ap_50": 0.7420448064804077, "val_sofa_val_ap_25": 0.8545637726783752, "val_table_val_ap": 0.5876142978668213, "val_table_val_ap_50": 0.7612615823745728, "val_table_val_ap_25": 0.8425218462944031, "val_door_val_ap": 0.491792768239975, "val_door_val_ap_50": 0.6778029799461365, "val_door_val_ap_25": 0.7952727675437927, "val_window_val_ap": 0.3648562431335449, "val_window_val_ap_50": 0.5957074761390686, "val_window_val_ap_25": 0.7513984441757202, "val_bookshelf_val_ap": 0.3693222403526306, "val_bookshelf_val_ap_50": 0.5847539305686951, "val_bookshelf_val_ap_25": 0.7410469055175781, "val_picture_val_ap": 0.49155622720718384, "val_picture_val_ap_50": 0.606119692325592, "val_picture_val_ap_25": 0.6494964957237244, "val_counter_val_ap": 0.3261800706386566, "val_counter_val_ap_50": 0.5751712918281555, "val_counter_val_ap_25": 0.7750864028930664, "val_desk_val_ap": 0.3561181426048279, "val_desk_val_ap_50": 0.6523756980895996, "val_desk_val_ap_25": 0.8093409538269043, "val_curtain_val_ap": 0.4467076361179352, "val_curtain_val_ap_50": 0.6812911033630371, "val_curtain_val_ap_25": 0.780701756477356, "val_refrigerator_val_ap": 0.5800084471702576, "val_refrigerator_val_ap_50": 0.7608699798583984, "val_refrigerator_val_ap_25": 0.7874981760978699, "val_shower curtain_val_ap": 0.5576525330543518, "val_shower curtain_val_ap_50": 0.817450225353241, "val_shower curtain_val_ap_25": 0.8686006665229797, "val_toilet_val_ap": 0.9207471013069153, "val_toilet_val_ap_50": 0.9811033606529236, "val_toilet_val_ap_25": 0.9811033606529236, "val_sink_val_ap": 0.5391457676887512, "val_sink_val_ap_50": 0.6762070655822754, "val_sink_val_ap_25": 0.8883709907531738, "val_bathtub_val_ap": 0.7989723682403564, "val_bathtub_val_ap_50": 0.8709677457809448, "val_bathtub_val_ap_25": 0.8709677457809448, "val_otherfurniture_val_ap": 0.5707058906555176, "val_otherfurniture_val_ap_50": 0.6922521591186523, "val_otherfurniture_val_ap_25": 0.7624956369400024, "val_mean_ap": 0.5390130281448364, "val_mean_ap_50": 0.7195685505867004, "val_mean_ap_25": 0.8159250617027283, "val_loss_ce": 1.391219139099121, "val_loss_mask": 0.17668169736862183, "val_loss_dice": 0.3641776144504547, "val_loss_ce_0": 4.260245323181152, "val_loss_mask_0": 0.5999457240104675, "val_loss_dice_0": 1.8769011497497559, "val_loss_ce_1": 1.190828561782837, "val_loss_mask_1": 0.2304382175207138, "val_loss_dice_1": 0.6364352703094482, "val_loss_ce_2": 1.0460536479949951, "val_loss_mask_2": 0.19725829362869263, "val_loss_dice_2": 0.4847441613674164, "val_loss_ce_3": 1.0824698209762573, "val_loss_mask_3": 0.18592649698257446, "val_loss_dice_3": 0.4244520962238312, "val_loss_ce_4": 1.219175934791565, "val_loss_mask_4": 0.18060819804668427, "val_loss_dice_4": 0.3906487226486206, "val_loss_ce_5": 1.2772800922393799, "val_loss_mask_5": 0.18345201015472412, "val_loss_dice_5": 0.38934317231178284, "val_loss_ce_6": 1.26210355758667, "val_loss_mask_6": 0.182194322347641, "val_loss_dice_6": 0.38707542419433594, "val_loss_ce_7": 1.2591089010238647, "val_loss_mask_7": 0.18006327748298645, "val_loss_dice_7": 0.380970299243927, "val_loss_ce_8": 1.328491449356079, "val_loss_mask_8": 0.18176282942295074, "val_loss_dice_8": 0.37011146545410156, "val_loss_ce_9": 1.348242998123169, "val_loss_mask_9": 0.1849670708179474, "val_loss_dice_9": 0.37137743830680847, "val_loss_ce_10": 1.31850266456604, "val_loss_mask_10": 0.18017908930778503, "val_loss_dice_10": 0.37342751026153564, "val_loss_ce_11": 1.3259336948394775, "val_loss_mask_11": 0.17958202958106995, "val_loss_dice_11": 0.3700640797615051, "val_mean_loss_ce": 1.4853581190109253, "val_mean_loss_mask": 0.21869687736034393, "val_mean_loss_dice": 0.5245944857597351, "val_picture_val_box_ap_50": 0.3051787903384088, "val_sofa_val_box_ap_50": 0.6148935022027349, "val_bed_val_box_ap_50": 0.6183381380917067, "val_toilet_val_box_ap_50": 0.8885832070430889, "val_bookshelf_val_box_ap_50": 0.31702079504094605, "val_desk_val_box_ap_50": 0.5410952408781664, "val_bathtub_val_box_ap_50": 0.867741935483871, "val_shower_curtain_val_box_ap_50": 0.34948979591836726, "val_picture_val_box_ap_25": 0.34254043273530926, "val_sofa_val_box_ap_25": 0.8220681340831346, "val_bed_val_box_ap_25": 0.7948298218120551, "val_toilet_val_box_ap_25": 0.9259516673082916, "val_bookshelf_val_box_ap_25": 0.3974346645616214, "val_desk_val_box_ap_25": 0.7789437370469369, "val_bathtub_val_box_ap_25": 0.867741935483871, "val_shower_curtain_val_box_ap_25": 0.7325842077721777, "_wandb": {"runtime": 258076}}