{"val_mean_box_ap_25": 0.6355209351267045, "val_mean_box_ap_50": 0.5218278307837035, "val_chair_val_box_ap_50": 0.8221236741629663, "val_otherfurniture_val_box_ap_50": 0.49117118925055914, "val_door_val_box_ap_50": 0.479808540653225, "val_counter_val_box_ap_50": 0.45304700245886986, "val_refridgerator_val_box_ap_50": 0.3687933044856286, "val_sink_val_box_ap_50": 0.5445850221307781, "val_cabinet_val_box_ap_50": 0.36032106085817317, "val_window_val_box_ap_50": 0.32444604132805926, "val_table_val_box_ap_50": 0.5830563203524957, "val_sofa_val_box_ap_50": 0.5172410393961054, "val_bookshelf_val_box_ap_50": 0.3491227343994543, "val_desk_val_box_ap_50": 0.5100088494623891, "val_bathtub_val_box_ap_50": 0.825521947462993, "val_picture_val_box_ap_50": 0.2763567506919266, "val_shower_curtain_val_box_ap_50": 0.4109307359307359, "val_bed_val_box_ap_50": 0.6850083653945243, "val_toilet_val_box_ap_50": 0.9100985221674875, "val_curtain_val_box_ap_50": 0.4812598535202945, "val_chair_val_box_ap_25": 0.8879598173177461, "val_otherfurniture_val_box_ap_25": 0.5403109621481887, "val_door_val_box_ap_25": 0.5557036867924326, "val_counter_val_box_ap_25": 0.546328193920023, "val_refridgerator_val_box_ap_25": 0.4762825166364185, "val_sink_val_box_ap_25": 0.7116260669654804, "val_cabinet_val_box_ap_25": 0.4950128416692995, "val_window_val_box_ap_25": 0.48981884881346244, "val_table_val_box_ap_25": 0.6730306062209043, "val_sofa_val_box_ap_25": 0.7292525093794296, "val_bookshelf_val_box_ap_25": 0.36856091469038604, "val_desk_val_box_ap_25": 0.7425231295366662, "val_bathtub_val_box_ap_25": 0.825521947462993, "val_picture_val_box_ap_25": 0.29878113256123795, "val_shower_curtain_val_box_ap_25": 0.649209882892149, "val_bed_val_box_ap_25": 0.7944254543026235, "val_toilet_val_box_ap_25": 0.9655172413793105, "val_curtain_val_box_ap_25": 0.6895110795919291, "val_cabinet_val_ap": 0.3657921850681305, "val_cabinet_val_ap_50": 0.5218762159347534, "val_cabinet_val_ap_25": 0.6048790216445923, "val_bed_val_ap": 0.5531254410743713, "val_bed_val_ap_50": 0.7764327526092529, "val_bed_val_ap_25": 0.8266034126281738, "val_chair_val_ap": 0.7879166603088379, "val_chair_val_ap_50": 0.898632824420929, "val_chair_val_ap_25": 0.9239239692687988, "val_sofa_val_ap": 0.3895106613636017, "val_sofa_val_ap_50": 0.5870527625083923, "val_sofa_val_ap_25": 0.7727401852607727, "val_table_val_ap": 0.5540966987609863, "val_table_val_ap_50": 0.7130247950553894, "val_table_val_ap_25": 0.7500517964363098, "val_door_val_ap": 0.4742644131183624, "val_door_val_ap_50": 0.5944589972496033, "val_door_val_ap_25": 0.6564342975616455, "val_window_val_ap": 0.2954021990299225, "val_window_val_ap_50": 0.4669669270515442, "val_window_val_ap_25": 0.6143748760223389, "val_bookshelf_val_ap": 0.2956582307815552, "val_bookshelf_val_ap_50": 0.49154403805732727, "val_bookshelf_val_ap_25": 0.5639854669570923, "val_picture_val_ap": 0.4055187404155731, "val_picture_val_ap_50": 0.450344979763031, "val_picture_val_ap_25": 0.4652804136276245, "val_counter_val_ap": 0.2853366732597351, "val_counter_val_ap_50": 0.5196949243545532, "val_counter_val_ap_25": 0.6044323444366455, "val_desk_val_ap": 0.34513017535209656, "val_desk_val_ap_50": 0.5918700098991394, "val_desk_val_ap_25": 0.7462441921234131, "val_curtain_val_ap": 0.4273609220981598, "val_curtain_val_ap_50": 0.6147486567497253, "val_curtain_val_ap_25": 0.7209204435348511, "val_refrigerator_val_ap": 0.4243718683719635, "val_refrigerator_val_ap_50": 0.5263158082962036, "val_refrigerator_val_ap_25": 0.5438596606254578, "val_shower curtain_val_ap": 0.5231518745422363, "val_shower curtain_val_ap_50": 0.6906546950340271, "val_shower curtain_val_ap_25": 0.7550647854804993, "val_toilet_val_ap": 0.9347341656684875, "val_toilet_val_ap_50": 0.982758641242981, "val_toilet_val_ap_25": 0.982758641242981, "val_sink_val_ap": 0.5055283308029175, "val_sink_val_ap_50": 0.6927558779716492, "val_sink_val_ap_25": 0.8436222076416016, "val_bathtub_val_ap": 0.72659832239151, "val_bathtub_val_ap_50": 0.8387096524238586, "val_bathtub_val_ap_25": 0.8387096524238586, "val_otherfurniture_val_ap": 0.5021623969078064, "val_otherfurniture_val_ap_50": 0.5898430347442627, "val_otherfurniture_val_ap_25": 0.6344060897827148, "val_mean_ap": 0.4886477589607239, "val_mean_ap_50": 0.6415380835533142, "val_mean_ap_25": 0.7137939929962158, "val_loss_ce": 1.4920328855514526, "val_loss_mask": 0.18247337639331818, "val_loss_dice": 0.3545158803462982, "val_loss_ce_0": 4.260231971740723, "val_loss_mask_0": 0.5977481603622437, "val_loss_dice_0": 1.876448154449463, "val_loss_ce_1": 1.2009146213531494, "val_loss_mask_1": 0.23898674547672272, "val_loss_dice_1": 0.647489070892334, "val_loss_ce_2": 1.0922671556472778, "val_loss_mask_2": 0.2127574235200882, "val_loss_dice_2": 0.48834964632987976, "val_loss_ce_3": 1.1243749856948853, "val_loss_mask_3": 0.19104941189289093, "val_loss_dice_3": 0.42410144209861755, "val_loss_ce_4": 1.1795929670333862, "val_loss_mask_4": 0.18928977847099304, "val_loss_dice_4": 0.3917730152606964, "val_loss_ce_5": 1.2586544752120972, "val_loss_mask_5": 0.18546032905578613, "val_loss_dice_5": 0.3720719516277313, "val_loss_ce_6": 1.3003779649734497, "val_loss_mask_6": 0.18619529902935028, "val_loss_dice_6": 0.3716922700405121, "val_loss_ce_7": 1.2861721515655518, "val_loss_mask_7": 0.1876295655965805, "val_loss_dice_7": 0.374065637588501, "val_loss_ce_8": 1.3277018070220947, "val_loss_mask_8": 0.18312391638755798, "val_loss_dice_8": 0.37038686871528625, "val_loss_ce_9": 1.3491674661636353, "val_loss_mask_9": 0.18108120560646057, "val_loss_dice_9": 0.36546000838279724, "val_loss_ce_10": 1.4598278999328613, "val_loss_mask_10": 0.18273469805717468, "val_loss_dice_10": 0.3588615357875824, "val_loss_ce_11": 1.4610836505889893, "val_loss_mask_11": 0.18513157963752747, "val_loss_dice_11": 0.3590376079082489, "val_loss_ce_12": 1.3805875778198242, "val_loss_mask_12": 0.18775060772895813, "val_loss_dice_12": 0.36101630330085754, "val_loss_ce_13": 1.4019078016281128, "val_loss_mask_13": 0.18390704691410065, "val_loss_dice_13": 0.36024609208106995, "val_loss_ce_14": 1.399951696395874, "val_loss_mask_14": 0.17988529801368713, "val_loss_dice_14": 0.35843735933303833, "val_mean_loss_ce": 1.4984279870986938, "val_mean_loss_mask": 0.21595028042793274, "val_mean_loss_dice": 0.4896220564842224, "epoch": 0, "trainer/global_step": 0, "_timestamp": 1687590572.5597875, "_runtime": 2455.5561904907227, "_step": 0, "_wandb": {"runtime": 2454}}