{"lr-AdamW": 1.1334333451318447e-05, "trainer/global_step": 214499, "_timestamp": 1692311754.2597275, "_runtime": 58149.37349438667, "_step": 1738, "train_loss_ce": 0.5244104266166687, "train_loss_mask": 0.4809296727180481, "train_loss_dice": 1.4059147834777832, "train_loss_ce_0": 2.1005072593688965, "train_loss_mask_0": 0.6896286606788635, "train_loss_dice_0": 2.200932025909424, "train_loss_ce_1": 1.5035209655761719, "train_loss_mask_1": 0.6852670907974243, "train_loss_dice_1": 2.1732351779937744, "train_loss_ce_2": 0.7109584212303162, "train_loss_mask_2": 0.6547394394874573, "train_loss_dice_2": 2.053833484649658, "train_loss_ce_3": 0.5346243977546692, "train_loss_mask_3": 0.5553701519966125, "train_loss_dice_3": 1.8172054290771484, "train_loss_ce_4": 0.4786354899406433, "train_loss_mask_4": 0.5980784296989441, "train_loss_dice_4": 1.7175424098968506, "train_loss_ce_5": 0.6000823974609375, "train_loss_mask_5": 0.47923558950424194, "train_loss_dice_5": 1.5207579135894775, "train_loss_ce_6": 0.5170497894287109, "train_loss_mask_6": 0.5469012260437012, "train_loss_dice_6": 1.5148159265518188, "train_loss_ce_7": 0.5291273593902588, "train_loss_mask_7": 0.5479907989501953, "train_loss_dice_7": 1.5147970914840698, "train_loss_ce_8": 0.46437907218933105, "train_loss_mask_8": 0.5748313665390015, "train_loss_dice_8": 1.5421804189682007, "train_loss_ce_9": 0.4379578232765198, "train_loss_mask_9": 0.5653340220451355, "train_loss_dice_9": 1.51700758934021, "train_loss_ce_10": 0.48308321833610535, "train_loss_mask_10": 0.5227687358856201, "train_loss_dice_10": 1.44123113155365, "train_loss_ce_11": 0.4871926009654999, "train_loss_mask_11": 0.5207915902137756, "train_loss_dice_11": 1.443608045578003, "train_loss_ce_12": 0.4759315550327301, "train_loss_mask_12": 0.5515381097793579, "train_loss_dice_12": 1.465455174446106, "train_loss_ce_13": 0.46775704622268677, "train_loss_mask_13": 0.5158321857452393, "train_loss_dice_13": 1.4584617614746094, "train_loss_ce_14": 0.46190088987350464, "train_loss_mask_14": 0.4922425448894501, "train_loss_dice_14": 1.4227008819580078, "train_mean_loss_ce": 0.673569917678833, "train_mean_loss_mask": 0.5613424777984619, "train_mean_loss_dice": 1.6381049156188965, "epoch": 534, "train_loss_mean": 44.97580337524414, "val_mean_box_ap_25": 0.3735933359141227, "val_mean_box_ap_50": 0.25859832918359094, "val_chair_val_box_ap_50": 0.5560274785134568, "val_otherfurniture_val_box_ap_50": 0.24403277208386304, "val_sink_val_box_ap_50": 0.3655393109697356, "val_table_val_box_ap_50": 0.3000931985719118, "val_cabinet_val_box_ap_50": 0.12169645114702146, "val_window_val_box_ap_50": 0.04238608407481027, "val_counter_val_box_ap_50": 0.18771225111911072, "val_door_val_box_ap_50": 0.15299639837361614, "val_desk_val_box_ap_50": 0.18112581383060358, "val_bookshelf_val_box_ap_50": 0.060323294960699096, "val_shower_curtain_val_box_ap_50": 0.5543969676322618, "val_picture_val_box_ap_50": 0.03992589475064011, "val_curtain_val_box_ap_50": 0.06679261750133522, "val_sofa_val_box_ap_50": 0.32761902433089574, "val_refridgerator_val_box_ap_50": 0.13093827608975825, "val_chair_val_box_ap_25": 0.6681931530570125, "val_otherfurniture_val_box_ap_25": 0.29331702248391955, "val_sink_val_box_ap_25": 0.5105800858876343, "val_table_val_box_ap_25": 0.38968915131801674, "val_cabinet_val_box_ap_25": 0.19975489547452063, "val_window_val_box_ap_25": 0.13256935888132335, "val_counter_val_box_ap_25": 0.32268167134103515, "val_door_val_box_ap_25": 0.22852487333382415, "val_desk_val_box_ap_25": 0.3285263953377684, "val_bookshelf_val_box_ap_25": 0.0789345926045555, "val_shower_curtain_val_box_ap_25": 0.6680481202878649, "val_picture_val_box_ap_25": 0.06551613865671005, "val_curtain_val_box_ap_25": 0.17262985143792067, "val_sofa_val_box_ap_25": 0.6012982753469739, "val_refridgerator_val_box_ap_25": 0.21425397742928215, "val_cabinet_val_ap": 0.12506704032421112, "val_cabinet_val_ap_50": 0.23924535512924194, "val_cabinet_val_ap_25": 0.4133134186267853, "val_bed_val_ap": 0.15613330900669098, "val_bed_val_ap_50": 0.28809690475463867, "val_bed_val_ap_25": 0.5652438402175903, "val_chair_val_ap": 0.5758357644081116, "val_chair_val_ap_50": 0.7437568306922913, "val_chair_val_ap_25": 0.8134905099868774, "val_sofa_val_ap": 0.25793716311454773, "val_sofa_val_ap_50": 0.4568524658679962, "val_sofa_val_ap_25": 0.7326093912124634, "val_table_val_ap": 0.2838522791862488, "val_table_val_ap_50": 0.46146565675735474, "val_table_val_ap_25": 0.6046841144561768, "val_door_val_ap": 0.20189495384693146, "val_door_val_ap_50": 0.32068178057670593, "val_door_val_ap_25": 0.4787997305393219, "val_window_val_ap": 0.048741381615400314, "val_window_val_ap_50": 0.1236816942691803, "val_window_val_ap_25": 0.34661346673965454, "val_bookshelf_val_ap": 0.0844583734869957, "val_bookshelf_val_ap_50": 0.1438373327255249, "val_bookshelf_val_ap_25": 0.3898811936378479, "val_picture_val_ap": 0.11075981706380844, "val_picture_val_ap_50": 0.16776034235954285, "val_picture_val_ap_25": 0.22374893724918365, "val_counter_val_ap": 0.12059461325407028, "val_counter_val_ap_50": 0.2740735411643982, "val_counter_val_ap_25": 0.4883787930011749, "val_desk_val_ap": 0.13298068940639496, "val_desk_val_ap_50": 0.3181229829788208, "val_desk_val_ap_25": 0.5098146200180054, "val_curtain_val_ap": 0.059425294399261475, "val_curtain_val_ap_50": 0.1885269582271576, "val_curtain_val_ap_25": 0.41377347707748413, "val_refrigerator_val_ap": 0.19088797271251678, "val_refrigerator_val_ap_50": 0.3472963571548462, "val_refrigerator_val_ap_25": 0.40406665205955505, "val_shower curtain_val_ap": 0.5066125392913818, "val_shower curtain_val_ap_50": 0.740479052066803, "val_shower curtain_val_ap_25": 0.7823030948638916, "val_toilet_val_ap": 0.7656484246253967, "val_toilet_val_ap_50": 0.8291746973991394, "val_toilet_val_ap_25": 0.873958945274353, "val_sink_val_ap": 0.3432137072086334, "val_sink_val_ap_50": 0.5359017848968506, "val_sink_val_ap_25": 0.7620765566825867, "val_bathtub_val_ap": 0.5425229668617249, "val_bathtub_val_ap_50": 0.7787100076675415, "val_bathtub_val_ap_25": 0.8240976333618164, "val_otherfurniture_val_ap": 0.29631319642066956, "val_otherfurniture_val_ap_50": 0.4227375388145447, "val_otherfurniture_val_ap_25": 0.5064916610717773, "val_mean_ap": 0.2668266296386719, "val_mean_ap_50": 0.4100222885608673, "val_mean_ap_25": 0.5629636645317078, "val_loss_ce": 1.9377543926239014, "val_loss_mask": 0.2645324766635895, "val_loss_dice": 0.6487777233123779, "val_loss_ce_0": 1.9543391466140747, "val_loss_mask_0": 0.29799458384513855, "val_loss_dice_0": 0.9135504364967346, "val_loss_ce_1": 1.9543391466140747, "val_loss_mask_1": 0.29799458384513855, "val_loss_dice_1": 0.9135504364967346, "val_loss_ce_2": 2.3735601902008057, "val_loss_mask_2": 0.33647456765174866, "val_loss_dice_2": 1.05071222782135, "val_loss_ce_3": 2.295835256576538, "val_loss_mask_3": 0.29394328594207764, "val_loss_dice_3": 0.8690465688705444, "val_loss_ce_4": 2.221059560775757, "val_loss_mask_4": 0.27680251002311707, "val_loss_dice_4": 0.7800111174583435, "val_loss_ce_5": 2.293548583984375, "val_loss_mask_5": 0.27204015851020813, "val_loss_dice_5": 0.7456467151641846, "val_loss_ce_6": 2.308537483215332, "val_loss_mask_6": 0.27638503909111023, "val_loss_dice_6": 0.7063233852386475, "val_loss_ce_7": 2.1270270347595215, "val_loss_mask_7": 0.26595187187194824, "val_loss_dice_7": 0.705192506313324, "val_loss_ce_8": 2.0075900554656982, "val_loss_mask_8": 0.2735041677951813, "val_loss_dice_8": 0.7071943879127502, "val_loss_ce_9": 1.9921433925628662, "val_loss_mask_9": 0.26740697026252747, "val_loss_dice_9": 0.6945185661315918, "val_loss_ce_10": 2.016972303390503, "val_loss_mask_10": 0.2678442895412445, "val_loss_dice_10": 0.6827210783958435, "val_loss_ce_11": 2.083758592605591, "val_loss_mask_11": 0.2698360085487366, "val_loss_dice_11": 0.6679532527923584, "val_loss_ce_12": 1.9930835962295532, "val_loss_mask_12": 0.26478999853134155, "val_loss_dice_12": 0.6685241460800171,