{"val_mean_box_ap_25": 0.6305914644612872, "val_mean_box_ap_50": 0.5187112230481061, "val_chair_val_box_ap_50": 0.7927993638576908, "val_cabinet_val_box_ap_50": 0.3650817740089631, "val_otherfurniture_val_box_ap_50": 0.48770915337228016, "val_door_val_box_ap_50": 0.4563449503548896, "val_sink_val_box_ap_50": 0.5451317720879636, "val_window_val_box_ap_50": 0.37267347956165014, "val_counter_val_box_ap_50": 0.48770163497130486, "val_table_val_box_ap_50": 0.6318875553724712, "val_refridgerator_val_box_ap_50": 0.3887670997178637, "val_sofa_val_box_ap_50": 0.46263942905105493, "val_bookshelf_val_box_ap_50": 0.3724607524999877, "val_desk_val_box_ap_50": 0.4219116520333779, "val_picture_val_box_ap_50": 0.2768967942028633, "val_bathtub_val_box_ap_50": 0.8219103351550031, "val_bed_val_box_ap_50": 0.6507017841299128, "val_curtain_val_box_ap_50": 0.5544829477906739, "val_shower_curtain_val_box_ap_50": 0.39131773399014774, "val_toilet_val_box_ap_50": 0.8563838027078106, "val_chair_val_box_ap_25": 0.8546490137708003, "val_cabinet_val_box_ap_25": 0.4821671497790726, "val_otherfurniture_val_box_ap_25": 0.5501575650397754, "val_door_val_box_ap_25": 0.531540033267882, "val_sink_val_box_ap_25": 0.7537459108660405, "val_window_val_box_ap_25": 0.5345389576955174, "val_counter_val_box_ap_25": 0.5607115806494928, "val_table_val_box_ap_25": 0.6943669338820182, "val_refridgerator_val_box_ap_25": 0.5257498585172609, "val_sofa_val_box_ap_25": 0.6923490379252693, "val_bookshelf_val_box_ap_25": 0.4199888100875933, "val_desk_val_box_ap_25": 0.6508492508612309, "val_picture_val_box_ap_25": 0.3137125847567348, "val_bathtub_val_box_ap_25": 0.8556366977801422, "val_bed_val_box_ap_25": 0.76249530275929, "val_curtain_val_box_ap_25": 0.6514852096108605, "val_shower_curtain_val_box_ap_25": 0.5682266009852217, "val_toilet_val_box_ap_25": 0.9482758620689655, "val_cabinet_val_ap": 0.3531162142753601, "val_cabinet_val_ap_50": 0.49802902340888977, "val_cabinet_val_ap_25": 0.6179970502853394, "val_bed_val_ap": 0.5511224269866943, "val_bed_val_ap_50": 0.7612359523773193, "val_bed_val_ap_25": 0.7741230130195618, "val_chair_val_ap": 0.7596641778945923, "val_chair_val_ap_50": 0.8678529262542725, "val_chair_val_ap_25": 0.8897237181663513, "val_sofa_val_ap": 0.35810086131095886, "val_sofa_val_ap_50": 0.5451659560203552, "val_sofa_val_ap_25": 0.730209231376648, "val_table_val_ap": 0.5778298377990723, "val_table_val_ap_50": 0.7267333269119263, "val_table_val_ap_25": 0.7650408744812012, "val_door_val_ap": 0.4617069661617279, "val_door_val_ap_50": 0.5780043005943298, "val_door_val_ap_25": 0.6479194760322571, "val_window_val_ap": 0.33231526613235474, "val_window_val_ap_50": 0.4940454065799713, "val_window_val_ap_25": 0.6348195672035217, "val_bookshelf_val_ap": 0.3220633864402771, "val_bookshelf_val_ap_50": 0.5142526626586914, "val_bookshelf_val_ap_25": 0.6265820860862732, "val_picture_val_ap": 0.38399606943130493, "val_picture_val_ap_50": 0.4835905432701111, "val_picture_val_ap_25": 0.49073687195777893, "val_counter_val_ap": 0.3035154938697815, "val_counter_val_ap_50": 0.4732072651386261, "val_counter_val_ap_25": 0.6010038256645203, "val_desk_val_ap": 0.3017760217189789, "val_desk_val_ap_50": 0.5649363994598389, "val_desk_val_ap_25": 0.6837141513824463, "val_curtain_val_ap": 0.45431098341941833, "val_curtain_val_ap_50": 0.6104015111923218, "val_curtain_val_ap_25": 0.6972644329071045, "val_refrigerator_val_ap": 0.4356352686882019, "val_refrigerator_val_ap_50": 0.5427797436714172, "val_refrigerator_val_ap_25": 0.5433025360107422, "val_shower curtain_val_ap": 0.47640037536621094, "val_shower curtain_val_ap_50": 0.72878098487854, "val_shower curtain_val_ap_25": 0.7999299764633179, "val_toilet_val_ap": 0.8966937065124512, "val_toilet_val_ap_50": 0.9137930870056152, "val_toilet_val_ap_25": 0.9482758641242981, "val_sink_val_ap": 0.5135051012039185, "val_sink_val_ap_50": 0.7185632586479187, "val_sink_val_ap_25": 0.8494130969047546, "val_bathtub_val_ap": 0.7810829281806946, "val_bathtub_val_ap_50": 0.8709677457809448, "val_bathtub_val_ap_25": 0.8709677457809448, "val_otherfurniture_val_ap": 0.5219445824623108, "val_otherfurniture_val_ap_50": 0.6186676621437073, "val_otherfurniture_val_ap_25": 0.6659312844276428, "val_mean_ap": 0.48804330825805664, "val_mean_ap_50": 0.6395004391670227, "val_mean_ap_25": 0.7131641507148743, "val_loss_ce": 1.22147798538208, "val_loss_mask": 0.18267402052879333, "val_loss_dice": 0.35707804560661316, "val_loss_ce_0": 3.8064777851104736, "val_loss_mask_0": 0.5961850881576538, "val_loss_dice_0": 1.874137043952942, "val_loss_ce_1": 1.6996725797653198, "val_loss_mask_1": 0.2967285215854645, "val_loss_dice_1": 0.7563679218292236, "val_loss_ce_2": 1.4696016311645508, "val_loss_mask_2": 0.2328307032585144, "val_loss_dice_2": 0.5272477865219116, "val_loss_ce_3": 1.3056172132492065, "val_loss_mask_3": 0.20167334377765656, "val_loss_dice_3": 0.43885552883148193, "val_loss_ce_4": 1.2383918762207031, "val_loss_mask_4": 0.186512753367424, "val_loss_dice_4": 0.39355379343032837, "val_loss_ce_5": 1.238645076751709, "val_loss_mask_5": 0.19276683032512665, "val_loss_dice_5": 0.3932420611381531, "val_loss_ce_6": 1.2118377685546875, "val_loss_mask_6": 0.19195492565631866, "val_loss_dice_6": 0.38757655024528503, "val_loss_ce_7": 1.1938153505325317, "val_loss_mask_7": 0.18995952606201172, "val_loss_dice_7": 0.3751075267791748, "val_loss_ce_8": 1.2161188125610352, "val_loss_mask_8": 0.1823178380727768, "val_loss_dice_8": 0.3628065586090088, "val_loss_ce_9": 1.220916748046875, "val_loss_mask_9": 0.18688029050827026, "val_loss_dice_9": 0.36452221870422363, "val_loss_ce_10": 1.2118672132492065, "val_loss_mask_10": 0.18730546534061432, "val_loss_dice_10": 0.3669685423374176, "val_loss_ce_11": 1.191293478012085, "val_loss_mask_11": 0.1851508617401123, "val_loss_dice_11": 0.36366966366767883, "val_mean_loss_ce": 1.4789025783538818, "val_mean_loss_mask": 0.23176462948322296, "val_mean_loss_dice": 0.5354717969894409, "epoch": 0, "trainer/global_step": 0, "_timestamp": 1685425202.1356483, "_runtime": 3266.711759328842, "_step": 0, "_wandb": {"runtime": 3266}}