{"lr-AdamW": 4.3157548218313024e-06, "trainer/global_step": 4410, "_timestamp": 1692713105.9673128, "_runtime": 1445.8717777729034, "_step": 33, "train_loss_ce": 5.125740051269531, "train_loss_mask": 2.6324667930603027, "train_loss_dice": 5.648885250091553, "train_loss_bbox": 5.060161113739014, "train_loss_giou": 3.3132224082946777, "train_loss_ce_0": 4.013366222381592, "train_loss_mask_0": 2.3580727577209473, "train_loss_dice_0": 5.4583282470703125, "train_loss_bbox_0": 5.201557636260986, "train_loss_giou_0": 3.6960365772247314, "train_loss_ce_1": 4.6839399337768555, "train_loss_mask_1": 2.325181484222412, "train_loss_dice_1": 5.423699378967285, "train_loss_bbox_1": 5.041365623474121, "train_loss_giou_1": 3.417912483215332, "train_loss_ce_2": 3.0599100589752197, "train_loss_mask_2": 2.4274895191192627, "train_loss_dice_2": 5.33603572845459, "train_loss_bbox_2": 5.04609489440918, "train_loss_giou_2": 3.4905595779418945, "train_loss_ce_3": 3.1882612705230713, "train_loss_mask_3": 2.329281806945801, "train_loss_dice_3": 5.317987442016602, "train_loss_bbox_3": 5.182685375213623, "train_loss_giou_3": 3.394075870513916, "train_loss_ce_4": 3.215775489807129, "train_loss_mask_4": 2.3204729557037354, "train_loss_dice_4": 5.232498645782471, "train_loss_bbox_4": 5.205870628356934, "train_loss_giou_4": 3.496094226837158, "train_loss_ce_5": 3.3842368125915527, "train_loss_mask_5": 2.419093132019043, "train_loss_dice_5": 5.312045097351074, "train_loss_bbox_5": 5.186269760131836, "train_loss_giou_5": 3.551239490509033, "train_loss_ce_6": 3.450202226638794, "train_loss_mask_6": 2.459056854248047, "train_loss_dice_6": 5.2979021072387695, "train_loss_bbox_6": 5.225196838378906, "train_loss_giou_6": 3.588385820388794, "train_loss_ce_7": 3.380753755569458, "train_loss_mask_7": 2.4774069786071777, "train_loss_dice_7": 5.323808670043945, "train_loss_bbox_7": 5.27280330657959, "train_loss_giou_7": 3.40983510017395, "train_loss_ce_8": 3.6692004203796387, "train_loss_mask_8": 2.290408134460449, "train_loss_dice_8": 5.3470659255981445, "train_loss_bbox_8": 5.20391845703125, "train_loss_giou_8": 3.5112884044647217, "train_loss_ce_9": 3.775899648666382, "train_loss_mask_9": 2.4424548149108887, "train_loss_dice_9": 5.428049564361572, "train_loss_bbox_9": 5.221297264099121, "train_loss_giou_9": 3.4872660636901855, "train_loss_ce_10": 3.7071573734283447, "train_loss_mask_10": 2.557910680770874, "train_loss_dice_10": 5.445277214050293, "train_loss_bbox_10": 5.332217693328857, "train_loss_giou_10": 3.4870970249176025, "train_loss_ce_11": 3.605074167251587, "train_loss_mask_11": 2.4636619091033936, "train_loss_dice_11": 5.391495227813721, "train_loss_bbox_11": 5.1796650886535645, "train_loss_giou_11": 3.4502620697021484, "train_mean_loss_ce": 3.712270498275757, "train_mean_loss_mask": 2.423304557800293, "train_mean_loss_dice": 5.381775379180908, "epoch": 10, "train_loss_mean": 245.13006591796875}