{"lr-AdamW": 4.001012781961082e-06, "trainer/global_step": 249, "_timestamp": 1692687451.8956208, "_runtime": 461.090313911438, "_step": 9, "train_loss_ce": 4.045323371887207, "train_loss_mask": 2.1626672744750977, "train_loss_dice": 5.6721649169921875, "train_loss_ce_0": 4.956669807434082, "train_loss_mask_0": 2.0728180408477783, "train_loss_dice_0": 5.586781978607178, "train_loss_ce_1": 5.25860071182251, "train_loss_mask_1": 2.0728180408477783, "train_loss_dice_1": 5.586781978607178, "train_loss_ce_2": 4.250277042388916, "train_loss_mask_2": 2.0647523403167725, "train_loss_dice_2": 5.584466934204102, "train_loss_ce_3": 3.3576159477233887, "train_loss_mask_3": 2.0630075931549072, "train_loss_dice_3": 5.563968181610107, "train_loss_ce_4": 3.1661579608917236, "train_loss_mask_4": 2.04653000831604, "train_loss_dice_4": 5.577948570251465, "train_loss_ce_5": 3.0629830360412598, "train_loss_mask_5": 2.047849178314209, "train_loss_dice_5": 5.593105316162109, "train_loss_ce_6": 3.5334367752075195, "train_loss_mask_6": 2.0697946548461914, "train_loss_dice_6": 5.618464469909668, "train_loss_ce_7": 3.2885162830352783, "train_loss_mask_7": 2.053452968597412, "train_loss_dice_7": 5.622835636138916, "train_loss_ce_8": 3.3242757320404053, "train_loss_mask_8": 2.11379337310791, "train_loss_dice_8": 5.652355194091797, "train_loss_ce_9": 3.194373607635498, "train_loss_mask_9": 2.081782579421997, "train_loss_dice_9": 5.643979549407959, "train_loss_ce_10": 3.578346014022827, "train_loss_mask_10": 2.1247260570526123, "train_loss_dice_10": 5.672591209411621, "train_loss_ce_11": 3.429396867752075, "train_loss_mask_11": 2.123258352279663, "train_loss_dice_11": 5.65942907333374, "train_mean_loss_ce": 3.7266132831573486, "train_mean_loss_mask": 2.0844039916992188, "train_mean_loss_dice": 5.618067264556885, "epoch": 0, "_wandb": {"runtime": 499}}