{"lr-AdamW": 6.094480136280777e-06, "trainer/global_step": 113549, "_timestamp": 1692149927.5751705, "_runtime": 855.8840155601501, "_step": 20, "train_loss_ce": 0.5237365365028381, "train_loss_mask": 0.7969428300857544, "train_loss_dice": 2.199984312057495, "train_loss_ce_0": 2.209263324737549, "train_loss_mask_0": 0.7831946015357971, "train_loss_dice_0": 2.700528621673584, "train_loss_ce_1": 1.929424524307251, "train_loss_mask_1": 0.7661268711090088, "train_loss_dice_1": 2.6650607585906982, "train_loss_ce_2": 0.7698476314544678, "train_loss_mask_2": 0.8060795068740845, "train_loss_dice_2": 2.5637950897216797, "train_loss_ce_3": 0.6546453237533569, "train_loss_mask_3": 0.7468411326408386, "train_loss_dice_3": 2.344752073287964, "train_loss_ce_4": 0.6195455193519592, "train_loss_mask_4": 0.7603606581687927, "train_loss_dice_4": 2.297154664993286, "train_loss_ce_5": 0.7098896503448486, "train_loss_mask_5": 0.7982521057128906, "train_loss_dice_5": 2.2158570289611816, "train_loss_ce_6": 0.5273134112358093, "train_loss_mask_6": 0.9029188752174377, "train_loss_dice_6": 2.2436399459838867, "train_loss_ce_7": 0.508865237236023, "train_loss_mask_7": 0.9117730855941772, "train_loss_dice_7": 2.2598140239715576, "train_loss_ce_8": 0.565199613571167, "train_loss_mask_8": 0.8690982460975647, "train_loss_dice_8": 2.1998324394226074, "train_loss_ce_9": 0.5332703590393066, "train_loss_mask_9": 0.8255561590194702, "train_loss_dice_9": 2.2082300186157227, "train_loss_ce_10": 0.42314037680625916, "train_loss_mask_10": 0.9177466630935669, "train_loss_dice_10": 2.2066850662231445, "train_loss_ce_11": 0.5305900573730469, "train_loss_mask_11": 0.8571064472198486, "train_loss_dice_11": 2.1758718490600586, "train_loss_ce_12": 0.4823124408721924, "train_loss_mask_12": 0.795867919921875, "train_loss_dice_12": 2.2265210151672363, "train_loss_ce_13": 0.48392337560653687, "train_loss_mask_13": 0.8635623455047607, "train_loss_dice_13": 2.2125957012176514, "train_loss_ce_14": 0.4961661994457245, "train_loss_mask_14": 0.7743626832962036, "train_loss_dice_14": 2.2069780826568604, "train_mean_loss_ce": 0.7479458451271057, "train_mean_loss_mask": 0.823486864566803, "train_mean_loss_dice": 2.3079562187194824, "epoch": 283, "train_loss_mean": 68.20310974121094, "_wandb": {"runtime": 882}}