{"lr-AdamW": 6.083508057497917e-06, "trainer/global_step": 113249, "_timestamp": 1692148831.8039231, "_runtime": 1430.3072690963745, "_step": 41, "train_loss_ce": 0.44781407713890076, "train_loss_mask": 0.648689329624176, "train_loss_dice": 1.9468152523040771, "train_loss_ce_0": 3.0434978008270264, "train_loss_mask_0": 1.0648908615112305, "train_loss_dice_0": 2.96610426902771, "train_loss_ce_1": 2.5396618843078613, "train_loss_mask_1": 1.0900994539260864, "train_loss_dice_1": 2.9138541221618652, "train_loss_ce_2": 0.9093944430351257, "train_loss_mask_2": 0.8856673240661621, "train_loss_dice_2": 2.703744888305664, "train_loss_ce_3": 0.7173145413398743, "train_loss_mask_3": 0.7911876440048218, "train_loss_dice_3": 2.473177194595337, "train_loss_ce_4": 0.5996383428573608, "train_loss_mask_4": 0.7769613862037659, "train_loss_dice_4": 2.2659828662872314, "train_loss_ce_5": 0.737179696559906, "train_loss_mask_5": 0.6733547449111938, "train_loss_dice_5": 2.0587589740753174, "train_loss_ce_6": 0.7249572277069092, "train_loss_mask_6": 0.6852200031280518, "train_loss_dice_6": 1.9581984281539917, "train_loss_ce_7": 0.6794666051864624, "train_loss_mask_7": 0.6501888036727905, "train_loss_dice_7": 1.95772123336792, "train_loss_ce_8": 0.6298637986183167, "train_loss_mask_8": 0.6227172017097473, "train_loss_dice_8": 1.929750680923462, "train_loss_ce_9": 0.5830404758453369, "train_loss_mask_9": 0.6070220470428467, "train_loss_dice_9": 1.8904733657836914, "train_loss_ce_10": 0.6255389451980591, "train_loss_mask_10": 0.6155509352684021, "train_loss_dice_10": 1.8812792301177979, "train_loss_ce_11": 0.6229912042617798, "train_loss_mask_11": 0.6208646893501282, "train_loss_dice_11": 1.8821885585784912, "train_loss_ce_12": 0.5488599538803101, "train_loss_mask_12": 0.6415522694587708, "train_loss_dice_12": 1.9228049516677856, "train_loss_ce_13": 0.5071039795875549, "train_loss_mask_13": 0.6138927936553955, "train_loss_dice_13": 1.9186362028121948, "train_loss_ce_14": 0.47789353132247925, "train_loss_mask_14": 0.5796838998794556, "train_loss_dice_14": 1.8664350509643555, "train_mean_loss_ce": 0.8996385335922241, "train_mean_loss_mask": 0.7229714393615723, "train_mean_loss_dice": 2.1584954261779785, "epoch": 282, "train_loss_mean": 67.84410095214844}