{"val_mean_box_ap_25": 0.6240979691339293, "val_mean_box_ap_50": 0.5201584551771851, "val_chair_val_box_ap_50": 0.8113426572779905, "val_sink_val_box_ap_50": 0.5538739936368041, "val_otherfurniture_val_box_ap_50": 0.4927404469280843, "val_window_val_box_ap_50": 0.3433724326075986, "val_cabinet_val_box_ap_50": 0.36274466610194733, "val_counter_val_box_ap_50": 0.45675939177627206, "val_door_val_box_ap_50": 0.49769025317778476, "val_table_val_box_ap_50": 0.6475988204557976, "val_refridgerator_val_box_ap_50": 0.34882195118263226, "val_sofa_val_box_ap_50": 0.4965825205604641, "val_desk_val_box_ap_50": 0.4877348200287196, "val_bookshelf_val_box_ap_50": 0.3883981189728083, "val_picture_val_box_ap_50": 0.26547525902166086, "val_bathtub_val_box_ap_50": 0.7664257201424102, "val_shower_curtain_val_box_ap_50": 0.3537414965986394, "val_bed_val_box_ap_50": 0.6811165163400829, "val_curtain_val_box_ap_50": 0.5997106513828396, "val_toilet_val_box_ap_50": 0.8087224769967958, "val_chair_val_box_ap_25": 0.8756117619808949, "val_sink_val_box_ap_25": 0.7335854415658998, "val_otherfurniture_val_box_ap_25": 0.5435082822563913, "val_window_val_box_ap_25": 0.4980883997565005, "val_cabinet_val_box_ap_25": 0.4745415942443195, "val_counter_val_box_ap_25": 0.5110741462576934, "val_door_val_box_ap_25": 0.5709619232698288, "val_table_val_box_ap_25": 0.7122288357650736, "val_refridgerator_val_box_ap_25": 0.5190826330532213, "val_sofa_val_box_ap_25": 0.7086093345628869, "val_desk_val_box_ap_25": 0.6535476313608108, "val_bookshelf_val_box_ap_25": 0.4228661832211809, "val_picture_val_box_ap_25": 0.29076162073068307, "val_bathtub_val_box_ap_25": 0.803970223325062, "val_shower_curtain_val_box_ap_25": 0.6101190476190477, "val_bed_val_box_ap_25": 0.7639410538214831, "val_curtain_val_box_ap_25": 0.6798724986244834, "val_toilet_val_box_ap_25": 0.861392832995267, "val_cabinet_val_ap": 0.3432501554489136, "val_cabinet_val_ap_50": 0.5043965578079224, "val_cabinet_val_ap_25": 0.6032723188400269, "val_bed_val_ap": 0.5543009638786316, "val_bed_val_ap_50": 0.7728697061538696, "val_bed_val_ap_25": 0.7728697061538696, "val_chair_val_ap": 0.7777337431907654, "val_chair_val_ap_50": 0.8872979283332825, "val_chair_val_ap_25": 0.9099764227867126, "val_sofa_val_ap": 0.39392921328544617, "val_sofa_val_ap_50": 0.5878044962882996, "val_sofa_val_ap_25": 0.7464945912361145, "val_table_val_ap": 0.5887728333473206, "val_table_val_ap_50": 0.7408224940299988, "val_table_val_ap_25": 0.7814446091651917, "val_door_val_ap": 0.48500382900238037, "val_door_val_ap_50": 0.6188116669654846, "val_door_val_ap_25": 0.6874518394470215, "val_window_val_ap": 0.31532320380210876, "val_window_val_ap_50": 0.4845762252807617, "val_window_val_ap_25": 0.6133246421813965, "val_bookshelf_val_ap": 0.30710309743881226, "val_bookshelf_val_ap_50": 0.4907746911048889, "val_bookshelf_val_ap_25": 0.6145562529563904, "val_picture_val_ap": 0.37619543075561523, "val_picture_val_ap_50": 0.45522546768188477, "val_picture_val_ap_25": 0.47878125309944153, "val_counter_val_ap": 0.28027787804603577, "val_counter_val_ap_50": 0.45099082589149475, "val_counter_val_ap_25": 0.551304042339325, "val_desk_val_ap": 0.30939018726348877, "val_desk_val_ap_50": 0.576551616191864, "val_desk_val_ap_25": 0.664463460445404, "val_curtain_val_ap": 0.4803755283355713, "val_curtain_val_ap_50": 0.62688809633255, "val_curtain_val_ap_25": 0.7432506680488586, "val_refrigerator_val_ap": 0.429518461227417, "val_refrigerator_val_ap_50": 0.5565317869186401, "val_refrigerator_val_ap_25": 0.5614035129547119, "val_shower curtain_val_ap": 0.4988382160663605, "val_shower curtain_val_ap_50": 0.7664740681648254, "val_shower curtain_val_ap_25": 0.8032744526863098, "val_toilet_val_ap": 0.805526852607727, "val_toilet_val_ap_50": 0.82723069190979, "val_toilet_val_ap_25": 0.8613791465759277, "val_sink_val_ap": 0.5230831503868103, "val_sink_val_ap_50": 0.6923492550849915, "val_sink_val_ap_25": 0.8384923338890076, "val_bathtub_val_ap": 0.7467241883277893, "val_bathtub_val_ap_50": 0.8064516186714172, "val_bathtub_val_ap_25": 0.8064516186714172, "val_otherfurniture_val_ap": 0.5195943713188171, "val_otherfurniture_val_ap_50": 0.6108933687210083, "val_otherfurniture_val_ap_25": 0.6542010307312012, "val_mean_ap": 0.4852745234966278, "val_mean_ap_50": 0.6364967226982117, "val_mean_ap_25": 0.7051329016685486, "val_loss_ce": 1.2162522077560425, "val_loss_mask": 0.18068160116672516, "val_loss_dice": 0.3462124168872833, "val_loss_ce_0": 3.8064777851104736, "val_loss_mask_0": 0.5956758856773376, "val_loss_dice_0": 1.8743910789489746, "val_loss_ce_1": 1.635406255722046, "val_loss_mask_1": 0.331598162651062, "val_loss_dice_1": 0.7456651329994202, "val_loss_ce_2": 1.3708696365356445, "val_loss_mask_2": 0.2505059540271759, "val_loss_dice_2": 0.5209000110626221, "val_loss_ce_3": 1.2401795387268066, "val_loss_mask_3": 0.21295954287052155, "val_loss_dice_3": 0.42800673842430115, "val_loss_ce_4": 1.1726747751235962, "val_loss_mask_4": 0.19396468997001648, "val_loss_dice_4": 0.3835476040840149, "val_loss_ce_5": 1.1915007829666138, "val_loss_mask_5": 0.19319979846477509, "val_loss_dice_5": 0.3807542324066162, "val_loss_ce_6": 1.1980655193328857, "val_loss_mask_6": 0.19243782758712769, "val_loss_dice_6": 0.37617021799087524, "val_loss_ce_7": 1.1759083271026611, "val_loss_mask_7": 0.18614692986011505, "val_loss_dice_7": 0.3652235269546509, "val_loss_ce_8": 1.1830319166183472, "val_loss_mask_8": 0.1826360523700714, "val_loss_dice_8": 0.35430705547332764, "val_loss_ce_9": 1.2100800275802612, "val_loss_mask_9": 0.18635496497154236, "val_loss_dice_9": 0.355438768863678, "val_loss_ce_10": 1.1648552417755127, "val_loss_mask_10": 0.18661589920520782, "val_loss_dice_10": 0.358182817697525, "val_loss_ce_11": 1.1917879581451416, "val_loss_mask_11": 0.18537648022174835, "val_loss_dice_11": 0.3525647521018982, "val_mean_loss_ce": 1.4428530931472778, "val_mean_loss_mask": 0.2367810606956482, "val_mean_loss_dice": 0.5262588262557983, "epoch": 0, "trainer/global_step": 0, "_timestamp": 1685043003.0510507, "_runtime": 3142.963499546051, "_step": 0, "_wandb": {"runtime": 3142}}