{"val_mean_box_ap_25": 0.6298661216936027, "val_mean_box_ap_50": 0.5101870827972719, "val_chair_val_box_ap_50": 0.8049646821269768, "val_otherfurniture_val_box_ap_50": 0.4860838106111241, "val_door_val_box_ap_50": 0.45934796462291166, "val_cabinet_val_box_ap_50": 0.342216409199533, "val_sink_val_box_ap_50": 0.5095499840218553, "val_window_val_box_ap_50": 0.3593339496574223, "val_table_val_box_ap_50": 0.5379790685463999, "val_counter_val_box_ap_50": 0.4195029916113098, "val_sofa_val_box_ap_50": 0.5521749327592813, "val_bookshelf_val_box_ap_50": 0.34255363587441257, "val_desk_val_box_ap_50": 0.47832630863470316, "val_picture_val_box_ap_50": 0.28548354234340256, "val_bathtub_val_box_ap_50": 0.7760723147819921, "val_shower_curtain_val_box_ap_50": 0.45395162994252314, "val_toilet_val_box_ap_50": 0.8942850253195083, "val_bed_val_box_ap_50": 0.6178826956281795, "val_curtain_val_box_ap_50": 0.5012889906535991, "val_refridgerator_val_box_ap_50": 0.3623695540157587, "val_chair_val_box_ap_25": 0.8667785633676006, "val_otherfurniture_val_box_ap_25": 0.5382817486609435, "val_door_val_box_ap_25": 0.551369703332719, "val_cabinet_val_box_ap_25": 0.5020313385122854, "val_sink_val_box_ap_25": 0.7037008617189023, "val_window_val_box_ap_25": 0.5198246478742379, "val_table_val_box_ap_25": 0.5913512906337298, "val_counter_val_box_ap_25": 0.5112405780160083, "val_sofa_val_box_ap_25": 0.7424763939277601, "val_bookshelf_val_box_ap_25": 0.3723025867238391, "val_desk_val_box_ap_25": 0.6818137091411083, "val_picture_val_box_ap_25": 0.332893950233864, "val_bathtub_val_box_ap_25": 0.8302020560085076, "val_shower_curtain_val_box_ap_25": 0.7645790416480072, "val_toilet_val_box_ap_25": 0.9131661442006271, "val_bed_val_box_ap_25": 0.7602739293772431, "val_curtain_val_box_ap_25": 0.6465676377378693, "val_refridgerator_val_box_ap_25": 0.5087360093695934, "val_cabinet_val_ap": 0.3540211617946625, "val_cabinet_val_ap_50": 0.5047439932823181, "val_cabinet_val_ap_25": 0.6006894111633301, "val_bed_val_ap": 0.5335054397583008, "val_bed_val_ap_50": 0.7482174038887024, "val_bed_val_ap_25": 0.8010398745536804, "val_chair_val_ap": 0.7745468020439148, "val_chair_val_ap_50": 0.8856409192085266, "val_chair_val_ap_25": 0.9065989255905151, "val_sofa_val_ap": 0.4625755548477173, "val_sofa_val_ap_50": 0.6468467116355896, "val_sofa_val_ap_25": 0.7819613814353943, "val_table_val_ap": 0.5224514007568359, "val_table_val_ap_50": 0.6637251377105713, "val_table_val_ap_25": 0.7009612917900085, "val_door_val_ap": 0.4795639216899872, "val_door_val_ap_50": 0.6243324875831604, "val_door_val_ap_25": 0.7029823660850525, "val_window_val_ap": 0.3285154104232788, "val_window_val_ap_50": 0.5215998888015747, "val_window_val_ap_25": 0.6613386273384094, "val_bookshelf_val_ap": 0.30405399203300476, "val_bookshelf_val_ap_50": 0.4549137055873871, "val_bookshelf_val_ap_25": 0.5792249441146851, "val_picture_val_ap": 0.39240989089012146, "val_picture_val_ap_50": 0.4593715965747833, "val_picture_val_ap_25": 0.49008750915527344, "val_counter_val_ap": 0.21815314888954163, "val_counter_val_ap_50": 0.37246382236480713, "val_counter_val_ap_25": 0.5056427121162415, "val_desk_val_ap": 0.3236027657985687, "val_desk_val_ap_50": 0.5400398373603821, "val_desk_val_ap_25": 0.7300014495849609, "val_curtain_val_ap": 0.40497899055480957, "val_curtain_val_ap_50": 0.6010258793830872, "val_curtain_val_ap_25": 0.7084240913391113, "val_refrigerator_val_ap": 0.4161117672920227, "val_refrigerator_val_ap_50": 0.5144935250282288, "val_refrigerator_val_ap_25": 0.5614035129547119, "val_shower curtain_val_ap": 0.5455774664878845, "val_shower curtain_val_ap_50": 0.6981457471847534, "val_shower curtain_val_ap_25": 0.806429922580719, "val_toilet_val_ap": 0.8917725086212158, "val_toilet_val_ap_50": 0.9134708046913147, "val_toilet_val_ap_25": 0.930395781993866, "val_sink_val_ap": 0.46508103609085083, "val_sink_val_ap_50": 0.6487462520599365, "val_sink_val_ap_25": 0.8118469715118408, "val_bathtub_val_ap": 0.7589379549026489, "val_bathtub_val_ap_50": 0.830600380897522, "val_bathtub_val_ap_25": 0.830600380897522, "val_otherfurniture_val_ap": 0.5263916850090027, "val_otherfurniture_val_ap_50": 0.6195772290229797, "val_otherfurniture_val_ap_25": 0.6575197577476501, "val_mean_ap": 0.48345839977264404, "val_mean_ap_50": 0.6248863935470581, "val_mean_ap_25": 0.7092860341072083, "val_loss_ce": 1.128869652748108, "val_loss_mask": 0.17714138329029083, "val_loss_dice": 0.3407084047794342, "val_loss_ce_0": 3.806506872177124, "val_loss_mask_0": 0.5974249839782715, "val_loss_dice_0": 1.8761252164840698, "val_loss_ce_1": 1.588435411453247, "val_loss_mask_1": 0.2739364504814148, "val_loss_dice_1": 0.7242742776870728, "val_loss_ce_2": 1.3824578523635864, "val_loss_mask_2": 0.22466082870960236, "val_loss_dice_2": 0.5091640949249268, "val_loss_ce_3": 1.205861210823059, "val_loss_mask_3": 0.196748748421669, "val_loss_dice_3": 0.4221162497997284, "val_loss_ce_4": 1.127212405204773, "val_loss_mask_4": 0.1888156682252884, "val_loss_dice_4": 0.37865427136421204, "val_loss_ce_5": 1.1256468296051025, "val_loss_mask_5": 0.18669304251670837, "val_loss_dice_5": 0.3775433599948883, "val_loss_ce_6": 1.0941946506500244, "val_loss_mask_6": 0.18501754105091095, "val_loss_dice_6": 0.3755146265029907, "val_loss_ce_7": 1.103947401046753, "val_loss_mask_7": 0.1819191724061966, "val_loss_dice_7": 0.3625982403755188, "val_loss_ce_8": 1.1151123046875, "val_loss_mask_8": 0.17770996689796448, "val_loss_dice_8": 0.35007333755493164, "val_loss_ce_9": 1.1411137580871582, "val_loss_mask_9": 0.17891952395439148, "val_loss_dice_9": 0.35117805004119873, "val_loss_ce_10": 1.111720323562622, "val_loss_mask_10": 0.17860768735408783, "val_loss_dice_10": 0.3537330627441406, "val_loss_ce_11": 1.1246551275253296, "val_loss_mask_11": 0.1764567494392395, "val_loss_dice_11": 0.34908074140548706, "val_mean_loss_ce": 1.3889026641845703, "val_mean_loss_mask": 0.22492705285549164, "val_mean_loss_dice": 0.5208280086517334, "epoch": 0, "trainer/global_step": 0, "_timestamp": 1685688800.5320847, "_runtime": 3279.174540758133, "_step": 0, "_wandb": {"runtime": 3278}}