{"val_mean_box_ap_25": 0.6524860714951477, "val_mean_box_ap_50": 0.5098303122093863, "val_chair_val_box_ap_50": 0.7626309177629322, "val_otherfurniture_val_box_ap_50": 0.4881228799822493, "val_sink_val_box_ap_50": 0.5822929078957662, "val_door_val_box_ap_50": 0.4177107274790209, "val_counter_val_box_ap_50": 0.43599810484415974, "val_cabinet_val_box_ap_50": 0.3610645311856477, "val_table_val_box_ap_50": 0.6220837609612686, "val_window_val_box_ap_50": 0.3323594066847255, "val_refridgerator_val_box_ap_50": 0.4134132718674049, "val_sofa_val_box_ap_50": 0.531946630152133, "val_picture_val_box_ap_50": 0.2663778954430941, "val_bookshelf_val_box_ap_50": 0.30997349302151367, "val_desk_val_box_ap_50": 0.42816456031482797, "val_bathtub_val_box_ap_50": 0.8564396061794606, "val_shower_curtain_val_box_ap_50": 0.23092532467532464, "val_bed_val_box_ap_50": 0.7028056851156267, "val_toilet_val_box_ap_50": 0.9289037586232802, "val_curtain_val_box_ap_50": 0.5057321575805185, "val_chair_val_box_ap_25": 0.8736102236608323, "val_otherfurniture_val_box_ap_25": 0.5536318891691795, "val_sink_val_box_ap_25": 0.752525093558302, "val_door_val_box_ap_25": 0.5176990889948331, "val_counter_val_box_ap_25": 0.6793590556570572, "val_cabinet_val_box_ap_25": 0.5023028352398141, "val_table_val_box_ap_25": 0.7256421723996188, "val_window_val_box_ap_25": 0.5156797978899886, "val_refridgerator_val_box_ap_25": 0.5394616008891181, "val_sofa_val_box_ap_25": 0.7547714176130049, "val_picture_val_box_ap_25": 0.32322370471926676, "val_bookshelf_val_box_ap_25": 0.3468956786448372, "val_desk_val_box_ap_25": 0.6397312290662583, "val_bathtub_val_box_ap_25": 0.8564396061794606, "val_shower_curtain_val_box_ap_25": 0.6466908670033671, "val_bed_val_box_ap_25": 0.7905676410651534, "val_toilet_val_box_ap_25": 1.0, "val_curtain_val_box_ap_25": 0.7265173851625667, "val_cabinet_val_ap": 0.3919680714607239, "val_cabinet_val_ap_50": 0.5799208879470825, "val_cabinet_val_ap_25": 0.7039929628372192, "val_bed_val_ap": 0.5023084282875061, "val_bed_val_ap_50": 0.7360382080078125, "val_bed_val_ap_25": 0.7733945846557617, "val_chair_val_ap": 0.7577491402626038, "val_chair_val_ap_50": 0.9001766443252563, "val_chair_val_ap_25": 0.9439330697059631, "val_sofa_val_ap": 0.3785458207130432, "val_sofa_val_ap_50": 0.5530019402503967, "val_sofa_val_ap_25": 0.797743558883667, "val_table_val_ap": 0.5804973244667053, "val_table_val_ap_50": 0.7651859521865845, "val_table_val_ap_25": 0.823632001876831, "val_door_val_ap": 0.4871324598789215, "val_door_val_ap_50": 0.6843351125717163, "val_door_val_ap_25": 0.7734985947608948, "val_window_val_ap": 0.3490355312824249, "val_window_val_ap_50": 0.5680612325668335, "val_window_val_ap_25": 0.7518185377120972, "val_bookshelf_val_ap": 0.29109635949134827, "val_bookshelf_val_ap_50": 0.5100844502449036, "val_bookshelf_val_ap_25": 0.608953058719635, "val_picture_val_ap": 0.4101141095161438, "val_picture_val_ap_50": 0.49851909279823303, "val_picture_val_ap_25": 0.6229766011238098, "val_counter_val_ap": 0.345184862613678, "val_counter_val_ap_50": 0.5763023495674133, "val_counter_val_ap_25": 0.7399258017539978, "val_desk_val_ap": 0.284877747297287, "val_desk_val_ap_50": 0.5071677565574646, "val_desk_val_ap_25": 0.6776686906814575, "val_curtain_val_ap": 0.4275912046432495, "val_curtain_val_ap_50": 0.6555467844009399, "val_curtain_val_ap_25": 0.8471536636352539, "val_refrigerator_val_ap": 0.47465333342552185, "val_refrigerator_val_ap_50": 0.5652838349342346, "val_refrigerator_val_ap_25": 0.5688601732254028, "val_shower curtain_val_ap": 0.5076715350151062, "val_shower curtain_val_ap_50": 0.7221719622612, "val_shower curtain_val_ap_25": 0.8122705817222595, "val_toilet_val_ap": 0.9489494562149048, "val_toilet_val_ap_50": 1.0, "val_toilet_val_ap_25": 1.0, "val_sink_val_ap": 0.5432098507881165, "val_sink_val_ap_50": 0.7255969643592834, "val_sink_val_ap_25": 0.8941990733146667, "val_bathtub_val_ap": 0.7421690225601196, "val_bathtub_val_ap_50": 0.8709677457809448, "val_bathtub_val_ap_25": 0.8709677457809448, "val_otherfurniture_val_ap": 0.5638236999511719, "val_otherfurniture_val_ap_50": 0.6750249862670898, "val_otherfurniture_val_ap_25": 0.7348605990409851, "val_mean_ap": 0.4992543160915375, "val_mean_ap_50": 0.6718547940254211, "val_mean_ap_25": 0.7747694253921509, "val_loss_ce": 0.9565721750259399, "val_loss_mask": 0.17201940715312958, "val_loss_dice": 0.3611873388290405, "val_loss_ce_0": 1.0202221870422363, "val_loss_mask_0": 0.1914004683494568, "val_loss_dice_0": 0.5141089558601379, "val_loss_ce_1": 1.0202221870422363, "val_loss_mask_1": 0.1914004683494568, "val_loss_dice_1": 0.5141089558601379, "val_loss_ce_2": 0.9602678418159485, "val_loss_mask_2": 0.1867317408323288, "val_loss_dice_2": 0.4774630665779114, "val_loss_ce_3": 0.9251461029052734, "val_loss_mask_3": 0.17798161506652832, "val_loss_dice_3": 0.43493807315826416, "val_loss_ce_4": 0.9372362494468689, "val_loss_mask_4": 0.1753809154033661, "val_loss_dice_4": 0.4091089069843292, "val_loss_ce_5": 0.939491868019104, "val_loss_mask_5": 0.17099866271018982, "val_loss_dice_5": 0.38182568550109863, "val_loss_ce_6": 0.9512637853622437, "val_loss_mask_6": 0.1719485968351364, "val_loss_dice_6": 0.38035181164741516, "val_loss_ce_7": 0.9430515170097351, "val_loss_mask_7": 0.17286507785320282, "val_loss_dice_7": 0.3780307471752167, "val_loss_ce_8": 0.9466389417648315, "val_loss_mask_8": 0.17571678757667542, "val_loss_dice_8": 0.37610602378845215, "val_loss_ce_9": 0.9474470019340515, "val_loss_mask_9": 0.1707538366317749, "val_loss_dice_9": 0.3655555546283722, "val_loss_ce_10": 0.9501197934150696, "val_loss_mask_10": 0.17347683012485504, "val_loss_dice_10": 0.3665538728237152, "val_loss_ce_11": 0.9299635887145996, "val_loss_mask_11": 0.17468349635601044, "val_loss_dice_11": 0.3677166998386383, "val_mean_loss_ce": 0.9559725522994995, "val_mean_loss_mask": 0.1773352175951004, "val_mean_loss_dice": 0.40977349877357483, "epoch": 0, "trainer/global_step": 0, "_timestamp": 1693448144.8408425, "_runtime": 3716.996148586273, "_step": 0, "_wandb": {"runtime": 3716}}