{"lr-AdamW": 4.0003626525874736e-06, "trainer/global_step": 149, "_timestamp": 1692689079.9383705, "_runtime": 362.24954557418823, "_step": 5, "train_loss_ce": 4.662352561950684, "train_loss_mask": 2.548046588897705, "train_loss_dice": 5.552407264709473, "train_loss_ce_0": 5.755667686462402, "train_loss_mask_0": 2.5801098346710205, "train_loss_dice_0": 5.501753330230713, "train_loss_ce_1": 5.730937480926514, "train_loss_mask_1": 2.5816714763641357, "train_loss_dice_1": 5.504181385040283, "train_loss_ce_2": 4.1309919357299805, "train_loss_mask_2": 2.516073226928711, "train_loss_dice_2": 5.500887870788574, "train_loss_ce_3": 3.2343151569366455, "train_loss_mask_3": 2.3040337562561035, "train_loss_dice_3": 5.39148473739624, "train_loss_ce_4": 3.444814443588257, "train_loss_mask_4": 2.3065593242645264, "train_loss_dice_4": 5.350924491882324, "train_loss_ce_5": 3.7512941360473633, "train_loss_mask_5": 2.323615550994873, "train_loss_dice_5": 5.382600784301758, "train_loss_ce_6": 3.5356574058532715, "train_loss_mask_6": 2.3444697856903076, "train_loss_dice_6": 5.463742256164551, "train_loss_ce_7": 3.5366499423980713, "train_loss_mask_7": 2.4162399768829346, "train_loss_dice_7": 5.4539384841918945, "train_loss_ce_8": 3.5197672843933105, "train_loss_mask_8": 2.4215402603149414, "train_loss_dice_8": 5.465166091918945, "train_loss_ce_9": 3.819401741027832, "train_loss_mask_9": 2.4474902153015137, "train_loss_dice_9": 5.506796836853027, "train_loss_ce_10": 3.622215747833252, "train_loss_mask_10": 2.4706783294677734, "train_loss_dice_10": 5.538286209106445, "train_loss_ce_11": 3.5039656162261963, "train_loss_mask_11": 2.505955457687378, "train_loss_dice_11": 5.54329776763916, "train_mean_loss_ce": 4.019079208374023, "train_mean_loss_mask": 2.443575620651245, "train_mean_loss_dice": 5.47349739074707, "epoch": 0}