{"val_mean_box_ap_25": 0.6552694322018573, "val_mean_box_ap_50": 0.5120196950082091, "val_chair_val_box_ap_50": 0.7642930984869365, "val_otherfurniture_val_box_ap_50": 0.4908238311880359, "val_sink_val_box_ap_50": 0.5822929078957662, "val_door_val_box_ap_50": 0.42151498624495265, "val_counter_val_box_ap_50": 0.43599810484415974, "val_cabinet_val_box_ap_50": 0.36296721040296137, "val_table_val_box_ap_50": 0.6254186583380466, "val_window_val_box_ap_50": 0.33451510208699864, "val_refridgerator_val_box_ap_50": 0.4134132718674049, "val_sofa_val_box_ap_50": 0.5413307168558072, "val_picture_val_box_ap_50": 0.26804504879091967, "val_bookshelf_val_box_ap_50": 0.31603864204907367, "val_desk_val_box_ap_50": 0.43489639892248977, "val_bathtub_val_box_ap_50": 0.8564396061794606, "val_shower_curtain_val_box_ap_50": 0.23092532467532464, "val_bed_val_box_ap_50": 0.7028056851156267, "val_toilet_val_box_ap_50": 0.9289037586232802, "val_curtain_val_box_ap_50": 0.5057321575805185, "val_chair_val_box_ap_25": 0.8772682729841534, "val_otherfurniture_val_box_ap_25": 0.5582644560901606, "val_sink_val_box_ap_25": 0.752525093558302, "val_door_val_box_ap_25": 0.5227926147708968, "val_counter_val_box_ap_25": 0.6793590556570572, "val_cabinet_val_box_ap_25": 0.5038526066009141, "val_table_val_box_ap_25": 0.7306120444131, "val_window_val_box_ap_25": 0.5178549791601536, "val_refridgerator_val_box_ap_25": 0.5394616008891181, "val_sofa_val_box_ap_25": 0.7658737173750986, "val_picture_val_box_ap_25": 0.3251972869449498, "val_bookshelf_val_box_ap_25": 0.3534437524198018, "val_desk_val_box_ap_25": 0.6481287993591779, "val_bathtub_val_box_ap_25": 0.8564396061794606, "val_shower_curtain_val_box_ap_25": 0.6466908670033671, "val_bed_val_box_ap_25": 0.7905676410651534, "val_toilet_val_box_ap_25": 1.0, "val_curtain_val_box_ap_25": 0.7265173851625667, "val_cabinet_val_ap": 0.3930479884147644, "val_cabinet_val_ap_50": 0.5826579332351685, "val_cabinet_val_ap_25": 0.7055796980857849, "val_bed_val_ap": 0.5023084282875061, "val_bed_val_ap_50": 0.7360382080078125, "val_bed_val_ap_25": 0.7733945846557617, "val_chair_val_ap": 0.7587222456932068, "val_chair_val_ap_50": 0.9024160504341125, "val_chair_val_ap_25": 0.9462681412696838, "val_sofa_val_ap": 0.38623231649398804, "val_sofa_val_ap_50": 0.5644736886024475, "val_sofa_val_ap_25": 0.8117197751998901, "val_table_val_ap": 0.581470251083374, "val_table_val_ap_50": 0.7667271494865417, "val_table_val_ap_25": 0.8323582410812378, "val_door_val_ap": 0.4924021363258362, "val_door_val_ap_50": 0.6928178668022156, "val_door_val_ap_25": 0.7830915451049805, "val_window_val_ap": 0.3507557809352875, "val_window_val_ap_50": 0.5733824372291565, "val_window_val_ap_25": 0.7542147636413574, "val_bookshelf_val_ap": 0.2987416088581085, "val_bookshelf_val_ap_50": 0.5240033864974976, "val_bookshelf_val_ap_25": 0.6247085928916931, "val_picture_val_ap": 0.41344964504241943, "val_picture_val_ap_50": 0.5048859715461731, "val_picture_val_ap_25": 0.6306405663490295, "val_counter_val_ap": 0.34687453508377075, "val_counter_val_ap_50": 0.5840446352958679, "val_counter_val_ap_25": 0.7489674687385559, "val_desk_val_ap": 0.2882651388645172, "val_desk_val_ap_50": 0.5132268667221069, "val_desk_val_ap_25": 0.6850079894065857, "val_curtain_val_ap": 0.4275912046432495, "val_curtain_val_ap_50": 0.6555467844009399, "val_curtain_val_ap_25": 0.856801450252533, "val_refrigerator_val_ap": 0.47465333342552185, "val_refrigerator_val_ap_50": 0.5652838349342346, "val_refrigerator_val_ap_25": 0.5688601732254028, "val_shower curtain_val_ap": 0.5076715350151062, "val_shower curtain_val_ap_50": 0.7221719622612, "val_shower curtain_val_ap_25": 0.8122705817222595, "val_toilet_val_ap": 0.9489494562149048, "val_toilet_val_ap_50": 1.0, "val_toilet_val_ap_25": 1.0, "val_sink_val_ap": 0.5432098507881165, "val_sink_val_ap_50": 0.7255969643592834, "val_sink_val_ap_25": 0.8941990733146667, "val_bathtub_val_ap": 0.7421690225601196, "val_bathtub_val_ap_50": 0.8709677457809448, "val_bathtub_val_ap_25": 0.8709677457809448, "val_otherfurniture_val_ap": 0.5691148042678833, "val_otherfurniture_val_ap_50": 0.6840939521789551, "val_otherfurniture_val_ap_25": 0.7525277733802795, "val_mean_ap": 0.5014238357543945, "val_mean_ap_50": 0.6760186553001404, "val_mean_ap_25": 0.7806432247161865, "val_loss_ce": 0.956574022769928, "val_loss_mask": 0.172016441822052, "val_loss_dice": 0.36118829250335693, "val_loss_ce_0": 1.0202221870422363, "val_loss_mask_0": 0.1914004683494568, "val_loss_dice_0": 0.5141089558601379, "val_loss_ce_1": 1.0202221870422363, "val_loss_mask_1": 0.1914004683494568, "val_loss_dice_1": 0.5141089558601379, "val_loss_ce_2": 0.9602681398391724, "val_loss_mask_2": 0.1867317110300064, "val_loss_dice_2": 0.477463036775589, "val_loss_ce_3": 0.9251461029052734, "val_loss_mask_3": 0.1779816448688507, "val_loss_dice_3": 0.434937983751297, "val_loss_ce_4": 0.9372335076332092, "val_loss_mask_4": 0.17538024485111237, "val_loss_dice_4": 0.40910860896110535, "val_loss_ce_5": 0.9394897818565369, "val_loss_mask_5": 0.1709984987974167, "val_loss_dice_5": 0.38182559609413147, "val_loss_ce_6": 0.9512627124786377, "val_loss_mask_6": 0.17194832861423492, "val_loss_dice_6": 0.38035154342651367, "val_loss_ce_7": 0.9430481195449829, "val_loss_mask_7": 0.17286494374275208, "val_loss_dice_7": 0.37803027033805847, "val_loss_ce_8": 0.9466380476951599, "val_loss_mask_8": 0.17571638524532318, "val_loss_dice_8": 0.37610602378845215, "val_loss_ce_9": 0.9474480748176575, "val_loss_mask_9": 0.17075346410274506, "val_loss_dice_9": 0.3655560314655304, "val_loss_ce_10": 0.9501461386680603, "val_loss_mask_10": 0.17347685992717743, "val_loss_dice_10": 0.366556316614151, "val_loss_ce_11": 0.9299741387367249, "val_loss_mask_11": 0.17468443512916565, "val_loss_dice_11": 0.36771780252456665, "val_mean_loss_ce": 0.9559748768806458, "val_mean_loss_mask": 0.17733491957187653, "val_mean_loss_dice": 0.4097737967967987, "epoch": 0, "trainer/global_step": 0, "_timestamp": 1693453845.7818153, "_runtime": 4000.372851371765, "_step": 0, "_wandb": {"runtime": 4000}}