{"val_mean_box_ap_25": 0.624617171699295, "val_mean_box_ap_50": 0.49206857014946603, "val_chair_val_box_ap_50": 0.7502294792342123, "val_otherfurniture_val_box_ap_50": 0.46546747883537065, "val_sink_val_box_ap_50": 0.5822929078957662, "val_door_val_box_ap_50": 0.404733784811003, "val_counter_val_box_ap_50": 0.42071166714392894, "val_cabinet_val_box_ap_50": 0.33484699538476714, "val_table_val_box_ap_50": 0.5829767175527778, "val_window_val_box_ap_50": 0.31533159458888416, "val_refridgerator_val_box_ap_50": 0.3716271878375536, "val_sofa_val_box_ap_50": 0.5199847082300354, "val_bookshelf_val_box_ap_50": 0.27753393026656403, "val_desk_val_box_ap_50": 0.3926835191620489, "val_bathtub_val_box_ap_50": 0.8564396061794606, "val_picture_val_box_ap_50": 0.24595839600151245, "val_shower_curtain_val_box_ap_50": 0.20711580086580086, "val_bed_val_box_ap_50": 0.7028056851156267, "val_toilet_val_box_ap_50": 0.9289037586232802, "val_curtain_val_box_ap_50": 0.4975910449617939, "val_chair_val_box_ap_25": 0.8570040055622337, "val_otherfurniture_val_box_ap_25": 0.522601528489877, "val_sink_val_box_ap_25": 0.7460387781018869, "val_door_val_box_ap_25": 0.4932083333070969, "val_counter_val_box_ap_25": 0.6598354757886498, "val_cabinet_val_box_ap_25": 0.47116798472599647, "val_table_val_box_ap_25": 0.670539336135785, "val_window_val_box_ap_25": 0.4779472007287592, "val_refridgerator_val_box_ap_25": 0.48974600408210855, "val_sofa_val_box_ap_25": 0.7405374764090906, "val_bookshelf_val_box_ap_25": 0.3122003408787014, "val_desk_val_box_ap_25": 0.6001084348198515, "val_bathtub_val_box_ap_25": 0.8564396061794606, "val_picture_val_box_ap_25": 0.2993531192096738, "val_shower_curtain_val_box_ap_25": 0.5776184463684465, "val_bed_val_box_ap_25": 0.7806910978552769, "val_toilet_val_box_ap_25": 1.0, "val_curtain_val_box_ap_25": 0.6880719219444152, "val_cabinet_val_ap": 0.36249926686286926, "val_cabinet_val_ap_50": 0.5322562456130981, "val_cabinet_val_ap_25": 0.6412633657455444, "val_bed_val_ap": 0.5023084282875061, "val_bed_val_ap_50": 0.7360382080078125, "val_bed_val_ap_25": 0.7733945846557617, "val_chair_val_ap": 0.7443614602088928, "val_chair_val_ap_50": 0.8807000517845154, "val_chair_val_ap_25": 0.9149953126907349, "val_sofa_val_ap": 0.37356680631637573, "val_sofa_val_ap_50": 0.5394325256347656, "val_sofa_val_ap_25": 0.7819751501083374, "val_table_val_ap": 0.5522323250770569, "val_table_val_ap_50": 0.711345374584198, "val_table_val_ap_25": 0.753021776676178, "val_door_val_ap": 0.46770647168159485, "val_door_val_ap_50": 0.6430805325508118, "val_door_val_ap_25": 0.7214028239250183, "val_window_val_ap": 0.324956476688385, "val_window_val_ap_50": 0.5165679454803467, "val_window_val_ap_25": 0.655005156993866, "val_bookshelf_val_ap": 0.2610834240913391, "val_bookshelf_val_ap_50": 0.44249069690704346, "val_bookshelf_val_ap_25": 0.5475677251815796, "val_picture_val_ap": 0.35807955265045166, "val_picture_val_ap_50": 0.4385937750339508, "val_picture_val_ap_25": 0.5152745246887207, "val_counter_val_ap": 0.33286353945732117, "val_counter_val_ap_50": 0.5542725920677185, "val_counter_val_ap_25": 0.714320719242096, "val_desk_val_ap": 0.26033151149749756, "val_desk_val_ap_50": 0.46425431966781616, "val_desk_val_ap_25": 0.6352920532226562, "val_curtain_val_ap": 0.4209391176700592, "val_curtain_val_ap_50": 0.6344373822212219, "val_curtain_val_ap_25": 0.797565758228302, "val_refrigerator_val_ap": 0.43166524171829224, "val_refrigerator_val_ap_50": 0.5038493871688843, "val_refrigerator_val_ap_25": 0.5038493871688843, "val_shower curtain_val_ap": 0.47517499327659607, "val_shower curtain_val_ap_50": 0.6927253007888794, "val_shower curtain_val_ap_25": 0.7803168892860413, "val_toilet_val_ap": 0.9489494562149048, "val_toilet_val_ap_50": 1.0, "val_toilet_val_ap_25": 1.0, "val_sink_val_ap": 0.5432098507881165, "val_sink_val_ap_50": 0.7255969643592834, "val_sink_val_ap_25": 0.8846737146377563, "val_bathtub_val_ap": 0.7421690225601196, "val_bathtub_val_ap_50": 0.8709677457809448, "val_bathtub_val_ap_25": 0.8709677457809448, "val_otherfurniture_val_ap": 0.5291562080383301, "val_otherfurniture_val_ap_50": 0.6220048069953918, "val_otherfurniture_val_ap_25": 0.6661529541015625, "val_mean_ap": 0.47951406240463257, "val_mean_ap_50": 0.6393674612045288, "val_mean_ap_25": 0.7309466600418091, "val_loss_ce": 0.956573486328125, "val_loss_mask": 0.1720196157693863, "val_loss_dice": 0.36118754744529724, "val_loss_ce_0": 1.0202221870422363, "val_loss_mask_0": 0.1914004534482956, "val_loss_dice_0": 0.5141089558601379, "val_loss_ce_1": 1.0202221870422363, "val_loss_mask_1": 0.1914004534482956, "val_loss_dice_1": 0.5141089558601379, "val_loss_ce_2": 0.9602678418159485, "val_loss_mask_2": 0.1867317408323288, "val_loss_dice_2": 0.477463036775589, "val_loss_ce_3": 0.9251461029052734, "val_loss_mask_3": 0.17798161506652832, "val_loss_dice_3": 0.43493807315826416, "val_loss_ce_4": 0.9372363090515137, "val_loss_mask_4": 0.1753809005022049, "val_loss_dice_4": 0.4091089069843292, "val_loss_ce_5": 0.939491868019104, "val_loss_mask_5": 0.17099866271018982, "val_loss_dice_5": 0.38182568550109863, "val_loss_ce_6": 0.9512637257575989, "val_loss_mask_6": 0.1719485968351364, "val_loss_dice_6": 0.38035181164741516, "val_loss_ce_7": 0.9430514574050903, "val_loss_mask_7": 0.172865092754364, "val_loss_dice_7": 0.3780307471752167, "val_loss_ce_8": 0.9466391801834106, "val_loss_mask_8": 0.17571677267551422, "val_loss_dice_8": 0.37610605359077454, "val_loss_ce_9": 0.9474470615386963, "val_loss_mask_9": 0.1707538366317749, "val_loss_dice_9": 0.3655555248260498, "val_loss_ce_10": 0.9501198530197144, "val_loss_mask_10": 0.17347688972949982, "val_loss_dice_10": 0.36655393242836, "val_loss_ce_11": 0.9299639463424683, "val_loss_mask_11": 0.17468369007110596, "val_loss_dice_11": 0.3677167594432831, "val_mean_loss_ce": 0.9559726715087891, "val_mean_loss_mask": 0.17733526229858398, "val_mean_loss_dice": 0.4097735285758972, "epoch": 0, "trainer/global_step": 0, "_timestamp": 1693385404.737481, "_runtime": 3803.74574303627, "_step": 0, "_wandb": {"runtime": 3802}}