{"val_mean_box_ap_25": 0.44567897770848347, "val_mean_box_ap_50": 0.3808398377740672, "val_chair_val_box_ap_50": 0.7424663814072343, "val_sink_val_box_ap_50": 0.5308246833344343, "val_otherfurniture_val_box_ap_50": 0.27914720128169873, "val_window_val_box_ap_50": 0.2332002846053549, "val_door_val_box_ap_50": 0.3123928863771416, "val_cabinet_val_box_ap_50": 0.17540786168435585, "val_table_val_box_ap_50": 0.3612775829324091, "val_refridgerator_val_box_ap_50": 0.14619883040935672, "val_desk_val_box_ap_50": 0.33271725824656206, "val_sofa_val_box_ap_50": 0.5429742560749453, "val_picture_val_box_ap_50": 0.18284455728378254, "val_bathtub_val_box_ap_50": 0.7419354838709677, "val_shower_curtain_val_box_ap_50": 0.22997835497835495, "val_toilet_val_box_ap_50": 0.8522949409648916, "val_curtain_val_box_ap_50": 0.33995539543661, "val_bed_val_box_ap_50": 0.6689931528228565, "val_counter_val_box_ap_50": 0.08974358974358974, "val_bookshelf_val_box_ap_50": 0.0927643784786642, "val_chair_val_box_ap_25": 0.7980553254187855, "val_sink_val_box_ap_25": 0.681326362013271, "val_otherfurniture_val_box_ap_25": 0.3072578024872649, "val_window_val_box_ap_25": 0.3665798026172975, "val_door_val_box_ap_25": 0.36506178011247853, "val_cabinet_val_box_ap_25": 0.2409957071345849, "val_table_val_box_ap_25": 0.388503826001811, "val_refridgerator_val_box_ap_25": 0.19433198380566796, "val_desk_val_box_ap_25": 0.49927297805139687, "val_sofa_val_box_ap_25": 0.6976124675394861, "val_picture_val_box_ap_25": 0.18284455728378254, "val_bathtub_val_box_ap_25": 0.7419354838709677, "val_shower_curtain_val_box_ap_25": 0.28273809523809523, "val_toilet_val_box_ap_25": 0.9310344827586208, "val_curtain_val_box_ap_25": 0.3976239492194202, "val_bed_val_box_ap_25": 0.7388980013364923, "val_counter_val_box_ap_25": 0.11538461538461539, "val_bookshelf_val_box_ap_25": 0.0927643784786642, "val_cabinet_val_ap": 0.14946770668029785, "val_cabinet_val_ap_50": 0.23681698739528656, "val_cabinet_val_ap_25": 0.32606127858161926, "val_bed_val_ap": 0.46741431951522827, "val_bed_val_ap_50": 0.7392358779907227, "val_bed_val_ap_25": 0.7392358779907227, "val_chair_val_ap": 0.7042927145957947, "val_chair_val_ap_50": 0.8033450245857239, "val_chair_val_ap_25": 0.8162205815315247, "val_sofa_val_ap": 0.438275009393692, "val_sofa_val_ap_50": 0.6156283020973206, "val_sofa_val_ap_25": 0.7196452617645264, "val_table_val_ap": 0.3338947296142578, "val_table_val_ap_50": 0.4113187789916992, "val_table_val_ap_25": 0.4283917248249054, "val_door_val_ap": 0.3124437928199768, "val_door_val_ap_50": 0.4042910635471344, "val_door_val_ap_25": 0.4305536150932312, "val_window_val_ap": 0.25866174697875977, "val_window_val_ap_50": 0.3909250497817993, "val_window_val_ap_25": 0.4597444534301758, "val_bookshelf_val_ap": 0.09631405025720596, "val_bookshelf_val_ap_50": 0.12987013161182404, "val_bookshelf_val_ap_25": 0.12987013161182404, "val_picture_val_ap": 0.25616928935050964, "val_picture_val_ap_50": 0.2791518568992615, "val_picture_val_ap_25": 0.284101665019989, "val_counter_val_ap": 0.02625272423028946, "val_counter_val_ap_50": 0.06241830065846443, "val_counter_val_ap_25": 0.11764705926179886, "val_desk_val_ap": 0.23353098332881927, "val_desk_val_ap_50": 0.39468395709991455, "val_desk_val_ap_25": 0.515792727470398, "val_curtain_val_ap": 0.26381397247314453, "val_curtain_val_ap_50": 0.3560347557067871, "val_curtain_val_ap_25": 0.39938464760780334, "val_refrigerator_val_ap": 0.150718554854393, "val_refrigerator_val_ap_50": 0.22807016968727112, "val_refrigerator_val_ap_25": 0.22807016968727112, "val_shower curtain_val_ap": 0.36309492588043213, "val_shower curtain_val_ap_50": 0.5195782780647278, "val_shower curtain_val_ap_25": 0.5195782780647278, "val_toilet_val_ap": 0.8907328248023987, "val_toilet_val_ap_50": 0.9137930870056152, "val_toilet_val_ap_25": 0.931034505367279, "val_sink_val_ap": 0.48241403698921204, "val_sink_val_ap_50": 0.653573751449585, "val_sink_val_ap_25": 0.8333333134651184, "val_bathtub_val_ap": 0.6086880564689636, "val_bathtub_val_ap_50": 0.7419354915618896, "val_bathtub_val_ap_25": 0.7419354915618896, "val_otherfurniture_val_ap": 0.293906033039093, "val_otherfurniture_val_ap_50": 0.34390392899513245, "val_otherfurniture_val_ap_25": 0.359768807888031, "val_mean_ap": 0.351671427488327, "val_mean_ap_50": 0.4569208323955536, "val_mean_ap_25": 0.4989094138145447, "val_loss_ce": 2.0036890506744385, "val_loss_mask": 0.18634657561779022, "val_loss_dice": 0.4011692702770233, "val_loss_ce_0": 1.700027585029602, "val_loss_mask_0": 0.24728311598300934, "val_loss_dice_0": 0.7035635113716125, "val_loss_ce_1": 1.700027585029602, "val_loss_mask_1": 0.24728311598300934, "val_loss_dice_1": 0.7035635113716125, "val_loss_ce_2": 4.574733734130859, "val_loss_mask_2": 0.24204906821250916, "val_loss_dice_2": 0.6659364104270935, "val_loss_ce_3": 2.8596274852752686, "val_loss_mask_3": 0.21587447822093964, "val_loss_dice_3": 0.5767600536346436, "val_loss_ce_4": 2.631678581237793, "val_loss_mask_4": 0.20526570081710815, "val_loss_dice_4": 0.504027247428894, "val_loss_ce_5": 2.1460115909576416, "val_loss_mask_5": 0.19675135612487793, "val_loss_dice_5": 0.4676690995693207, "val_loss_ce_6": 2.2146735191345215, "val_loss_mask_6": 0.1868627965450287, "val_loss_dice_6": 0.44430306553840637, "val_loss_ce_7": 2.248751401901245, "val_loss_mask_7": 0.18757542967796326, "val_loss_dice_7": 0.4452388286590576, "val_loss_ce_8": 2.019325017929077, "val_loss_mask_8": 0.19281722605228424, "val_loss_dice_8": 0.44057732820510864, "val_loss_ce_9": 1.9654669761657715, "val_loss_mask_9": 0.19474901258945465, "val_loss_dice_9": 0.4278182089328766, "val_loss_ce_10": 1.8860958814620972, "val_loss_mask_10": 0.19316703081130981, "val_loss_dice_10": 0.4261053800582886, "val_loss_ce_11": 1.9711825847625732, "val_loss_mask_11": 0.18726161122322083, "val_loss_dice_11": 0.41518235206604004, "val_loss_ce_12": 2.0357744693756104, "val_loss_mask_12": 0.18283945322036743, "val_loss_dice_12": 0.41824227571487427, "val_loss_ce_13": 1.9598122835159302, "val_loss_mask_13": 0.19301548600196838, "val_loss_dice_13": 0.4170733392238617, "val_loss_ce_14": 1.9895391464233398, "val_loss_mask_14": 0.19330406188964844, "val_loss_dice_14": 0.40804722905158997, "val_mean_loss_ce": 2.2441511154174805, "val_mean_loss_mask": 0.2032778412103653, "val_mean_loss_dice": 0.4915798306465149, "epoch": 0, "trainer/global_step": 0, "_timestamp": 1692090687.1355855, "_runtime": 2989.190940618515, "_step": 0, "_wandb": {"runtime": 2988}}