{"lr-AdamW": 2.290548961144702e-05, "trainer/global_step": 35249, "_timestamp": 1692938920.8159719, "_runtime": 10999.552374839783, "_step": 287, "train_loss_ce": 0.7568374872207642, "train_loss_mask": 0.8961611390113831, "train_loss_dice": 2.918154716491699, "train_loss_ce_0": 2.7832300662994385, "train_loss_mask_0": 1.0678207874298096, "train_loss_dice_0": 3.4748690128326416, "train_loss_ce_1": 2.6419506072998047, "train_loss_mask_1": 1.0692243576049805, "train_loss_dice_1": 3.479372501373291, "train_loss_ce_2": 1.2049044370651245, "train_loss_mask_2": 0.9614130854606628, "train_loss_dice_2": 3.3414387702941895, "train_loss_ce_3": 0.9744315147399902, "train_loss_mask_3": 0.8593641519546509, "train_loss_dice_3": 3.1045918464660645, "train_loss_ce_4": 0.7962003946304321, "train_loss_mask_4": 0.9214710593223572, "train_loss_dice_4": 3.0298776626586914, "train_loss_ce_5": 0.9033945798873901, "train_loss_mask_5": 0.8769819140434265, "train_loss_dice_5": 2.8710720539093018, "train_loss_ce_6": 0.5922954082489014, "train_loss_mask_6": 0.835035502910614, "train_loss_dice_6": 2.919492721557617, "train_loss_ce_7": 0.5766649842262268, "train_loss_mask_7": 0.8595412373542786, "train_loss_dice_7": 2.8989198207855225, "train_loss_ce_8": 0.6346986889839172, "train_loss_mask_8": 0.8651469945907593, "train_loss_dice_8": 2.9187026023864746, "train_loss_ce_9": 0.6569249629974365, "train_loss_mask_9": 0.8853303790092468, "train_loss_dice_9": 2.8864591121673584, "train_loss_ce_10": 0.6231451630592346, "train_loss_mask_10": 0.8930116295814514, "train_loss_dice_10": 2.928330659866333, "train_loss_ce_11": 0.7070060968399048, "train_loss_mask_11": 0.8641018867492676, "train_loss_dice_11": 2.9390769004821777, "train_mean_loss_ce": 1.0655142068862915, "train_mean_loss_mask": 0.9118926525115967, "train_mean_loss_dice": 3.054642915725708, "epoch": 87, "train_loss_mean": 71.94976043701172}