{"lr-AdamW": 5.622306787505447e-05, "trainer/global_step": 149973, "_timestamp": 1691135362.0859709, "_runtime": 208482.7939298153, "_step": 6378, "train_loss_ce": 0.23152972757816315, "train_loss_mask": 0.2867048978805542, "train_loss_dice": 0.8004040718078613, "train_loss_ce_0": 1.7209423780441284, "train_loss_mask_0": 0.5168155431747437, "train_loss_dice_0": 1.6792107820510864, "train_loss_ce_1": 1.7209423780441284, "train_loss_mask_1": 0.5168155431747437, "train_loss_dice_1": 1.6792107820510864, "train_loss_ce_2": 0.7466960549354553, "train_loss_mask_2": 0.4729495048522949, "train_loss_dice_2": 1.4186031818389893, "train_loss_ce_3": 0.4298118054866791, "train_loss_mask_3": 0.35871946811676025, "train_loss_dice_3": 1.1326590776443481, "train_loss_ce_4": 0.5025909543037415, "train_loss_mask_4": 0.3298267424106598, "train_loss_dice_4": 1.0102375745773315, "train_loss_ce_5": 0.30059814453125, "train_loss_mask_5": 0.3068299889564514, "train_loss_dice_5": 0.9037140011787415, "train_loss_ce_6": 0.18695670366287231, "train_loss_mask_6": 0.3105407655239105, "train_loss_dice_6": 0.8602266907691956, "train_loss_ce_7": 0.21070577204227448, "train_loss_mask_7": 0.3036273121833801, "train_loss_dice_7": 0.8610557913780212, "train_loss_ce_8": 0.2117457091808319, "train_loss_mask_8": 0.3153146505355835, "train_loss_dice_8": 0.8743037581443787, "train_loss_ce_9": 0.15624438226222992, "train_loss_mask_9": 0.301990807056427, "train_loss_dice_9": 0.856157660484314, "train_loss_ce_10": 0.18842512369155884, "train_loss_mask_10": 0.2878899574279785, "train_loss_dice_10": 0.8412370681762695, "train_loss_ce_11": 0.16473017632961273, "train_loss_mask_11": 0.27206337451934814, "train_loss_dice_11": 0.8062979578971863, "train_loss_ce_12": 0.19450774788856506, "train_loss_mask_12": 0.28091439604759216, "train_loss_dice_12": 0.7946275472640991, "train_loss_ce_13": 0.15664388239383698, "train_loss_mask_13": 0.29897385835647583, "train_loss_dice_13": 0.8303478956222534, "train_loss_ce_14": 0.1563127338886261, "train_loss_mask_14": 0.2879912853240967, "train_loss_dice_14": 0.8230787515640259, "train_mean_loss_ce": 0.45496147871017456, "train_mean_loss_mask": 0.3404980003833771, "train_mean_loss_dice": 1.0107108354568481, "epoch": 373, "train_loss_mean": 35.0858154296875, "val_mean_box_ap_25": 0.6045531337029859, "val_mean_box_ap_50": 0.4319414582357962, "val_refridgerator_val_box_ap_50": 0.3813454512398352, "val_bathtub_val_box_ap_50": 0.659872808091602, "val_cabinet_val_box_ap_50": 0.32948809665311396, "val_table_val_box_ap_50": 0.4741235149403794, "val_chair_val_box_ap_50": 0.6487636244214413, "val_otherfurniture_val_box_ap_50": 0.4792416293383275, "val_window_val_box_ap_50": 0.25533201156878954, "val_counter_val_box_ap_50": 0.3100956471091095, "val_sink_val_box_ap_50": 0.5858660061109635, "val_door_val_box_ap_50": 0.38137475523237296, "val_refridgerator_val_box_ap_25": 0.6040870109570028, "val_bathtub_val_box_ap_25": 0.8027718040621267, "val_cabinet_val_box_ap_25": 0.5015528997045117, "val_table_val_box_ap_25": 0.6257161711608303, "val_chair_val_box_ap_25": 0.7805871771879127, "val_otherfurniture_val_box_ap_25": 0.554456274205194, "val_window_val_box_ap_25": 0.4811327382827092, "val_counter_val_box_ap_25": 0.5061701363492181, "val_sink_val_box_ap_25": 0.7331080980932466, "val_door_val_box_ap_25": 0.5113889100056587, "val_cabinet_val_ap": 0.35264191031455994, "val_cabinet_val_ap_50": 0.5684195160865784, "val_cabinet_val_ap_25": 0.7203662991523743, "val_bed_val_ap": 0.4595702886581421, "val_bed_val_ap_50": 0.7419493794441223, "val_bed_val_ap_25": 0.8330960273742676, "val_chair_val_ap": 0.693435549736023, "val_chair_val_ap_50": 0.8583961725234985, "val_chair_val_ap_25": 0.9257920384407043, "val_sofa_val_ap": 0.4422353506088257, "val_sofa_val_ap_50": 0.6580995917320251, "val_sofa_val_ap_25": 0.8409547805786133, "val_table_val_ap": 0.5444737076759338, "val_table_val_ap_50": 0.7477314472198486, "val_table_val_ap_25": 0.8412386178970337, "val_door_val_ap": 0.40836992859840393, "val_door_val_ap_50": 0.6010206937789917, "val_door_val_ap_25": 0.778020977973938, "val_window_val_ap": 0.29632073640823364, "val_window_val_ap_50": 0.52301025390625, "val_window_val_ap_25": 0.754163920879364, "val_bookshelf_val_ap": 0.2178352326154709, "val_bookshelf_val_ap_50": 0.4185362756252289, "val_bookshelf_val_ap_25": 0.5659240484237671, "val_picture_val_ap": 0.45167872309684753, "val_picture_val_ap_50": 0.5882155299186707, "val_picture_val_ap_25": 0.6387688517570496, "val_counter_val_ap": 0.22643788158893585, "val_counter_val_ap_50": 0.4897201359272003, "val_counter_val_ap_25": 0.6823208332061768, "val_desk_val_ap": 0.283846378326416, "val_desk_val_ap_50": 0.5368902683258057, "val_desk_val_ap_25": 0.7537690997123718, "val_curtain_val_ap": 0.24188044667243958, "val_curtain_val_ap_50": 0.4776785969734192, "val_curtain_val_ap_25": 0.6976196765899658, "val_refrigerator_val_ap": 0.5571984648704529, "val_refrigerator_val_ap_50": 0.7125118374824524, "val_refrigerator_val_ap_25": 0.7293798327445984, "val_shower curtain_val_ap": 0.49460935592651367, "val_shower curtain_val_ap_50": 0.6781455874443054, "val_shower curtain_val_ap_25": 0.7399336695671082, "val_toilet_val_ap": 0.7679873704910278, "val_toilet_val_ap_50": 0.9131603240966797, "val_toilet_val_ap_25": 0.9231821298599243, "val_sink_val_ap": 0.5189722180366516, "val_sink_val_ap_50": 0.7058997750282288, "val_sink_val_ap_25": 0.9145832657814026, "val_bathtub_val_ap": 0.7256606221199036, "val_bathtub_val_ap_50": 0.8697943091392517, "val_bathtub_val_ap_25": 0.8697943091392517, "val_otherfurniture_val_ap": 0.547297477722168, "val_otherfurniture_val_ap_50": 0.692803144454956, "val_otherfurniture_val_ap_25": 0.7701199054718018, "val_mean_ap": 0.4572473168373108, "val_mean_ap_50": 0.6545546054840088, "val_mean_ap_25": 0.7766126990318298, "val_loss_ce": 0.8508810997009277, "val_loss_mask": 0.1760944128036499, "val_loss_dice": 0.4185016453266144, "val_loss_ce_0": 1.6622470617294312, "val_loss_mask_0": 0.2440340220928192, "val_loss_dice_0": 0.7025889158248901, "val_loss_ce_1": 1.6622470617294312, "val_loss_mask_1": 0.2440340220928192, "val_loss_dice_1": 0.7025889158248901, "val_loss_ce_2": 1.2003746032714844, "val_loss_mask_2": 0.21789924800395966, "val_loss_dice_2": 0.6508126854896545, "val_loss_ce_3": 0.9806154370307922, "val_loss_mask_3": 0.19958209991455078, "val_loss_dice_3": 0.5723847150802612, "val_loss_ce_4": 0.8941587805747986, "val_loss_mask_4": 0.1910300850868225, "val_loss_dice_4": 0.5099325180053711, "val_loss_ce_5": 0.8685886859893799, "val_loss_mask_5": 0.18031954765319824, "val_loss_dice_5": 0.47607070207595825, "val_loss_ce_6": 0.862888514995575, "val_loss_mask_6": 0.1755828857421875, "val_loss_dice_6": 0.4483257830142975, "val_loss_ce_7": 0.8230870366096497, "val_loss_mask_7": 0.17840160429477692, "val_loss_dice_7": 0.4492826461791992, "val_loss_ce_8": 0.8264732360839844, "val_loss_mask_8": 0.17560239136219025, "val_loss_dice_8": 0.4512624740600586, "val_loss_ce_9": 0.8432117700576782, "val_loss_mask_9": 0.17309212684631348, "val_loss_dice_9": 0.44135627150535583, "val_loss_ce_10": 0.826781153678894, "val_loss_mask_10": 0.17452865839004517, "val_loss_dice_10": 0.4350096583366394, "val_loss_ce_11": 0.8399991393089294, "val_loss_mask_11": 0.1736721694469452, "val_loss_dice_11": 0.4247848093509674, "val_loss_ce_12": 0.7980090975761414, "val_loss_mask_12": 0.17513419687747955, "val_loss_dice_12": 0.4279882311820984, "val_loss_ce_13": 0.818472683429718, "val_loss_mask_13": 0.17422111332416534, "val_loss_dice_13": 0.43273574113845825, "val_loss_ce_14": 0.8228349685668945, "val_loss_mask_14": 0.1739702969789505, "val_loss_dice_14": 0.42938464879989624, "val_mean_loss_ce": 0.9738044142723083, "val_mean_loss_mask": 0.18919992446899414, "val_mean_loss_dice": 0.49831315875053406, "val_desk_val_box_ap_50": 0.3509753792737016, "val_bed_val_box_ap_50": 0.42894696800760124, "val_bookshelf_val_box_ap_50": 0.19824143226753813,