{"lr-AdamW": 8.85047649971303e-06, "trainer/global_step": 173649, "_timestamp": 1692251426.3563426, "_runtime": 1722.8789465427399, "_step": 52, "train_loss_ce": 0.23336835205554962, "train_loss_mask": 0.6294586658477783, "train_loss_dice": 0.9891130924224854, "train_loss_ce_0": 2.0235791206359863, "train_loss_mask_0": 0.7568048238754272, "train_loss_dice_0": 1.6181424856185913, "train_loss_ce_1": 1.6429779529571533, "train_loss_mask_1": 0.7247830629348755, "train_loss_dice_1": 1.604714274406433, "train_loss_ce_2": 0.36200106143951416, "train_loss_mask_2": 0.7251191139221191, "train_loss_dice_2": 1.5379120111465454, "train_loss_ce_3": 0.3641965985298157, "train_loss_mask_3": 0.6119993925094604, "train_loss_dice_3": 1.3921630382537842, "train_loss_ce_4": 0.28917863965034485, "train_loss_mask_4": 0.5783455967903137, "train_loss_dice_4": 1.2393571138381958, "train_loss_ce_5": 0.29370495676994324, "train_loss_mask_5": 0.597519040107727, "train_loss_dice_5": 1.117920160293579, "train_loss_ce_6": 0.30250173807144165, "train_loss_mask_6": 0.6025240421295166, "train_loss_dice_6": 0.9929850697517395, "train_loss_ce_7": 0.25811871886253357, "train_loss_mask_7": 0.6225636601448059, "train_loss_dice_7": 1.0400029420852661, "train_loss_ce_8": 0.23917511105537415, "train_loss_mask_8": 0.568336009979248, "train_loss_dice_8": 1.0565664768218994, "train_loss_ce_9": 0.2160092294216156, "train_loss_mask_9": 0.5398737192153931, "train_loss_dice_9": 1.1315854787826538, "train_loss_ce_10": 0.23735582828521729, "train_loss_mask_10": 0.5571879744529724, "train_loss_dice_10": 1.078914761543274, "train_loss_ce_11": 0.2233535349369049, "train_loss_mask_11": 0.5822692513465881, "train_loss_dice_11": 1.0042355060577393, "train_loss_ce_12": 0.20690400898456573, "train_loss_mask_12": 0.5884917378425598, "train_loss_dice_12": 1.0191588401794434, "train_loss_ce_13": 0.2304137945175171, "train_loss_mask_13": 0.5485824346542358, "train_loss_dice_13": 0.9947119355201721, "train_loss_ce_14": 0.21241949498653412, "train_loss_mask_14": 0.5612761378288269, "train_loss_dice_14": 1.0245157480239868, "train_mean_loss_ce": 0.45845362544059753, "train_mean_loss_mask": 0.6121959090232849, "train_mean_loss_dice": 1.1776249408721924, "epoch": 433, "train_loss_mean": 52.696136474609375}