{"lr-AdamW": 1.7800555581228496e-05, "trainer/global_step": 17899, "_timestamp": 1685132751.3528264, "_runtime": 18260.75989341736, "_step": 759, "train_loss_ce": 1.0079419612884521, "train_loss_mask": 0.8701947331428528, "train_loss_dice": 4.180130958557129, "train_loss_ce_0": 5.409489154815674, "train_loss_mask_0": 1.2928968667984009, "train_loss_dice_0": 5.700435638427734, "train_loss_ce_1": 1.4413222074508667, "train_loss_mask_1": 0.8325558304786682, "train_loss_dice_1": 4.220245361328125, "train_loss_ce_2": 1.3939478397369385, "train_loss_mask_2": 0.8052669763565063, "train_loss_dice_2": 4.1794233322143555, "train_loss_ce_3": 1.529279351234436, "train_loss_mask_3": 0.8293561935424805, "train_loss_dice_3": 4.145133972167969, "train_loss_ce_4": 1.5229161977767944, "train_loss_mask_4": 0.8517518043518066, "train_loss_dice_4": 4.134539604187012, "train_loss_ce_5": 1.241326093673706, "train_loss_mask_5": 0.8821206092834473, "train_loss_dice_5": 4.124582767486572, "train_loss_ce_6": 1.099815845489502, "train_loss_mask_6": 0.9025951623916626, "train_loss_dice_6": 4.169766426086426, "train_loss_ce_7": 1.0377556085586548, "train_loss_mask_7": 0.880325973033905, "train_loss_dice_7": 4.1824212074279785, "train_loss_ce_8": 1.180683970451355, "train_loss_mask_8": 0.8754220604896545, "train_loss_dice_8": 4.157525539398193, "train_loss_ce_9": 1.0230814218521118, "train_loss_mask_9": 0.8859553337097168, "train_loss_dice_9": 4.218990325927734, "train_loss_ce_10": 0.9237003326416016, "train_loss_mask_10": 0.8912597894668579, "train_loss_dice_10": 4.213639736175537, "train_loss_ce_11": 0.9980144500732422, "train_loss_mask_11": 0.8985611796379089, "train_loss_dice_11": 4.19903564453125, "train_mean_loss_ce": 1.5237903594970703, "train_mean_loss_mask": 0.8998663425445557, "train_mean_loss_dice": 4.294297695159912, "epoch": 44, "train_loss_mean": 85.64330291748047}