{"lr-AdamW": 9.998050223630944e-05, "trainer/global_step": 73799, "_timestamp": 1691947215.9629643, "_runtime": 104712.9651453495, "_step": 3138, "train_loss_ce": 0.14189720153808594, "train_loss_mask": 0.451689213514328, "train_loss_dice": 1.1008741855621338, "train_loss_ce_0": 1.6146799325942993, "train_loss_mask_0": 0.7709144353866577, "train_loss_dice_0": 2.3761138916015625, "train_loss_ce_1": 1.0092991590499878, "train_loss_mask_1": 0.751981794834137, "train_loss_dice_1": 2.2881712913513184, "train_loss_ce_2": 0.7083866000175476, "train_loss_mask_2": 0.638463020324707, "train_loss_dice_2": 1.9199810028076172, "train_loss_ce_3": 0.609529972076416, "train_loss_mask_3": 0.5019616484642029, "train_loss_dice_3": 1.563206672668457, "train_loss_ce_4": 0.373679518699646, "train_loss_mask_4": 0.4335092008113861, "train_loss_dice_4": 1.2929718494415283, "train_loss_ce_5": 0.2647092938423157, "train_loss_mask_5": 0.4522815942764282, "train_loss_dice_5": 1.2619421482086182, "train_loss_ce_6": 0.21099379658699036, "train_loss_mask_6": 0.4452483654022217, "train_loss_dice_6": 1.2172094583511353, "train_loss_ce_7": 0.2255735546350479, "train_loss_mask_7": 0.4569432735443115, "train_loss_dice_7": 1.163377046585083, "train_loss_ce_8": 0.2175425887107849, "train_loss_mask_8": 0.41320133209228516, "train_loss_dice_8": 1.1116344928741455, "train_loss_ce_9": 0.1607159972190857, "train_loss_mask_9": 0.4193406105041504, "train_loss_dice_9": 1.1203038692474365, "train_loss_ce_10": 0.1538243442773819, "train_loss_mask_10": 0.4461778700351715, "train_loss_dice_10": 1.094106674194336, "train_loss_ce_11": 0.13643287122249603, "train_loss_mask_11": 0.4501991271972656, "train_loss_dice_11": 1.0886982679367065, "train_loss_ce_12": 0.15192271769046783, "train_loss_mask_12": 0.45085251331329346, "train_loss_dice_12": 1.0696794986724854, "train_loss_ce_13": 0.15852445363998413, "train_loss_mask_13": 0.44493240118026733, "train_loss_dice_13": 1.1261305809020996, "train_loss_ce_14": 0.1469811052083969, "train_loss_mask_14": 0.43245434761047363, "train_loss_dice_14": 1.0980994701385498, "train_mean_loss_ce": 0.39279332756996155, "train_mean_loss_mask": 0.4975094199180603, "train_mean_loss_dice": 1.3682812452316284, "epoch": 184, "train_loss_mean": 43.812965393066406, "val_mean_box_ap_25": 0.3832943534369474, "val_mean_box_ap_50": 0.2403914785307528, "val_cabinet_val_box_ap_50": 0.11831818484499973, "val_table_val_box_ap_50": 0.2149896224001739, "val_chair_val_box_ap_50": 0.457010262094355, "val_otherfurniture_val_box_ap_50": 0.34172041654319474, "val_refridgerator_val_box_ap_50": 0.07014634860072756, "val_window_val_box_ap_50": 0.06285617140687043, "val_counter_val_box_ap_50": 0.1781832226933954, "val_sink_val_box_ap_50": 0.34008001707259455, "val_door_val_box_ap_50": 0.16509530559057753, "val_cabinet_val_box_ap_25": 0.2308532285789604, "val_table_val_box_ap_25": 0.31600635370505065, "val_chair_val_box_ap_25": 0.5892003708644795, "val_otherfurniture_val_box_ap_25": 0.4131144225526652, "val_refridgerator_val_box_ap_25": 0.20446112779554804, "val_window_val_box_ap_25": 0.15148464155236607, "val_counter_val_box_ap_25": 0.2659927741108633, "val_sink_val_box_ap_25": 0.5079160663077625, "val_door_val_box_ap_25": 0.24366967054001104, "val_cabinet_val_ap": 0.1306631863117218, "val_cabinet_val_ap_50": 0.2742248773574829, "val_cabinet_val_ap_25": 0.43700110912323, "val_bed_val_ap": 0.2039383202791214, "val_bed_val_ap_50": 0.5109286904335022, "val_bed_val_ap_25": 0.6321634650230408, "val_chair_val_ap": 0.5044220685958862, "val_chair_val_ap_50": 0.700587809085846, "val_chair_val_ap_25": 0.8295295834541321, "val_sofa_val_ap": 0.33155882358551025, "val_sofa_val_ap_50": 0.5803380608558655, "val_sofa_val_ap_25": 0.7556213736534119, "val_table_val_ap": 0.24500785768032074, "val_table_val_ap_50": 0.39891037344932556, "val_table_val_ap_25": 0.6041369438171387, "val_door_val_ap": 0.1791972815990448, "val_door_val_ap_50": 0.3100683093070984, "val_door_val_ap_25": 0.5463038682937622, "val_window_val_ap": 0.07464683055877686, "val_window_val_ap_50": 0.19480586051940918, "val_window_val_ap_25": 0.41751551628112793, "val_bookshelf_val_ap": 0.07221022993326187, "val_bookshelf_val_ap_50": 0.217856764793396, "val_bookshelf_val_ap_25": 0.38476988673210144, "val_picture_val_ap": 0.20370721817016602, "val_picture_val_ap_50": 0.28780630230903625, "val_picture_val_ap_25": 0.3802354633808136, "val_counter_val_ap": 0.06013255938887596, "val_counter_val_ap_50": 0.1691197156906128, "val_counter_val_ap_25": 0.31799063086509705, "val_desk_val_ap": 0.06363227218389511, "val_desk_val_ap_50": 0.1489274799823761, "val_desk_val_ap_25": 0.38910624384880066, "val_curtain_val_ap": 0.13870957493782043, "val_curtain_val_ap_50": 0.2576904594898224, "val_curtain_val_ap_25": 0.4352528750896454, "val_refrigerator_val_ap": 0.19856205582618713, "val_refrigerator_val_ap_50": 0.33162087202072144, "val_refrigerator_val_ap_25": 0.47194287180900574, "val_shower curtain_val_ap": 0.2389269322156906, "val_shower curtain_val_ap_50": 0.48638245463371277, "val_shower curtain_val_ap_25": 0.5290492177009583, "val_toilet_val_ap": 0.69112628698349, "val_toilet_val_ap_50": 0.8629831075668335, "val_toilet_val_ap_25": 0.8648557066917419, "val_sink_val_ap": 0.3509194254875183, "val_sink_val_ap_50": 0.5499924421310425, "val_sink_val_ap_25": 0.7554337978363037, "val_bathtub_val_ap": 0.4035666286945343, "val_bathtub_val_ap_50": 0.706459105014801, "val_bathtub_val_ap_25": 0.774193525314331, "val_otherfurniture_val_ap": 0.429797500371933, "val_otherfurniture_val_ap_50": 0.5649338960647583, "val_otherfurniture_val_ap_25": 0.6638661623001099, "val_mean_ap": 0.2511513829231262, "val_mean_ap_50": 0.4196464717388153, "val_mean_ap_25": 0.5660538077354431, "val_loss_ce": 1.887454867362976, "val_loss_mask": 0.2627306580543518, "val_loss_dice": 0.6035885214805603, "val_loss_ce_0": 2.156472682952881, "val_loss_mask_0": 0.3339862823486328, "val_loss_dice_0": 0.9683364629745483, "val_loss_ce_1": 2.156472682952881, "val_loss_mask_1": 0.3339862823486328, "val_loss_dice_1": 0.9683364629745483, "val_loss_ce_2": 3.3556697368621826, "val_loss_mask_2": 0.3283464014530182, "val_loss_dice_2": 0.9085562825202942, "val_loss_ce_3": 2.822779893875122, "val_loss_mask_3": 0.2968842089176178, "val_loss_dice_3": 0.7874987125396729, "val_loss_ce_4": 2.8249363899230957, "val_loss_mask_4": 0.2671507000923157, "val_loss_dice_4": 0.7134368419647217, "val_loss_ce_5": 2.6346170902252197, "val_loss_mask_5": 0.24740633368492126, "val_loss_dice_5": 0.6850956082344055, "val_loss_ce_6": 2.5967397689819336, "val_loss_mask_6": 0.25263386964797974, "val_loss_dice_6": 0.6453726291656494, "val_loss_ce_7": 2.5993950366973877, "val_loss_mask_7": 0.2704404890537262, "val_loss_dice_7": 0.6507006287574768, "val_loss_ce_8": 2.219844341278076, "val_loss_mask_8": 0.2767643928527832, "val_loss_dice_8": 0.6740114092826843, "val_loss_ce_9": 2.187621593475342, "val_loss_mask_9": 0.26227012276649475, "val_loss_dice_9": 0.6444860696792603, "val_loss_ce_10": 2.1546661853790283, "val_loss_mask_10": 0.24817219376564026, "val_loss_dice_10": 0.6379470229148865, "val_loss_ce_11": 2.0452446937561035, "val_loss_mask_11": 0.25851237773895264, "val_loss_dice_11": 0.6183406710624695, "val_loss_ce_12": 2.103245496749878, "val_loss_mask_12": 0.2636426091194153, "val_loss_dice_12": 0.619858980178833, "val_loss_ce_13": 1.943946123123169, "val_loss_mask_13": 0.2735193967819214, "val_loss_dice_13": 0.6523873209953308, "val_loss_ce_14": 1.9988772869110107, "val_loss_mask_14": 0.2634853720664978, "val_loss_dice_14": 0.6240754723548889, "val_mean_loss_ce": 2.355499029159546, "val_mean_loss_mask": 0.27749574184417725, "val_mean_loss_dice": 0.7126268148422241, "val_shower_curtain_val_box_ap_50": 0.14527361029872826, "val_sofa_val_box_ap_50": 0.4118877979009257, "val_curtain_val_box_ap_50": 0.20299673201307064, "val_bathtub_val_box_ap_50": 0.5731917451412543, "val_bed_val_box_ap_50": 0.1816065861207981,