{"lr-AdamW": 4.000086697024714e-10, "trainer/global_step": 241000, "_timestamp": 1692570671.2661693, "_runtime": 53906.71532726288, "_step": 1416, "train_loss_ce": 0.03408701717853546, "train_loss_mask": 0.1828211545944214, "train_loss_dice": 0.6642688512802124, "train_loss_ce_0": 1.426569938659668, "train_loss_mask_0": 0.45087164640426636, "train_loss_dice_0": 1.9549504518508911, "train_loss_ce_1": 1.1482572555541992, "train_loss_mask_1": 0.4051463007926941, "train_loss_dice_1": 1.8165395259857178, "train_loss_ce_2": 0.5123291611671448, "train_loss_mask_2": 0.3537048101425171, "train_loss_dice_2": 1.5297837257385254, "train_loss_ce_3": 0.341285765171051, "train_loss_mask_3": 0.2622604966163635, "train_loss_dice_3": 1.130306601524353, "train_loss_ce_4": 0.14360259473323822, "train_loss_mask_4": 0.24036094546318054, "train_loss_dice_4": 0.9376844167709351, "train_loss_ce_5": 0.09806752949953079, "train_loss_mask_5": 0.211317241191864, "train_loss_dice_5": 0.8583312034606934, "train_loss_ce_6": 0.07352910935878754, "train_loss_mask_6": 0.18640562891960144, "train_loss_dice_6": 0.7411845922470093, "train_loss_ce_7": 0.06995635479688644, "train_loss_mask_7": 0.18418774008750916, "train_loss_dice_7": 0.7509352564811707, "train_loss_ce_8": 0.07237118482589722, "train_loss_mask_8": 0.20423412322998047, "train_loss_dice_8": 0.7785045504570007, "train_loss_ce_9": 0.06245569512248039, "train_loss_mask_9": 0.19315490126609802, "train_loss_dice_9": 0.7272285223007202, "train_loss_ce_10": 0.04764337092638016, "train_loss_mask_10": 0.18074320256710052, "train_loss_dice_10": 0.6937575936317444, "train_loss_ce_11": 0.034172456711530685, "train_loss_mask_11": 0.1805950105190277, "train_loss_dice_11": 0.6747680902481079, "train_loss_ce_12": 0.03636028617620468, "train_loss_mask_12": 0.19305577874183655, "train_loss_dice_12": 0.678253173828125, "train_loss_ce_13": 0.032844435423612595, "train_loss_mask_13": 0.19368410110473633, "train_loss_dice_13": 0.6987389922142029, "train_loss_ce_14": 0.03728094324469566, "train_loss_mask_14": 0.18270225822925568, "train_loss_dice_14": 0.6504746079444885, "train_mean_loss_ce": 0.2606758177280426, "train_mean_loss_mask": 0.2378278374671936, "train_mean_loss_dice": 0.9553568959236145, "epoch": 600, "train_loss_mean": 26.982837677001953, "val_mean_box_ap_25": 0.5487442331919675, "val_mean_box_ap_50": 0.4273926342621276, "val_chair_val_box_ap_50": 0.7986132545061506, "val_otherfurniture_val_box_ap_50": 0.4028768282397237, "val_sink_val_box_ap_50": 0.5379052746835306, "val_cabinet_val_box_ap_50": 0.25674458789539145, "val_table_val_box_ap_50": 0.5012528769754199, "val_door_val_box_ap_50": 0.42639966239783167, "val_window_val_box_ap_50": 0.21588464732947255, "val_counter_val_box_ap_50": 0.17965046313520858, "val_refridgerator_val_box_ap_50": 0.358324104810343, "val_picture_val_box_ap_50": 0.22412669015123773, "val_sofa_val_box_ap_50": 0.5305405388701507, "val_desk_val_box_ap_50": 0.30033117006483945, "val_bookshelf_val_box_ap_50": 0.2379051211464305, "val_curtain_val_box_ap_50": 0.3318532446907662, "val_chair_val_box_ap_25": 0.8743674191464896, "val_otherfurniture_val_box_ap_25": 0.4505981406952624, "val_sink_val_box_ap_25": 0.7196820501555121, "val_cabinet_val_box_ap_25": 0.35813858644204744, "val_table_val_box_ap_25": 0.5766304867793235, "val_door_val_box_ap_25": 0.5337539440891432, "val_window_val_box_ap_25": 0.37545692475269693, "val_counter_val_box_ap_25": 0.36029678273486915, "val_refridgerator_val_box_ap_25": 0.43761664687072466, "val_picture_val_box_ap_25": 0.2558647656267869, "val_sofa_val_box_ap_25": 0.7353971772830531, "val_desk_val_box_ap_25": 0.5147918253774537, "val_bookshelf_val_box_ap_25": 0.2844963335833844, "val_curtain_val_box_ap_25": 0.41043576200325144, "val_cabinet_val_ap": 0.26129037141799927, "val_cabinet_val_ap_50": 0.44218891859054565, "val_cabinet_val_ap_25": 0.565796971321106, "val_bed_val_ap": 0.4163999855518341, "val_bed_val_ap_50": 0.6743690967559814, "val_bed_val_ap_25": 0.7002344131469727, "val_chair_val_ap": 0.7697641849517822, "val_chair_val_ap_50": 0.8955790996551514, "val_chair_val_ap_25": 0.9279195666313171, "val_sofa_val_ap": 0.41026633977890015, "val_sofa_val_ap_50": 0.6663913130760193, "val_sofa_val_ap_25": 0.7732400298118591, "val_table_val_ap": 0.48424381017684937, "val_table_val_ap_50": 0.664269208908081, "val_table_val_ap_25": 0.7413511872291565, "val_door_val_ap": 0.45271703600883484, "val_door_val_ap_50": 0.6301894187927246, "val_door_val_ap_25": 0.7538583278656006, "val_window_val_ap": 0.2574402987957001, "val_window_val_ap_50": 0.44841495156288147, "val_window_val_ap_25": 0.5817859172821045, "val_bookshelf_val_ap": 0.17006871104240417, "val_bookshelf_val_ap_50": 0.3120744824409485, "val_bookshelf_val_ap_25": 0.5691019296646118, "val_picture_val_ap": 0.3645619750022888, "val_picture_val_ap_50": 0.44953998923301697, "val_picture_val_ap_25": 0.5264526605606079, "val_counter_val_ap": 0.14735423028469086, "val_counter_val_ap_50": 0.2835220396518707, "val_counter_val_ap_25": 0.5006394982337952, "val_desk_val_ap": 0.1704472452402115, "val_desk_val_ap_50": 0.3559858500957489, "val_desk_val_ap_25": 0.5675469040870667, "val_curtain_val_ap": 0.23819318413734436, "val_curtain_val_ap_50": 0.3806731104850769, "val_curtain_val_ap_25": 0.5276906490325928, "val_refrigerator_val_ap": 0.4834233224391937, "val_refrigerator_val_ap_50": 0.5780857801437378, "val_refrigerator_val_ap_25": 0.6129713654518127, "val_shower curtain_val_ap": 0.5624923706054688, "val_shower curtain_val_ap_50": 0.6897514462471008, "val_shower curtain_val_ap_25": 0.7271924018859863, "val_toilet_val_ap": 0.9060426354408264, "val_toilet_val_ap_50": 0.9767401218414307, "val_toilet_val_ap_25": 0.9768781661987305, "val_sink_val_ap": 0.5091288685798645, "val_sink_val_ap_50": 0.661795973777771, "val_sink_val_ap_25": 0.8663862943649292, "val_bathtub_val_ap": 0.4600757956504822, "val_bathtub_val_ap_50": 0.674052357673645, "val_bathtub_val_ap_25": 0.7347909808158875, "val_otherfurniture_val_ap": 0.4878305494785309, "val_otherfurniture_val_ap_50": 0.6053237318992615, "val_otherfurniture_val_ap_25": 0.6633124351501465, "val_mean_ap": 0.4195411503314972, "val_mean_ap_50": 0.5771636962890625, "val_mean_ap_25": 0.6842861175537109, "val_loss_ce": 2.5276694297790527, "val_loss_mask": 0.18383799493312836, "val_loss_dice": 0.3935333490371704, "val_loss_ce_0": 1.727094054222107, "val_loss_mask_0": 0.25532492995262146, "val_loss_dice_0": 0.7269018888473511, "val_loss_ce_1": 1.727094054222107, "val_loss_mask_1": 0.25532492995262146, "val_loss_dice_1": 0.7269018888473511, "val_loss_ce_2": 4.590213298797607, "val_loss_mask_2": 0.2595309317111969, "val_loss_dice_2": 0.6596207618713379, "val_loss_ce_3": 2.6021151542663574, "val_loss_mask_3": 0.22308532893657684, "val_loss_dice_3": 0.554896354675293, "val_loss_ce_4": 2.9357552528381348, "val_loss_mask_4": 0.19799597561359406, "val_loss_dice_4": 0.48900747299194336, "val_loss_ce_5": 2.6484534740448, "val_loss_mask_5": 0.18829908967018127, "val_loss_dice_5": 0.45393267273902893, "val_loss_ce_6": 2.8351521492004395, "val_loss_mask_6": 0.18987280130386353, "val_loss_dice_6": 0.42733752727508545, "val_loss_ce_7": 2.7613513469696045, "val_loss_mask_7": 0.1981426477432251, "val_loss_dice_7": 0.4258973300457001, "val_loss_ce_8": 2.5860817432403564, "val_loss_mask_8": 0.19840429723262787, "val_loss_dice_8": 0.418703556060791, "val_loss_ce_9": 2.534869909286499, "val_loss_mask_9": 0.19361788034439087, "val_loss_dice_9": 0.4112967848777771, "val_loss_ce_10": 2.482438564300537, "val_loss_mask_10": 0.18967941403388977, "val_loss_dice_10": 0.405740886926651, "val_loss_ce_11": 2.6142406463623047, "val_loss_mask_11": 0.18756639957427979, "val_loss_dice_11": 0.40120843052864075, "val_loss_ce_12": 2.643165349960327, "val_loss_mask_12": 0.19116422533988953, "val_loss_dice_12": 0.4030435383319855, "val_loss_ce_13": 2.4679269790649414, "val_loss_mask_13": 0.1938764750957489, "val_loss_dice_13": 0.4005556106567383,