{"lr-AdamW": 5.3162608519153466e-05, "trainer/global_step": 255249, "_timestamp": 1693357950.5736344, "_runtime": 415436.51773929596, "_step": 10772, "train_loss_ce": 0.30457326769828796, "train_loss_mask": 0.2658568322658539, "train_loss_dice": 0.7590075135231018, "train_loss_ce_0": 0.839117705821991, "train_loss_mask_0": 0.6440882682800293, "train_loss_dice_0": 1.4240069389343262, "train_loss_ce_1": 0.839117705821991, "train_loss_mask_1": 0.6440882682800293, "train_loss_dice_1": 1.4240069389343262, "train_loss_ce_2": 0.6319625377655029, "train_loss_mask_2": 0.5750013589859009, "train_loss_dice_2": 1.3111939430236816, "train_loss_ce_3": 0.5475589036941528, "train_loss_mask_3": 0.4632563889026642, "train_loss_dice_3": 1.0664308071136475, "train_loss_ce_4": 0.5346701741218567, "train_loss_mask_4": 0.2956043481826782, "train_loss_dice_4": 0.9009000658988953, "train_loss_ce_5": 0.5699784159660339, "train_loss_mask_5": 0.28202372789382935, "train_loss_dice_5": 0.7764467597007751, "train_loss_ce_6": 0.38285329937934875, "train_loss_mask_6": 0.2768239974975586, "train_loss_dice_6": 0.7831329107284546, "train_loss_ce_7": 0.31389370560646057, "train_loss_mask_7": 0.26605966687202454, "train_loss_dice_7": 0.8061834573745728, "train_loss_ce_8": 0.33083853125572205, "train_loss_mask_8": 0.25435659289360046, "train_loss_dice_8": 0.7294520735740662, "train_loss_ce_9": 0.3239377439022064, "train_loss_mask_9": 0.260871559381485, "train_loss_dice_9": 0.7422106862068176, "train_loss_ce_10": 0.28547388315200806, "train_loss_mask_10": 0.277279257774353, "train_loss_dice_10": 0.7725853323936462, "train_loss_ce_11": 0.2543955445289612, "train_loss_mask_11": 0.2757168412208557, "train_loss_dice_11": 0.7817220687866211, "train_mean_loss_ce": 0.47372087836265564, "train_mean_loss_mask": 0.36777132749557495, "train_mean_loss_dice": 0.9444060921669006, "epoch": 636, "train_loss_mean": 20.787485122680664, "val_mean_box_ap_25": 0.6097373124813728, "val_mean_box_ap_50": 0.4496998548878456, "val_chair_val_box_ap_50": 0.6808134502043908, "val_table_val_box_ap_50": 0.4929057817782446, "val_door_val_box_ap_50": 0.4312144912317616, "val_window_val_box_ap_50": 0.2712674686071972, "val_cabinet_val_box_ap_50": 0.3976754210892095, "val_otherfurniture_val_box_ap_50": 0.4687620971517976, "val_refridgerator_val_box_ap_50": 0.2793245720877984, "val_counter_val_box_ap_50": 0.4427611335543208, "val_sink_val_box_ap_50": 0.5838072543487531, "val_chair_val_box_ap_25": 0.8254211999355239, "val_table_val_box_ap_25": 0.6452854887032328, "val_door_val_box_ap_25": 0.5526962275544129, "val_window_val_box_ap_25": 0.46830186118659745, "val_cabinet_val_box_ap_25": 0.5246704737895445, "val_otherfurniture_val_box_ap_25": 0.5329500383778325, "val_refridgerator_val_box_ap_25": 0.5433495823594268, "val_counter_val_box_ap_25": 0.6242323832481795, "val_sink_val_box_ap_25": 0.7560120296049159, "val_cabinet_val_ap": 0.3918203115463257, "val_cabinet_val_ap_50": 0.5941518545150757, "val_cabinet_val_ap_25": 0.7481881380081177, "val_bed_val_ap": 0.4973713159561157, "val_bed_val_ap_50": 0.72896409034729, "val_bed_val_ap_25": 0.7774643301963806, "val_chair_val_ap": 0.7063676714897156, "val_chair_val_ap_50": 0.8764453530311584, "val_chair_val_ap_25": 0.9426275491714478, "val_sofa_val_ap": 0.46828970313072205, "val_sofa_val_ap_50": 0.6704315543174744, "val_sofa_val_ap_25": 0.8615193367004395, "val_table_val_ap": 0.5054128170013428, "val_table_val_ap_50": 0.7005336880683899, "val_table_val_ap_25": 0.8023667931556702, "val_door_val_ap": 0.4506268799304962, "val_door_val_ap_50": 0.6432991623878479, "val_door_val_ap_25": 0.7782990336418152, "val_window_val_ap": 0.30208685994148254, "val_window_val_ap_50": 0.5290505886077881, "val_window_val_ap_25": 0.7351476550102234, "val_bookshelf_val_ap": 0.19222958385944366, "val_bookshelf_val_ap_50": 0.33481675386428833, "val_bookshelf_val_ap_25": 0.545017421245575, "val_picture_val_ap": 0.3740958869457245, "val_picture_val_ap_50": 0.4755999743938446, "val_picture_val_ap_25": 0.5746251344680786, "val_counter_val_ap": 0.3214666545391083, "val_counter_val_ap_50": 0.5743739008903503, "val_counter_val_ap_25": 0.7406052947044373, "val_desk_val_ap": 0.260744571685791, "val_desk_val_ap_50": 0.5490972995758057, "val_desk_val_ap_25": 0.8009247183799744, "val_curtain_val_ap": 0.33221596479415894, "val_curtain_val_ap_50": 0.5614703297615051, "val_curtain_val_ap_25": 0.7264993190765381, "val_refrigerator_val_ap": 0.4044134020805359, "val_refrigerator_val_ap_50": 0.5560557246208191, "val_refrigerator_val_ap_25": 0.6837127804756165, "val_shower curtain_val_ap": 0.3822000026702881, "val_shower curtain_val_ap_50": 0.6795156002044678, "val_shower curtain_val_ap_25": 0.8392834067344666, "val_toilet_val_ap": 0.910601019859314, "val_toilet_val_ap_50": 0.9655172228813171, "val_toilet_val_ap_25": 1.0, "val_sink_val_ap": 0.5526027679443359, "val_sink_val_ap_50": 0.7396007180213928, "val_sink_val_ap_25": 0.9140727519989014, "val_bathtub_val_ap": 0.7574222087860107, "val_bathtub_val_ap_50": 0.8709677457809448, "val_bathtub_val_ap_25": 0.8709677457809448, "val_otherfurniture_val_ap": 0.5699656009674072, "val_otherfurniture_val_ap_50": 0.6939702033996582, "val_otherfurniture_val_ap_25": 0.7639041543006897, "val_mean_ap": 0.46555185317993164, "val_mean_ap_50": 0.6524367928504944, "val_mean_ap_25": 0.7836236357688904, "val_loss_ce": 1.277969479560852, "val_loss_mask": 0.18961744010448456, "val_loss_dice": 0.4175349175930023, "val_loss_ce_0": 1.36399245262146, "val_loss_mask_0": 0.2342812865972519, "val_loss_dice_0": 0.6032397747039795, "val_loss_ce_1": 1.36399245262146, "val_loss_mask_1": 0.2342812865972519, "val_loss_dice_1": 0.6032397747039795, "val_loss_ce_2": 1.2481049299240112, "val_loss_mask_2": 0.2202184945344925, "val_loss_dice_2": 0.5614291429519653, "val_loss_ce_3": 1.2776179313659668, "val_loss_mask_3": 0.21267230808734894, "val_loss_dice_3": 0.5097754001617432, "val_loss_ce_4": 1.2386425733566284, "val_loss_mask_4": 0.20712289214134216, "val_loss_dice_4": 0.4751185178756714, "val_loss_ce_5": 1.2391277551651, "val_loss_mask_5": 0.192938894033432, "val_loss_dice_5": 0.44191208481788635, "val_loss_ce_6": 1.2553092241287231, "val_loss_mask_6": 0.18988968431949615, "val_loss_dice_6": 0.4436433017253876, "val_loss_ce_7": 1.2941392660140991, "val_loss_mask_7": 0.19248515367507935, "val_loss_dice_7": 0.44352859258651733, "val_loss_ce_8": 1.2987204790115356, "val_loss_mask_8": 0.19660979509353638, "val_loss_dice_8": 0.43991899490356445, "val_loss_ce_9": 1.2918779850006104, "val_loss_mask_9": 0.19144462049007416, "val_loss_dice_9": 0.4232320487499237, "val_loss_ce_10": 1.2977226972579956, "val_loss_mask_10": 0.19064374268054962, "val_loss_dice_10": 0.4257142245769501, "val_loss_ce_11": 1.3022642135620117, "val_loss_mask_11": 0.19347123801708221, "val_loss_dice_11": 0.430239737033844, "val_mean_loss_ce": 1.288421630859375, "val_mean_loss_mask": 0.20351360738277435, "val_mean_loss_dice": 0.4783481955528259, "val_sofa_val_box_ap_50": 0.5219125557551787, "val_desk_val_box_ap_50": 0.3625857929091785, "val_bed_val_box_ap_50": 0.5902221819370966, "val_bookshelf_val_box_ap_50": 0.20790695759025513, "val_shower_curtain_val_box_ap_50": 0.18803141541068977, "val_curtain_val_box_ap_50": 0.3708069576401715, "val_picture_val_box_ap_50": 0.2240429416602652, "val_bathtub_val_box_ap_50": 0.7133135940990079, "val_toilet_val_box_ap_50": 0.8672433209259048, "val_sofa_val_box_ap_25": 0.8426560634157585, "val_desk_val_box_ap_25": 0.6803239618577072, "val_bed_val_box_ap_25": 0.802069598168469, "val_bookshelf_val_box_ap_25": 0.2772818154537875, "val_shower_curtain_val_box_ap_25": 0.4092996262442957, "val_curtain_val_box_ap_25": 0.584670688949306, "val_picture_val_box_ap_25": 0.26203167374541503, "val_bathtub_val_box_ap_25": 0.7133135940990079, "val_toilet_val_box_ap_25": 0.9307053179712956}