{"val_mean_box_ap_25": 0.6166149031637832, "val_mean_box_ap_50": 0.5054286734854209, "val_chair_val_box_ap_50": 0.8010460215741823, "val_otherfurniture_val_box_ap_50": 0.5008783808457216, "val_cabinet_val_box_ap_50": 0.34889042117366265, "val_counter_val_box_ap_50": 0.4039024462988086, "val_door_val_box_ap_50": 0.49477525982936027, "val_sink_val_box_ap_50": 0.5061339021034731, "val_window_val_box_ap_50": 0.3173102033131731, "val_table_val_box_ap_50": 0.6003474507608635, "val_refridgerator_val_box_ap_50": 0.34554548252609196, "val_sofa_val_box_ap_50": 0.5332525133116506, "val_bookshelf_val_box_ap_50": 0.32681378590842114, "val_desk_val_box_ap_50": 0.5239262147242401, "val_picture_val_box_ap_50": 0.27902789405644945, "val_bed_val_box_ap_50": 0.7132157592289192, "val_toilet_val_box_ap_50": 0.9111789400355643, "val_shower_curtain_val_box_ap_50": 0.3077541886319745, "val_curtain_val_box_ap_50": 0.4622087160236252, "val_bathtub_val_box_ap_50": 0.7215085423913947, "val_chair_val_box_ap_25": 0.8773115198895107, "val_otherfurniture_val_box_ap_25": 0.547620322235036, "val_cabinet_val_box_ap_25": 0.49328811075456125, "val_counter_val_box_ap_25": 0.5171231523124403, "val_door_val_box_ap_25": 0.5758188151677481, "val_sink_val_box_ap_25": 0.6801692988074488, "val_window_val_box_ap_25": 0.5069162999190606, "val_table_val_box_ap_25": 0.6562456390034662, "val_refridgerator_val_box_ap_25": 0.4797642416063468, "val_sofa_val_box_ap_25": 0.7227473030068159, "val_bookshelf_val_box_ap_25": 0.34758822794602545, "val_desk_val_box_ap_25": 0.7489316206552602, "val_picture_val_box_ap_25": 0.3100426663015066, "val_bed_val_box_ap_25": 0.7998005004131499, "val_toilet_val_box_ap_25": 0.9652147610405325, "val_shower_curtain_val_box_ap_25": 0.5275028755463538, "val_curtain_val_box_ap_25": 0.6214743599514376, "val_bathtub_val_box_ap_25": 0.7215085423913947, "val_cabinet_val_ap": 0.35059431195259094, "val_cabinet_val_ap_50": 0.5317812561988831, "val_cabinet_val_ap_25": 0.6006159782409668, "val_bed_val_ap": 0.5396967530250549, "val_bed_val_ap_50": 0.7559539675712585, "val_bed_val_ap_25": 0.8081204891204834, "val_chair_val_ap": 0.776824414730072, "val_chair_val_ap_50": 0.890964925289154, "val_chair_val_ap_25": 0.9195064306259155, "val_sofa_val_ap": 0.41221004724502563, "val_sofa_val_ap_50": 0.5896952748298645, "val_sofa_val_ap_25": 0.7767990231513977, "val_table_val_ap": 0.5533637404441833, "val_table_val_ap_50": 0.7002303004264832, "val_table_val_ap_25": 0.741603672504425, "val_door_val_ap": 0.4865225553512573, "val_door_val_ap_50": 0.6250362992286682, "val_door_val_ap_25": 0.6884229183197021, "val_window_val_ap": 0.28144070506095886, "val_window_val_ap_50": 0.45084187388420105, "val_window_val_ap_25": 0.6196275949478149, "val_bookshelf_val_ap": 0.30879443883895874, "val_bookshelf_val_ap_50": 0.5116600394248962, "val_bookshelf_val_ap_25": 0.5749419331550598, "val_picture_val_ap": 0.3953244984149933, "val_picture_val_ap_50": 0.46934282779693604, "val_picture_val_ap_25": 0.4948081076145172, "val_counter_val_ap": 0.2633446156978607, "val_counter_val_ap_50": 0.4896233379840851, "val_counter_val_ap_25": 0.5591899752616882, "val_desk_val_ap": 0.3348890542984009, "val_desk_val_ap_50": 0.6513588428497314, "val_desk_val_ap_25": 0.7651852965354919, "val_curtain_val_ap": 0.39005985856056213, "val_curtain_val_ap_50": 0.5670290589332581, "val_curtain_val_ap_25": 0.6507924795150757, "val_refrigerator_val_ap": 0.40093785524368286, "val_refrigerator_val_ap_50": 0.5186249613761902, "val_refrigerator_val_ap_25": 0.5438596606254578, "val_shower curtain_val_ap": 0.42938175797462463, "val_shower curtain_val_ap_50": 0.6105098128318787, "val_shower curtain_val_ap_25": 0.6771043539047241, "val_toilet_val_ap": 0.9210035800933838, "val_toilet_val_ap_50": 0.9655172228813171, "val_toilet_val_ap_25": 0.982758641242981, "val_sink_val_ap": 0.45498672127723694, "val_sink_val_ap_50": 0.643580436706543, "val_sink_val_ap_25": 0.7915304899215698, "val_bathtub_val_ap": 0.6156355142593384, "val_bathtub_val_ap_50": 0.7419354915618896, "val_bathtub_val_ap_25": 0.7419354915618896, "val_otherfurniture_val_ap": 0.5103470087051392, "val_otherfurniture_val_ap_50": 0.603401780128479, "val_otherfurniture_val_ap_25": 0.6387767195701599, "val_mean_ap": 0.4680754244327545, "val_mean_ap_50": 0.6287270784378052, "val_mean_ap_25": 0.6986432671546936, "val_loss_ce": 1.2121672630310059, "val_loss_mask": 0.16657806932926178, "val_loss_dice": 0.3391415476799011, "val_loss_ce_0": 3.806396722793579, "val_loss_mask_0": 0.5979230403900146, "val_loss_dice_0": 1.8764418363571167, "val_loss_ce_1": 1.8837502002716064, "val_loss_mask_1": 0.29908087849617004, "val_loss_dice_1": 0.7386128306388855, "val_loss_ce_2": 1.4356215000152588, "val_loss_mask_2": 0.24871522188186646, "val_loss_dice_2": 0.5272639989852905, "val_loss_ce_3": 1.236932396888733, "val_loss_mask_3": 0.20974832773208618, "val_loss_dice_3": 0.4447568356990814, "val_loss_ce_4": 1.118695616722107, "val_loss_mask_4": 0.18849287927150726, "val_loss_dice_4": 0.4009334444999695, "val_loss_ce_5": 1.1317685842514038, "val_loss_mask_5": 0.17805218696594238, "val_loss_dice_5": 0.372135192155838, "val_loss_ce_6": 1.1312414407730103, "val_loss_mask_6": 0.17537574470043182, "val_loss_dice_6": 0.3713844418525696, "val_loss_ce_7": 1.0923959016799927, "val_loss_mask_7": 0.17460457980632782, "val_loss_dice_7": 0.3696763813495636, "val_loss_ce_8": 1.1146950721740723, "val_loss_mask_8": 0.1748477965593338, "val_loss_dice_8": 0.36365610361099243, "val_loss_ce_9": 1.1489311456680298, "val_loss_mask_9": 0.17054136097431183, "val_loss_dice_9": 0.3556290566921234, "val_loss_ce_10": 1.1977758407592773, "val_loss_mask_10": 0.1655428558588028, "val_loss_dice_10": 0.3461534082889557, "val_loss_ce_11": 1.1836390495300293, "val_loss_mask_11": 0.16916067898273468, "val_loss_dice_11": 0.34774643182754517, "val_loss_ce_12": 1.1032423973083496, "val_loss_mask_12": 0.16996130347251892, "val_loss_dice_12": 0.3505389988422394, "val_loss_ce_13": 1.1314069032669067, "val_loss_mask_13": 0.17052043974399567, "val_loss_dice_13": 0.34784168004989624, "val_loss_ce_14": 1.1395459175109863, "val_loss_mask_14": 0.16735994815826416, "val_loss_dice_14": 0.34526464343070984, "val_mean_loss_ce": 1.379262924194336, "val_mean_loss_mask": 0.21415658295154572, "val_mean_loss_dice": 0.49357354640960693, "epoch": 0, "trainer/global_step": 0, "_timestamp": 1689934712.667706, "_runtime": 3548.3266270160675, "_step": 0, "_wandb": {"runtime": 3547}}