{"lr-AdamW": 4.036619040241024e-06, "trainer/global_step": 899, "_timestamp": 1691381519.690315, "_runtime": 152.5074861049652, "_step": 3, "train_loss_ce": 2.3988823890686035, "train_loss_mask": 2.7823519706726074, "train_loss_dice": 5.42389440536499, "train_loss_ce_0": 3.851628541946411, "train_loss_mask_0": 2.6550865173339844, "train_loss_dice_0": 5.414612293243408, "train_loss_ce_1": 4.610172748565674, "train_loss_mask_1": 2.664639472961426, "train_loss_dice_1": 5.405130863189697, "train_loss_ce_2": 2.5964913368225098, "train_loss_mask_2": 2.6785569190979004, "train_loss_dice_2": 5.382598876953125, "train_loss_ce_3": 2.319455623626709, "train_loss_mask_3": 2.655876636505127, "train_loss_dice_3": 5.314609527587891, "train_loss_ce_4": 2.2902519702911377, "train_loss_mask_4": 2.5942859649658203, "train_loss_dice_4": 5.311456680297852, "train_loss_ce_5": 2.3037948608398438, "train_loss_mask_5": 2.6974830627441406, "train_loss_dice_5": 5.379579067230225, "train_loss_ce_6": 2.140813112258911, "train_loss_mask_6": 2.71170973777771, "train_loss_dice_6": 5.385486602783203, "train_loss_ce_7": 2.1187686920166016, "train_loss_mask_7": 2.722365379333496, "train_loss_dice_7": 5.3639116287231445, "train_loss_ce_8": 2.1806304454803467, "train_loss_mask_8": 2.682683229446411, "train_loss_dice_8": 5.35270357131958, "train_loss_ce_9": 2.181245803833008, "train_loss_mask_9": 2.661475658416748, "train_loss_dice_9": 5.356006622314453, "train_loss_ce_10": 2.311945676803589, "train_loss_mask_10": 2.7873950004577637, "train_loss_dice_10": 5.413907051086426, "train_loss_ce_11": 2.349741220474243, "train_loss_mask_11": 2.685905694961548, "train_loss_dice_11": 5.352468490600586, "train_loss_ce_12": 2.237017869949341, "train_loss_mask_12": 2.698606491088867, "train_loss_dice_12": 5.359930992126465, "train_loss_ce_13": 2.2612016201019287, "train_loss_mask_13": 2.6297688484191895, "train_loss_dice_13": 5.332829475402832, "train_loss_ce_14": 2.3506367206573486, "train_loss_mask_14": 2.6303398609161377, "train_loss_dice_14": 5.329608917236328, "train_mean_loss_ce": 2.5314173698425293, "train_mean_loss_mask": 2.6836581230163574, "train_mean_loss_dice": 5.3674211502075195, "epoch": 2, "_wandb": {"runtime": 197}}