{"lr-AdamW": 4.3686156611685725e-05, "trainer/global_step": 163449, "_timestamp": 1692443398.066771, "_runtime": 12354.890393018723, "_step": 335, "train_loss_ce": 0.15497687458992004, "train_loss_mask": 0.3625490069389343, "train_loss_dice": 1.21364164352417, "train_loss_ce_0": 2.534370183944702, "train_loss_mask_0": 0.639121413230896, "train_loss_dice_0": 2.615908622741699, "train_loss_ce_1": 1.7616838216781616, "train_loss_mask_1": 0.6023114919662476, "train_loss_dice_1": 2.445906162261963, "train_loss_ce_2": 1.0206860303878784, "train_loss_mask_2": 0.5451102256774902, "train_loss_dice_2": 2.1744656562805176, "train_loss_ce_3": 0.6065449118614197, "train_loss_mask_3": 0.502976655960083, "train_loss_dice_3": 1.8889498710632324, "train_loss_ce_4": 0.3929423987865448, "train_loss_mask_4": 0.43046626448631287, "train_loss_dice_4": 1.5970704555511475, "train_loss_ce_5": 0.273206502199173, "train_loss_mask_5": 0.39870455861091614, "train_loss_dice_5": 1.3830187320709229, "train_loss_ce_6": 0.2972012162208557, "train_loss_mask_6": 0.37748444080352783, "train_loss_dice_6": 1.2768040895462036, "train_loss_ce_7": 0.3206806778907776, "train_loss_mask_7": 0.3550424575805664, "train_loss_dice_7": 1.283632516860962, "train_loss_ce_8": 0.31691551208496094, "train_loss_mask_8": 0.329896479845047, "train_loss_dice_8": 1.2525136470794678, "train_loss_ce_9": 0.3034135401248932, "train_loss_mask_9": 0.3453541100025177, "train_loss_dice_9": 1.2825875282287598, "train_loss_ce_10": 0.25902417302131653, "train_loss_mask_10": 0.34560278058052063, "train_loss_dice_10": 1.2581918239593506, "train_loss_ce_11": 0.2674824297428131, "train_loss_mask_11": 0.35695600509643555, "train_loss_dice_11": 1.2001171112060547, "train_loss_ce_12": 0.3246413767337799, "train_loss_mask_12": 0.34271830320358276, "train_loss_dice_12": 1.1923770904541016, "train_loss_ce_13": 0.41657745838165283, "train_loss_mask_13": 0.3244214653968811, "train_loss_dice_13": 1.1721323728561401, "train_loss_ce_14": 0.26768872141838074, "train_loss_mask_14": 0.3209206461906433, "train_loss_dice_14": 1.2169849872589111, "train_mean_loss_ce": 0.5948772430419922, "train_mean_loss_mask": 0.4112272560596466, "train_mean_loss_dice": 1.5283938646316528, "epoch": 407, "train_loss_mean": 31.689773559570312, "val_mean_box_ap_25": 0.5164351507851879, "val_mean_box_ap_50": 0.3928107648261513, "val_otherfurniture_val_box_ap_50": 0.35324929478213385, "val_chair_val_box_ap_50": 0.7759178071625824, "val_sink_val_box_ap_50": 0.539281139579397, "val_door_val_box_ap_50": 0.37714904312298714, "val_table_val_box_ap_50": 0.4471763924725801, "val_cabinet_val_box_ap_50": 0.22013213012291383, "val_window_val_box_ap_50": 0.14588687065195222, "val_counter_val_box_ap_50": 0.15873162355018663, "val_sofa_val_box_ap_50": 0.49294513658273553, "val_bookshelf_val_box_ap_50": 0.18405119055389177, "val_picture_val_box_ap_50": 0.18404749107690613, "val_desk_val_box_ap_50": 0.32865211816926193, "val_refridgerator_val_box_ap_50": 0.294761538864494, "val_otherfurniture_val_box_ap_25": 0.40934359790962715, "val_chair_val_box_ap_25": 0.8573484377801355, "val_sink_val_box_ap_25": 0.7233828976287029, "val_door_val_box_ap_25": 0.48541745561024663, "val_table_val_box_ap_25": 0.5059718119108152, "val_cabinet_val_box_ap_25": 0.3248454328615729, "val_window_val_box_ap_25": 0.2866051747715279, "val_counter_val_box_ap_25": 0.37135735039479845, "val_sofa_val_box_ap_25": 0.7260558595254212, "val_bookshelf_val_box_ap_25": 0.20957718986526708, "val_picture_val_box_ap_25": 0.20162960235677693, "val_desk_val_box_ap_25": 0.5261544904241686, "val_refridgerator_val_box_ap_25": 0.4052399960093122, "val_cabinet_val_ap": 0.23151828348636627, "val_cabinet_val_ap_50": 0.40189307928085327, "val_cabinet_val_ap_25": 0.5405470132827759, "val_bed_val_ap": 0.33974123001098633, "val_bed_val_ap_50": 0.591948390007019, "val_bed_val_ap_25": 0.6557639837265015, "val_chair_val_ap": 0.7475098967552185, "val_chair_val_ap_50": 0.8877133727073669, "val_chair_val_ap_25": 0.9415711164474487, "val_sofa_val_ap": 0.394809752702713, "val_sofa_val_ap_50": 0.6179062128067017, "val_sofa_val_ap_25": 0.7848968505859375, "val_table_val_ap": 0.39485499262809753, "val_table_val_ap_50": 0.5914249420166016, "val_table_val_ap_25": 0.6768503785133362, "val_door_val_ap": 0.3916822671890259, "val_door_val_ap_50": 0.5468278527259827, "val_door_val_ap_25": 0.6966180801391602, "val_window_val_ap": 0.19890308380126953, "val_window_val_ap_50": 0.3552709221839905, "val_window_val_ap_25": 0.5256983637809753, "val_bookshelf_val_ap": 0.1110127791762352, "val_bookshelf_val_ap_50": 0.2324928492307663, "val_bookshelf_val_ap_25": 0.382034033536911, "val_picture_val_ap": 0.3246192932128906, "val_picture_val_ap_50": 0.4067581593990326, "val_picture_val_ap_25": 0.4563843607902527, "val_counter_val_ap": 0.15609413385391235, "val_counter_val_ap_50": 0.3047119975090027, "val_counter_val_ap_25": 0.5112138390541077, "val_desk_val_ap": 0.17022860050201416, "val_desk_val_ap_50": 0.39074188470840454, "val_desk_val_ap_25": 0.5757808089256287, "val_curtain_val_ap": 0.1798822581768036, "val_curtain_val_ap_50": 0.32154133915901184, "val_curtain_val_ap_25": 0.48851004242897034, "val_refrigerator_val_ap": 0.41857174038887024, "val_refrigerator_val_ap_50": 0.5344216227531433, "val_refrigerator_val_ap_25": 0.5675835013389587, "val_shower curtain_val_ap": 0.5856239795684814, "val_shower curtain_val_ap_50": 0.7780014276504517, "val_shower curtain_val_ap_25": 0.8723310828208923, "val_toilet_val_ap": 0.8670055866241455, "val_toilet_val_ap_50": 0.9599621295928955, "val_toilet_val_ap_25": 0.9436414241790771, "val_sink_val_ap": 0.4906400442123413, "val_sink_val_ap_50": 0.658862829208374, "val_sink_val_ap_25": 0.8399282693862915, "val_bathtub_val_ap": 0.6410278677940369, "val_bathtub_val_ap_50": 0.8363628387451172, "val_bathtub_val_ap_25": 0.8363628387451172, "val_otherfurniture_val_ap": 0.43593326210975647, "val_otherfurniture_val_ap_50": 0.5692470073699951, "val_otherfurniture_val_ap_25": 0.6379469633102417, "val_mean_ap": 0.393314391374588, "val_mean_ap_50": 0.5547826886177063, "val_mean_ap_25": 0.6629812717437744, "val_loss_ce": 2.496356964111328, "val_loss_mask": 0.17744185030460358, "val_loss_dice": 0.41174930334091187, "val_loss_ce_0": 1.837327480316162, "val_loss_mask_0": 0.2655036151409149, "val_loss_dice_0": 0.7694268822669983, "val_loss_ce_1": 1.837327480316162, "val_loss_mask_1": 0.2655036151409149, "val_loss_dice_1": 0.7694268822669983, "val_loss_ce_2": 4.563978672027588, "val_loss_mask_2": 0.266520231962204, "val_loss_dice_2": 0.6956837773323059, "val_loss_ce_3": 2.767209529876709, "val_loss_mask_3": 0.23085206747055054, "val_loss_dice_3": 0.5843538641929626, "val_loss_ce_4": 3.1185648441314697, "val_loss_mask_4": 0.2008388191461563, "val_loss_dice_4": 0.5134777426719666, "val_loss_ce_5": 3.0169835090637207, "val_loss_mask_5": 0.18629997968673706, "val_loss_dice_5": 0.47547706961631775, "val_loss_ce_6": 2.948997974395752, "val_loss_mask_6": 0.18353118002414703, "val_loss_dice_6": 0.45038360357284546, "val_loss_ce_7": 2.9220187664031982, "val_loss_mask_7": 0.19145941734313965, "val_loss_dice_7": 0.44958990812301636, "val_loss_ce_8": 2.652221441268921, "val_loss_mask_8": 0.19111011922359467, "val_loss_dice_8": 0.447967529296875, "val_loss_ce_9": 2.6262383460998535, "val_loss_mask_9": 0.18588289618492126, "val_loss_dice_9": 0.4354231655597687, "val_loss_ce_10": 2.7533645629882812, "val_loss_mask_10": 0.17931856215000153, "val_loss_dice_10": 0.42820096015930176, "val_loss_ce_11": 2.6479241847991943, "val_loss_mask_11": 0.1785890758037567, "val_loss_dice_11": 0.42056140303611755, "val_loss_ce_12": 2.6632020473480225, "val_loss_mask_12": 0.18233154714107513, "val_loss_dice_12": 0.42255261540412903, "val_loss_ce_13": 2.4793312549591064, "val_loss_mask_13": 0.1821746677160263, "val_loss_dice_13": 0.42245668172836304, "val_loss_ce_14": 2.514577865600586, "val_loss_mask_14": 0.18046274781227112, "val_loss_dice_14": 0.4166685938835144,