{"lr-AdamW": 4.00913527673466e-06, "trainer/global_step": 449, "_timestamp": 1691382817.3968785, "_runtime": 708.358006477356, "_step": 17, "train_loss_ce": 3.4451591968536377, "train_loss_mask": 1.8490172624588013, "train_loss_dice": 5.694553375244141, "train_loss_ce_0": 4.533901691436768, "train_loss_mask_0": 1.646233081817627, "train_loss_dice_0": 5.4836578369140625, "train_loss_ce_1": 4.918030738830566, "train_loss_mask_1": 1.6458745002746582, "train_loss_dice_1": 5.483155250549316, "train_loss_ce_2": 3.6126701831817627, "train_loss_mask_2": 1.680755376815796, "train_loss_dice_2": 5.4961161613464355, "train_loss_ce_3": 3.2625515460968018, "train_loss_mask_3": 1.6485893726348877, "train_loss_dice_3": 5.48499870300293, "train_loss_ce_4": 3.17411208152771, "train_loss_mask_4": 1.6561681032180786, "train_loss_dice_4": 5.502961158752441, "train_loss_ce_5": 3.1487667560577393, "train_loss_mask_5": 1.7016117572784424, "train_loss_dice_5": 5.4936017990112305, "train_loss_ce_6": 3.3216969966888428, "train_loss_mask_6": 1.6663254499435425, "train_loss_dice_6": 5.517847061157227, "train_loss_ce_7": 3.37561297416687, "train_loss_mask_7": 1.686762809753418, "train_loss_dice_7": 5.609457015991211, "train_loss_ce_8": 3.338047981262207, "train_loss_mask_8": 1.7076975107192993, "train_loss_dice_8": 5.6015472412109375, "train_loss_ce_9": 3.3144171237945557, "train_loss_mask_9": 1.7271723747253418, "train_loss_dice_9": 5.647125244140625, "train_loss_ce_10": 3.23884654045105, "train_loss_mask_10": 1.7619588375091553, "train_loss_dice_10": 5.668929100036621, "train_loss_ce_11": 3.353443145751953, "train_loss_mask_11": 1.7649942636489868, "train_loss_dice_11": 5.666923522949219, "train_loss_ce_12": 3.4904603958129883, "train_loss_mask_12": 1.789291501045227, "train_loss_dice_12": 5.676942348480225, "train_loss_ce_13": 3.4475059509277344, "train_loss_mask_13": 1.7923927307128906, "train_loss_dice_13": 5.672685623168945, "train_loss_ce_14": 3.412074089050293, "train_loss_mask_14": 1.811879277229309, "train_loss_dice_14": 5.688973426818848, "train_mean_loss_ce": 3.5242061614990234, "train_mean_loss_mask": 1.7210452556610107, "train_mean_loss_dice": 5.586842060089111, "epoch": 0, "train_loss_mean": 190.4333038330078, "_wandb": {"runtime": 708}}