{"val_mean_box_ap_25": 0.5457636452533153, "val_mean_box_ap_50": 0.45944990988115664, "val_chair_val_box_ap_50": 0.6453993722306791, "val_sink_val_box_ap_50": 0.582557585721914, "val_cabinet_val_box_ap_50": 0.31984810507643435, "val_door_val_box_ap_50": 0.29195731078827936, "val_otherfurniture_val_box_ap_50": 0.4681065441423318, "val_window_val_box_ap_50": 0.29635805147209004, "val_counter_val_box_ap_50": 0.46486352678660375, "val_table_val_box_ap_50": 0.5233581420784112, "val_sofa_val_box_ap_50": 0.44638031301557785, "val_bookshelf_val_box_ap_50": 0.3068218383925485, "val_desk_val_box_ap_50": 0.45349519311599534, "val_picture_val_box_ap_50": 0.2823165128124866, "val_bathtub_val_box_ap_50": 0.7952275634603825, "val_bed_val_box_ap_50": 0.6633186920916654, "val_shower_curtain_val_box_ap_50": 0.23755841009172549, "val_curtain_val_box_ap_50": 0.4016571819747203, "val_toilet_val_box_ap_50": 0.7708543056527156, "val_refridgerator_val_box_ap_50": 0.3200197289562579, "val_chair_val_box_ap_25": 0.7254068555570258, "val_sink_val_box_ap_25": 0.6639053592520833, "val_cabinet_val_box_ap_25": 0.43624972960247743, "val_door_val_box_ap_25": 0.35493712867520355, "val_otherfurniture_val_box_ap_25": 0.5077748738887109, "val_window_val_box_ap_25": 0.47556538875129273, "val_counter_val_box_ap_25": 0.4867557196961663, "val_table_val_box_ap_25": 0.5902368970108829, "val_sofa_val_box_ap_25": 0.6547390498827456, "val_bookshelf_val_box_ap_25": 0.34269494425967373, "val_desk_val_box_ap_25": 0.6579862829571465, "val_picture_val_box_ap_25": 0.3047348980673197, "val_bathtub_val_box_ap_25": 0.8302020560085076, "val_bed_val_box_ap_25": 0.7179138364622235, "val_shower_curtain_val_box_ap_25": 0.4042443064182194, "val_curtain_val_box_ap_25": 0.5104022921357658, "val_toilet_val_box_ap_25": 0.8103448275862069, "val_refridgerator_val_box_ap_25": 0.3496511683480249, "val_cabinet_val_ap": 0.3299087584018707, "val_cabinet_val_ap_50": 0.45740318298339844, "val_cabinet_val_ap_25": 0.5414294600486755, "val_bed_val_ap": 0.49513524770736694, "val_bed_val_ap_50": 0.7383644580841064, "val_bed_val_ap_25": 0.7521737813949585, "val_chair_val_ap": 0.6309381723403931, "val_chair_val_ap_50": 0.7352033853530884, "val_chair_val_ap_25": 0.7636521458625793, "val_sofa_val_ap": 0.30832773447036743, "val_sofa_val_ap_50": 0.48340481519699097, "val_sofa_val_ap_25": 0.6701026558876038, "val_table_val_ap": 0.48298749327659607, "val_table_val_ap_50": 0.6208070516586304, "val_table_val_ap_25": 0.6508239507675171, "val_door_val_ap": 0.28782007098197937, "val_door_val_ap_50": 0.36716628074645996, "val_door_val_ap_25": 0.408689022064209, "val_window_val_ap": 0.2940022945404053, "val_window_val_ap_50": 0.429963618516922, "val_window_val_ap_25": 0.5516391396522522, "val_bookshelf_val_ap": 0.27229657769203186, "val_bookshelf_val_ap_50": 0.4270094633102417, "val_bookshelf_val_ap_25": 0.5299959182739258, "val_picture_val_ap": 0.38001081347465515, "val_picture_val_ap_50": 0.4571533501148224, "val_picture_val_ap_25": 0.4832443296909332, "val_counter_val_ap": 0.22191675007343292, "val_counter_val_ap_50": 0.37743690609931946, "val_counter_val_ap_25": 0.4833228588104248, "val_desk_val_ap": 0.31246280670166016, "val_desk_val_ap_50": 0.5427839756011963, "val_desk_val_ap_25": 0.6563756465911865, "val_curtain_val_ap": 0.3221837282180786, "val_curtain_val_ap_50": 0.4586601257324219, "val_curtain_val_ap_25": 0.517814576625824, "val_refrigerator_val_ap": 0.28423038125038147, "val_refrigerator_val_ap_50": 0.34558913111686707, "val_refrigerator_val_ap_25": 0.3684210479259491, "val_shower curtain_val_ap": 0.32755324244499207, "val_shower curtain_val_ap_50": 0.5082364678382874, "val_shower curtain_val_ap_25": 0.562627911567688, "val_toilet_val_ap": 0.7388759851455688, "val_toilet_val_ap_50": 0.7758620977401733, "val_toilet_val_ap_25": 0.8103448152542114, "val_sink_val_ap": 0.53236323595047, "val_sink_val_ap_50": 0.6690040230751038, "val_sink_val_ap_25": 0.8199968338012695, "val_bathtub_val_ap": 0.7331433892250061, "val_bathtub_val_ap_50": 0.8387096524238586, "val_bathtub_val_ap_25": 0.8387096524238586, "val_otherfurniture_val_ap": 0.5112711191177368, "val_otherfurniture_val_ap_50": 0.5944229960441589, "val_otherfurniture_val_ap_25": 0.6252811551094055, "val_mean_ap": 0.4147459864616394, "val_mean_ap_50": 0.5459545254707336, "val_mean_ap_25": 0.6130358576774597, "val_loss_ce": 1.4461989402770996, "val_loss_mask": 0.23257333040237427, "val_loss_dice": 0.4867372214794159, "val_loss_ce_0": 3.806415319442749, "val_loss_mask_0": 0.5962565541267395, "val_loss_dice_0": 1.875029444694519, "val_loss_ce_1": 4.208607196807861, "val_loss_mask_1": 0.6713537573814392, "val_loss_dice_1": 1.1805320978164673, "val_loss_ce_2": 3.3778951168060303, "val_loss_mask_2": 0.501854419708252, "val_loss_dice_2": 0.9030193090438843, "val_loss_ce_3": 2.5105173587799072, "val_loss_mask_3": 0.39019227027893066, "val_loss_dice_3": 0.7399389147758484, "val_loss_ce_4": 2.202751874923706, "val_loss_mask_4": 0.315565288066864, "val_loss_dice_4": 0.6290188431739807, "val_loss_ce_5": 2.110743522644043, "val_loss_mask_5": 0.3184567093849182, "val_loss_dice_5": 0.6194078326225281, "val_loss_ce_6": 1.8755782842636108, "val_loss_mask_6": 0.30456987023353577, "val_loss_dice_6": 0.5944422483444214, "val_loss_ce_7": 1.695444107055664, "val_loss_mask_7": 0.2756905257701874, "val_loss_dice_7": 0.5580247044563293, "val_loss_ce_8": 1.6225426197052002, "val_loss_mask_8": 0.2528809607028961, "val_loss_dice_8": 0.5252629518508911, "val_loss_ce_9": 1.6001213788986206, "val_loss_mask_9": 0.2545464336872101, "val_loss_dice_9": 0.5254260301589966, "val_loss_ce_10": 1.5103733539581299, "val_loss_mask_10": 0.24798519909381866, "val_loss_dice_10": 0.5180928111076355, "val_loss_ce_11": 1.4528582096099854, "val_loss_mask_11": 0.23940734565258026, "val_loss_dice_11": 0.504932165145874, "val_mean_loss_ce": 2.263080596923828, "val_mean_loss_mask": 0.3539486825466156, "val_mean_loss_dice": 0.7430664896965027, "epoch": 0, "trainer/global_step": 0, "_timestamp": 1686121579.7003794, "_runtime": 3617.5356583595276, "_step": 0, "_wandb": {"runtime": 3617}}