{"val_mean_box_ap_25": 0.5461396224938986, "val_mean_box_ap_50": 0.4514787167481901, "val_chair_val_box_ap_50": 0.6402203494207734, "val_otherfurniture_val_box_ap_50": 0.43403040116183284, "val_door_val_box_ap_50": 0.29903969690754584, "val_sink_val_box_ap_50": 0.5782536933944158, "val_cabinet_val_box_ap_50": 0.336843170273612, "val_window_val_box_ap_50": 0.3125436643217957, "val_counter_val_box_ap_50": 0.5361709468182, "val_table_val_box_ap_50": 0.5378584436806304, "val_bookshelf_val_box_ap_50": 0.3183198006131575, "val_sofa_val_box_ap_50": 0.46792604637819213, "val_desk_val_box_ap_50": 0.39346592305901307, "val_picture_val_box_ap_50": 0.2832566455098123, "val_bathtub_val_box_ap_50": 0.6605189340813464, "val_bed_val_box_ap_50": 0.6094677717559647, "val_shower_curtain_val_box_ap_50": 0.21759834368530023, "val_curtain_val_box_ap_50": 0.4273189497070094, "val_toilet_val_box_ap_50": 0.7544061302681991, "val_refridgerator_val_box_ap_50": 0.319377990430622, "val_chair_val_box_ap_25": 0.7016960151109674, "val_otherfurniture_val_box_ap_25": 0.47713425489295597, "val_door_val_box_ap_25": 0.36251365309399497, "val_sink_val_box_ap_25": 0.7348043883707001, "val_cabinet_val_box_ap_25": 0.4339449789472386, "val_window_val_box_ap_25": 0.4654382258628451, "val_counter_val_box_ap_25": 0.581751777151058, "val_table_val_box_ap_25": 0.6045502863733283, "val_bookshelf_val_box_ap_25": 0.3336206046780065, "val_sofa_val_box_ap_25": 0.6966145809680245, "val_desk_val_box_ap_25": 0.6151225485795323, "val_picture_val_box_ap_25": 0.3008252378032754, "val_bathtub_val_box_ap_25": 0.6956521739130433, "val_bed_val_box_ap_25": 0.6891614330065706, "val_shower_curtain_val_box_ap_25": 0.40838509316770183, "val_curtain_val_box_ap_25": 0.571760692892837, "val_toilet_val_box_ap_25": 0.7931034482758621, "val_refridgerator_val_box_ap_25": 0.3644338118022327, "val_cabinet_val_ap": 0.33036118745803833, "val_cabinet_val_ap_50": 0.482278436422348, "val_cabinet_val_ap_25": 0.5743484497070312, "val_bed_val_ap": 0.5202293992042542, "val_bed_val_ap_50": 0.7098451256752014, "val_bed_val_ap_25": 0.7378973364830017, "val_chair_val_ap": 0.6225674152374268, "val_chair_val_ap_50": 0.7144623398780823, "val_chair_val_ap_25": 0.7349074482917786, "val_sofa_val_ap": 0.3603728115558624, "val_sofa_val_ap_50": 0.5607631802558899, "val_sofa_val_ap_25": 0.7421032190322876, "val_table_val_ap": 0.498134970664978, "val_table_val_ap_50": 0.6205611228942871, "val_table_val_ap_25": 0.6503831744194031, "val_door_val_ap": 0.2988535463809967, "val_door_val_ap_50": 0.39342987537384033, "val_door_val_ap_25": 0.43673789501190186, "val_window_val_ap": 0.2959553897380829, "val_window_val_ap_50": 0.4424891471862793, "val_window_val_ap_25": 0.5548330545425415, "val_bookshelf_val_ap": 0.24803094565868378, "val_bookshelf_val_ap_50": 0.3994746506214142, "val_bookshelf_val_ap_25": 0.4981176257133484, "val_picture_val_ap": 0.3829191029071808, "val_picture_val_ap_50": 0.449283629655838, "val_picture_val_ap_25": 0.4657696485519409, "val_counter_val_ap": 0.3179818391799927, "val_counter_val_ap_50": 0.5128108263015747, "val_counter_val_ap_25": 0.582867443561554, "val_desk_val_ap": 0.2646807134151459, "val_desk_val_ap_50": 0.5046399831771851, "val_desk_val_ap_25": 0.6435918807983398, "val_curtain_val_ap": 0.3412151634693146, "val_curtain_val_ap_50": 0.4850989878177643, "val_curtain_val_ap_25": 0.6028185486793518, "val_refrigerator_val_ap": 0.31826427578926086, "val_refrigerator_val_ap_50": 0.3638956844806671, "val_refrigerator_val_ap_25": 0.3684210479259491, "val_shower curtain_val_ap": 0.3013826906681061, "val_shower curtain_val_ap_50": 0.5173047780990601, "val_shower curtain_val_ap_25": 0.5601104497909546, "val_toilet_val_ap": 0.7392044067382812, "val_toilet_val_ap_50": 0.7758620977401733, "val_toilet_val_ap_25": 0.7931034564971924, "val_sink_val_ap": 0.5178688168525696, "val_sink_val_ap_50": 0.6824482083320618, "val_sink_val_ap_25": 0.8309052586555481, "val_bathtub_val_ap": 0.6299707889556885, "val_bathtub_val_ap_50": 0.7096773982048035, "val_bathtub_val_ap_25": 0.7096773982048035, "val_otherfurniture_val_ap": 0.4754980504512787, "val_otherfurniture_val_ap_50": 0.5583280920982361, "val_otherfurniture_val_ap_25": 0.6006373763084412, "val_mean_ap": 0.4146384298801422, "val_mean_ap_50": 0.5490363240242004, "val_mean_ap_25": 0.6159572601318359, "val_loss_ce": 1.6069673299789429, "val_loss_mask": 0.23452474176883698, "val_loss_dice": 0.47570303082466125, "val_loss_ce_0": 3.8064777851104736, "val_loss_mask_0": 0.5961850881576538, "val_loss_dice_0": 1.874137043952942, "val_loss_ce_1": 4.736141204833984, "val_loss_mask_1": 0.7008039355278015, "val_loss_dice_1": 1.2021409273147583, "val_loss_ce_2": 3.881054162979126, "val_loss_mask_2": 0.5778457522392273, "val_loss_dice_2": 0.9355747699737549, "val_loss_ce_3": 2.9088616371154785, "val_loss_mask_3": 0.39879488945007324, "val_loss_dice_3": 0.7458691596984863, "val_loss_ce_4": 2.461303949356079, "val_loss_mask_4": 0.31405970454216003, "val_loss_dice_4": 0.6205739974975586, "val_loss_ce_5": 2.355510950088501, "val_loss_mask_5": 0.3152233362197876, "val_loss_dice_5": 0.6125839948654175, "val_loss_ce_6": 2.025151491165161, "val_loss_mask_6": 0.30519336462020874, "val_loss_dice_6": 0.5820814371109009, "val_loss_ce_7": 1.8816304206848145, "val_loss_mask_7": 0.28277507424354553, "val_loss_dice_7": 0.5474715232849121, "val_loss_ce_8": 1.790414810180664, "val_loss_mask_8": 0.2590674161911011, "val_loss_dice_8": 0.5151610374450684, "val_loss_ce_9": 1.7655786275863647, "val_loss_mask_9": 0.25998538732528687, "val_loss_dice_9": 0.5145070552825928, "val_loss_ce_10": 1.672907829284668, "val_loss_mask_10": 0.2562093138694763, "val_loss_dice_10": 0.5084726214408875, "val_loss_ce_11": 1.6261323690414429, "val_loss_mask_11": 0.24456827342510223, "val_loss_dice_11": 0.49417322874069214, "val_mean_loss_ce": 2.501394748687744, "val_mean_loss_mask": 0.36501818895339966, "val_mean_loss_dice": 0.7406499981880188, "epoch": 0, "trainer/global_step": 0, "_timestamp": 1686114200.2393963, "_runtime": 3525.1661143302917, "_step": 0, "_wandb": {"runtime": 3524}}