{"val_mean_box_ap_25": 0.6365622517195747, "val_mean_box_ap_50": 0.5267005465733405, "val_chair_val_box_ap_50": 0.7988180149070682, "val_door_val_box_ap_50": 0.5073962681559216, "val_sink_val_box_ap_50": 0.5970629628826722, "val_cabinet_val_box_ap_50": 0.3496346630942293, "val_otherfurniture_val_box_ap_50": 0.47803460899573774, "val_window_val_box_ap_50": 0.342146193560852, "val_table_val_box_ap_50": 0.6257623452997347, "val_counter_val_box_ap_50": 0.4888505240413876, "val_refridgerator_val_box_ap_50": 0.39713763226349036, "val_sofa_val_box_ap_50": 0.49348444352045046, "val_bookshelf_val_box_ap_50": 0.3654011409517691, "val_desk_val_box_ap_50": 0.47045705541116917, "val_bathtub_val_box_ap_50": 0.8231780167264038, "val_picture_val_box_ap_50": 0.24755758983465123, "val_shower_curtain_val_box_ap_50": 0.37271201365921863, "val_bed_val_box_ap_50": 0.7061372664127453, "val_curtain_val_box_ap_50": 0.6163881702206656, "val_toilet_val_box_ap_50": 0.8004509283819629, "val_chair_val_box_ap_25": 0.8705461058901944, "val_door_val_box_ap_25": 0.5956875359210521, "val_sink_val_box_ap_25": 0.7139152562509181, "val_cabinet_val_box_ap_25": 0.4740947920795038, "val_otherfurniture_val_box_ap_25": 0.5333612245016107, "val_window_val_box_ap_25": 0.5148284949255977, "val_table_val_box_ap_25": 0.683973693485765, "val_counter_val_box_ap_25": 0.5463785549267403, "val_refridgerator_val_box_ap_25": 0.5136829686748489, "val_sofa_val_box_ap_25": 0.7151464282947115, "val_bookshelf_val_box_ap_25": 0.42566715242925446, "val_desk_val_box_ap_25": 0.6821316912322597, "val_bathtub_val_box_ap_25": 0.8548387096774195, "val_picture_val_box_ap_25": 0.27074085225003436, "val_shower_curtain_val_box_ap_25": 0.6848214285714286, "val_bed_val_box_ap_25": 0.7732063009978192, "val_curtain_val_box_ap_25": 0.6913062373949124, "val_toilet_val_box_ap_25": 0.913793103448276, "val_cabinet_val_ap": 0.3557204008102417, "val_cabinet_val_ap_50": 0.5268359184265137, "val_cabinet_val_ap_25": 0.6054872274398804, "val_bed_val_ap": 0.5531052350997925, "val_bed_val_ap_50": 0.763562798500061, "val_bed_val_ap_25": 0.7892557978630066, "val_chair_val_ap": 0.7693720459938049, "val_chair_val_ap_50": 0.8858827352523804, "val_chair_val_ap_25": 0.9078961610794067, "val_sofa_val_ap": 0.3704747259616852, "val_sofa_val_ap_50": 0.5620360970497131, "val_sofa_val_ap_25": 0.7481585741043091, "val_table_val_ap": 0.5743801593780518, "val_table_val_ap_50": 0.7376209497451782, "val_table_val_ap_25": 0.7864910364151001, "val_door_val_ap": 0.5177140831947327, "val_door_val_ap_50": 0.6574777364730835, "val_door_val_ap_25": 0.723907470703125, "val_window_val_ap": 0.3420705795288086, "val_window_val_ap_50": 0.5191919207572937, "val_window_val_ap_25": 0.6431590914726257, "val_bookshelf_val_ap": 0.32245492935180664, "val_bookshelf_val_ap_50": 0.5513406991958618, "val_bookshelf_val_ap_25": 0.6409390568733215, "val_picture_val_ap": 0.33673223853111267, "val_picture_val_ap_50": 0.4002126157283783, "val_picture_val_ap_25": 0.40799885988235474, "val_counter_val_ap": 0.2651906907558441, "val_counter_val_ap_50": 0.449189156293869, "val_counter_val_ap_25": 0.6005839705467224, "val_desk_val_ap": 0.2898852229118347, "val_desk_val_ap_50": 0.5319423675537109, "val_desk_val_ap_25": 0.6925630569458008, "val_curtain_val_ap": 0.46593213081359863, "val_curtain_val_ap_50": 0.6209911704063416, "val_curtain_val_ap_25": 0.7151467800140381, "val_refrigerator_val_ap": 0.4637402892112732, "val_refrigerator_val_ap_50": 0.5681045651435852, "val_refrigerator_val_ap_25": 0.5983630418777466, "val_shower curtain_val_ap": 0.49095165729522705, "val_shower curtain_val_ap_50": 0.7680558562278748, "val_shower curtain_val_ap_25": 0.8121252655982971, "val_toilet_val_ap": 0.8441227674484253, "val_toilet_val_ap_50": 0.8620689511299133, "val_toilet_val_ap_25": 0.9137930870056152, "val_sink_val_ap": 0.5305131077766418, "val_sink_val_ap_50": 0.6937918066978455, "val_sink_val_ap_25": 0.8310737609863281, "val_bathtub_val_ap": 0.7724458575248718, "val_bathtub_val_ap_50": 0.8709677457809448, "val_bathtub_val_ap_25": 0.8709677457809448, "val_otherfurniture_val_ap": 0.5138372778892517, "val_otherfurniture_val_ap_50": 0.6000705361366272, "val_otherfurniture_val_ap_25": 0.640031635761261, "val_mean_ap": 0.4877023994922638, "val_mean_ap_50": 0.642741322517395, "val_mean_ap_25": 0.718218982219696, "val_loss_ce": 1.105140209197998, "val_loss_mask": 0.17658591270446777, "val_loss_dice": 0.3574247658252716, "val_loss_ce_0": 3.806415319442749, "val_loss_mask_0": 0.5962565541267395, "val_loss_dice_0": 1.875029444694519, "val_loss_ce_1": 1.7677040100097656, "val_loss_mask_1": 0.30261123180389404, "val_loss_dice_1": 0.736187756061554, "val_loss_ce_2": 1.3453775644302368, "val_loss_mask_2": 0.23327085375785828, "val_loss_dice_2": 0.5237849354743958, "val_loss_ce_3": 1.1564065217971802, "val_loss_mask_3": 0.20308440923690796, "val_loss_dice_3": 0.4353523850440979, "val_loss_ce_4": 1.0638724565505981, "val_loss_mask_4": 0.1899668425321579, "val_loss_dice_4": 0.39263495802879333, "val_loss_ce_5": 1.074665904045105, "val_loss_mask_5": 0.18835707008838654, "val_loss_dice_5": 0.3915848135948181, "val_loss_ce_6": 1.0832093954086304, "val_loss_mask_6": 0.18725627660751343, "val_loss_dice_6": 0.3875175714492798, "val_loss_ce_7": 1.061029314994812, "val_loss_mask_7": 0.1829662024974823, "val_loss_dice_7": 0.37602218985557556, "val_loss_ce_8": 1.0830202102661133, "val_loss_mask_8": 0.17905014753341675, "val_loss_dice_8": 0.36437079310417175, "val_loss_ce_9": 1.0960190296173096, "val_loss_mask_9": 0.1778625100851059, "val_loss_dice_9": 0.36498022079467773, "val_loss_ce_10": 1.0936826467514038, "val_loss_mask_10": 0.17883458733558655, "val_loss_dice_10": 0.36737358570098877, "val_loss_ce_11": 1.078813910484314, "val_loss_mask_11": 0.18335223197937012, "val_loss_dice_11": 0.3648286461830139, "val_mean_loss_ce": 1.370411992073059, "val_mean_loss_mask": 0.22918882966041565, "val_mean_loss_dice": 0.5336224436759949, "epoch": 0, "trainer/global_step": 0, "_timestamp": 1686202582.609153, "_runtime": 3321.92098402977, "_step": 0, "_wandb": {"runtime": 3321}}