{"lr-AdamW": 4.070674228400561e-06, "trainer/global_step": 1249, "_timestamp": 1691379414.0007508, "_runtime": 1565.7540678977966, "_step": 52, "train_loss_ce": 3.319028854370117, "train_loss_mask": 1.3360207080841064, "train_loss_dice": 5.317836284637451, "train_loss_ce_0": 3.7206664085388184, "train_loss_mask_0": 1.282973051071167, "train_loss_dice_0": 5.360555648803711, "train_loss_ce_1": 3.7206664085388184, "train_loss_mask_1": 1.282973051071167, "train_loss_dice_1": 5.360555648803711, "train_loss_ce_2": 3.432549476623535, "train_loss_mask_2": 1.2889142036437988, "train_loss_dice_2": 5.331079483032227, "train_loss_ce_3": 3.214928150177002, "train_loss_mask_3": 1.3153653144836426, "train_loss_dice_3": 5.314161777496338, "train_loss_ce_4": 3.325047254562378, "train_loss_mask_4": 1.3236205577850342, "train_loss_dice_4": 5.29862117767334, "train_loss_ce_5": 3.2395215034484863, "train_loss_mask_5": 1.3283259868621826, "train_loss_dice_5": 5.310061454772949, "train_loss_ce_6": 3.202094554901123, "train_loss_mask_6": 1.3250815868377686, "train_loss_dice_6": 5.301918029785156, "train_loss_ce_7": 3.261497974395752, "train_loss_mask_7": 1.3186984062194824, "train_loss_dice_7": 5.302392959594727, "train_loss_ce_8": 3.2205700874328613, "train_loss_mask_8": 1.32430100440979, "train_loss_dice_8": 5.292914867401123, "train_loss_ce_9": 3.28715181350708, "train_loss_mask_9": 1.3303261995315552, "train_loss_dice_9": 5.296787261962891, "train_loss_ce_10": 3.341048002243042, "train_loss_mask_10": 1.323850393295288, "train_loss_dice_10": 5.294791221618652, "train_loss_ce_11": 3.2961580753326416, "train_loss_mask_11": 1.3200594186782837, "train_loss_dice_11": 5.299882888793945, "train_loss_ce_12": 3.2758724689483643, "train_loss_mask_12": 1.3351175785064697, "train_loss_dice_12": 5.3125224113464355, "train_loss_ce_13": 3.278806447982788, "train_loss_mask_13": 1.333085536956787, "train_loss_dice_13": 5.3022356033325195, "train_loss_ce_14": 3.3357460498809814, "train_loss_mask_14": 1.337404489517212, "train_loss_dice_14": 5.305282115936279, "train_mean_loss_ce": 3.3419594764709473, "train_mean_loss_mask": 1.3191323280334473, "train_mean_loss_dice": 5.312600135803223, "epoch": 3, "train_loss_mean": 166.6400146484375}