{"val_mean_box_ap_25": 0.46959708628602126, "val_mean_box_ap_50": 0.39137968564416853, "val_chair_val_box_ap_50": 0.7718479397047655, "val_otherfurniture_val_box_ap_50": 0.3887393287684934, "val_cabinet_val_box_ap_50": 0.16631014008757958, "val_sink_val_box_ap_50": 0.5360214908559003, "val_door_val_box_ap_50": 0.401698220385188, "val_table_val_box_ap_50": 0.4768731519048984, "val_window_val_box_ap_50": 0.16472418182950668, "val_sofa_val_box_ap_50": 0.530988225155418, "val_desk_val_box_ap_50": 0.2228899857869573, "val_bookshelf_val_box_ap_50": 0.22544741812362734, "val_bathtub_val_box_ap_50": 0.7622181465098716, "val_shower_curtain_val_box_ap_50": 0.28195970695970696, "val_picture_val_box_ap_50": 0.20771694241908623, "val_toilet_val_box_ap_50": 0.8540354000651466, "val_curtain_val_box_ap_50": 0.16411879993969544, "val_refridgerator_val_box_ap_50": 0.231010134030729, "val_counter_val_box_ap_50": 0.22613636363636364, "val_bed_val_box_ap_50": 0.43209876543209874, "val_chair_val_box_ap_25": 0.8431547108460185, "val_otherfurniture_val_box_ap_25": 0.4221222470192224, "val_cabinet_val_box_ap_25": 0.24010811056585762, "val_sink_val_box_ap_25": 0.6793455942354343, "val_door_val_box_ap_25": 0.515080494879248, "val_table_val_box_ap_25": 0.5161744361800915, "val_window_val_box_ap_25": 0.2180949459634444, "val_sofa_val_box_ap_25": 0.6768470294428206, "val_desk_val_box_ap_25": 0.3104614152308174, "val_bookshelf_val_box_ap_25": 0.26840509148417957, "val_bathtub_val_box_ap_25": 0.803970223325062, "val_shower_curtain_val_box_ap_25": 0.5431122448979592, "val_picture_val_box_ap_25": 0.21574057682657, "val_toilet_val_box_ap_25": 0.895575797007157, "val_curtain_val_box_ap_25": 0.2078483182175248, "val_refridgerator_val_box_ap_25": 0.33349315317278705, "val_counter_val_box_ap_25": 0.3311143984220908, "val_bed_val_box_ap_25": 0.43209876543209874, "val_cabinet_val_ap": 0.15935535728931427, "val_cabinet_val_ap_50": 0.2560514509677887, "val_cabinet_val_ap_25": 0.3277115523815155, "val_bed_val_ap": 0.2965724766254425, "val_bed_val_ap_50": 0.43209877610206604, "val_bed_val_ap_25": 0.43209877610206604, "val_chair_val_ap": 0.7442306280136108, "val_chair_val_ap_50": 0.857917308807373, "val_chair_val_ap_25": 0.8788033127784729, "val_sofa_val_ap": 0.4348572790622711, "val_sofa_val_ap_50": 0.6209630370140076, "val_sofa_val_ap_25": 0.6944608688354492, "val_table_val_ap": 0.42827555537223816, "val_table_val_ap_50": 0.5525018572807312, "val_table_val_ap_25": 0.5874769687652588, "val_door_val_ap": 0.4563220143318176, "val_door_val_ap_50": 0.6259146928787231, "val_door_val_ap_25": 0.734251081943512, "val_window_val_ap": 0.1543256938457489, "val_window_val_ap_50": 0.23001942038536072, "val_window_val_ap_25": 0.2603329122066498, "val_bookshelf_val_ap": 0.12881186604499817, "val_bookshelf_val_ap_50": 0.2554376423358917, "val_bookshelf_val_ap_25": 0.32627663016319275, "val_picture_val_ap": 0.25517523288726807, "val_picture_val_ap_50": 0.292932391166687, "val_picture_val_ap_25": 0.31282052397727966, "val_counter_val_ap": 0.16663475334644318, "val_counter_val_ap_50": 0.2678789794445038, "val_counter_val_ap_25": 0.3361660838127136, "val_desk_val_ap": 0.13253125548362732, "val_desk_val_ap_50": 0.22317929565906525, "val_desk_val_ap_25": 0.3087173402309418, "val_curtain_val_ap": 0.10357571393251419, "val_curtain_val_ap_50": 0.12924262881278992, "val_curtain_val_ap_25": 0.21828274428844452, "val_refrigerator_val_ap": 0.2627639174461365, "val_refrigerator_val_ap_50": 0.342052161693573, "val_refrigerator_val_ap_25": 0.36948877573013306, "val_shower curtain_val_ap": 0.42849600315093994, "val_shower curtain_val_ap_50": 0.5286404490470886, "val_shower curtain_val_ap_25": 0.5286404490470886, "val_toilet_val_ap": 0.8788604736328125, "val_toilet_val_ap_50": 0.931034505367279, "val_toilet_val_ap_25": 0.931034505367279, "val_sink_val_ap": 0.4881201386451721, "val_sink_val_ap_50": 0.6322441697120667, "val_sink_val_ap_25": 0.8398681879043579, "val_bathtub_val_ap": 0.6567041277885437, "val_bathtub_val_ap_50": 0.8064516186714172, "val_bathtub_val_ap_25": 0.8064516186714172, "val_otherfurniture_val_ap": 0.4302026331424713, "val_otherfurniture_val_ap_50": 0.5057604312896729, "val_otherfurniture_val_ap_25": 0.5316339135169983, "val_mean_ap": 0.36698973178863525, "val_mean_ap_50": 0.4716844856739044, "val_mean_ap_25": 0.523584246635437, "val_loss_ce": 1.4404737949371338, "val_loss_mask": 0.15370243787765503, "val_loss_dice": 0.3273255228996277, "val_loss_ce_0": 1.3264249563217163, "val_loss_mask_0": 0.19200830161571503, "val_loss_dice_0": 0.6021581292152405, "val_loss_ce_1": 1.3264249563217163, "val_loss_mask_1": 0.19200830161571503, "val_loss_dice_1": 0.6021581292152405, "val_loss_ce_2": 2.724385976791382, "val_loss_mask_2": 0.19572821259498596, "val_loss_dice_2": 0.5360960364341736, "val_loss_ce_3": 1.547524094581604, "val_loss_mask_3": 0.17382659018039703, "val_loss_dice_3": 0.4604266285896301, "val_loss_ce_4": 1.5145217180252075, "val_loss_mask_4": 0.15522466599941254, "val_loss_dice_4": 0.40144556760787964, "val_loss_ce_5": 1.4265539646148682, "val_loss_mask_5": 0.15037378668785095, "val_loss_dice_5": 0.3739060163497925, "val_loss_ce_6": 1.6003727912902832, "val_loss_mask_6": 0.15161457657814026, "val_loss_dice_6": 0.35098132491111755, "val_loss_ce_7": 1.5309935808181763, "val_loss_mask_7": 0.15787160396575928, "val_loss_dice_7": 0.350628525018692, "val_loss_ce_8": 1.4366148710250854, "val_loss_mask_8": 0.15907303988933563, "val_loss_dice_8": 0.34768056869506836, "val_loss_ce_9": 1.3610492944717407, "val_loss_mask_9": 0.15662965178489685, "val_loss_dice_9": 0.3419799506664276, "val_loss_ce_10": 1.374025583267212, "val_loss_mask_10": 0.15258780121803284, "val_loss_dice_10": 0.33886176347732544, "val_loss_ce_11": 1.4824399948120117, "val_loss_mask_11": 0.15291503071784973, "val_loss_dice_11": 0.3319356143474579, "val_loss_ce_12": 1.4639403820037842, "val_loss_mask_12": 0.15595245361328125, "val_loss_dice_12": 0.3341110050678253, "val_loss_ce_13": 1.410418152809143, "val_loss_mask_13": 0.15911732614040375, "val_loss_dice_13": 0.3338140845298767, "val_loss_ce_14": 1.3993756771087646, "val_loss_mask_14": 0.15649479627609253, "val_loss_dice_14": 0.330600380897522, "val_mean_loss_ce": 1.5228462219238281, "val_mean_loss_mask": 0.16344553232192993, "val_mean_loss_dice": 0.39775681495666504, "epoch": 0, "trainer/global_step": 0, "_timestamp": 1692591114.4697795, "_runtime": 5112.4209105968475, "_step": 0, "_wandb": {"runtime": 5111}}