{"lr-AdamW": 3.930376640026073e-05, "trainer/global_step": 49899, "_timestamp": 1692841946.6011608, "_runtime": 30051.428793668747, "_step": 792, "train_loss_ce": 4.374415874481201, "train_loss_mask": 1.285470962524414, "train_loss_dice": 5.6024274826049805, "train_loss_bbox": 5.512585639953613, "train_loss_giou": 3.045647382736206, "train_loss_ce_0": 3.3133914470672607, "train_loss_mask_0": 1.2149022817611694, "train_loss_dice_0": 5.125607013702393, "train_loss_bbox_0": 5.550226211547852, "train_loss_giou_0": 3.106630563735962, "train_loss_ce_1": 2.0403287410736084, "train_loss_mask_1": 1.2333495616912842, "train_loss_dice_1": 5.137990951538086, "train_loss_bbox_1": 6.052919864654541, "train_loss_giou_1": 2.955648422241211, "train_loss_ce_2": 2.733823776245117, "train_loss_mask_2": 1.2803926467895508, "train_loss_dice_2": 5.28187370300293, "train_loss_bbox_2": 6.114652156829834, "train_loss_giou_2": 2.991095542907715, "train_loss_ce_3": 2.9110610485076904, "train_loss_mask_3": 1.2288932800292969, "train_loss_dice_3": 5.172451972961426, "train_loss_bbox_3": 6.042734146118164, "train_loss_giou_3": 3.002584934234619, "train_loss_ce_4": 3.068023204803467, "train_loss_mask_4": 1.1969273090362549, "train_loss_dice_4": 5.223663806915283, "train_loss_bbox_4": 5.974904537200928, "train_loss_giou_4": 2.992375612258911, "train_loss_ce_5": 3.4871981143951416, "train_loss_mask_5": 1.2187397480010986, "train_loss_dice_5": 5.481108665466309, "train_loss_bbox_5": 5.996735095977783, "train_loss_giou_5": 2.9799578189849854, "train_loss_ce_6": 3.6917905807495117, "train_loss_mask_6": 1.441908836364746, "train_loss_dice_6": 5.721225261688232, "train_loss_bbox_6": 6.040677070617676, "train_loss_giou_6": 2.9660825729370117, "train_loss_ce_7": 3.4168810844421387, "train_loss_mask_7": 1.240807056427002, "train_loss_dice_7": 5.223410606384277, "train_loss_bbox_7": 5.948078632354736, "train_loss_giou_7": 2.9937801361083984, "train_loss_ce_8": 3.4438819885253906, "train_loss_mask_8": 1.206501841545105, "train_loss_dice_8": 5.284224510192871, "train_loss_bbox_8": 5.9745564460754395, "train_loss_giou_8": 2.961766481399536, "train_loss_ce_9": 3.514803409576416, "train_loss_mask_9": 1.219393253326416, "train_loss_dice_9": 5.548975944519043, "train_loss_bbox_9": 5.933242321014404, "train_loss_giou_9": 3.246786117553711, "train_loss_ce_10": 3.715155839920044, "train_loss_mask_10": 1.4605352878570557, "train_loss_dice_10": 5.730944633483887, "train_loss_bbox_10": 6.00314998626709, "train_loss_giou_10": 2.9808473587036133, "train_loss_ce_11": 3.4233083724975586, "train_loss_mask_11": 1.2456440925598145, "train_loss_dice_11": 5.2331318855285645, "train_loss_bbox_11": 5.980137348175049, "train_loss_giou_11": 3.0356993675231934, "train_mean_loss_ce": 3.318004846572876, "train_mean_loss_mask": 1.2671897411346436, "train_mean_loss_dice": 5.366694927215576, "epoch": 124, "train_loss_mean": 253.2913818359375, "val_mean_box_ap_25": 0.0, "val_mean_box_ap_50": 0.0, "val_chair_val_box_ap_50": 0.0, "val_window_val_box_ap_50": 0.0, "val_otherfurniture_val_box_ap_50": 0.0, "val_door_val_box_ap_50": 0.0, "val_cabinet_val_box_ap_50": 0.0, "val_table_val_box_ap_50": 0.0, "val_refridgerator_val_box_ap_50": 0.0, "val_counter_val_box_ap_50": 0.0, "val_sink_val_box_ap_50": 0.0, "val_sofa_val_box_ap_50": 0.0, "val_desk_val_box_ap_50": 0.0, "val_bookshelf_val_box_ap_50": 0.0, "val_picture_val_box_ap_50": 0.0, "val_bathtub_val_box_ap_50": 0.0, "val_bed_val_box_ap_50": 0.0, "val_toilet_val_box_ap_50": 0.0, "val_shower_curtain_val_box_ap_50": 0.0, "val_curtain_val_box_ap_50": 0.0, "val_chair_val_box_ap_25": 0.0, "val_window_val_box_ap_25": 0.0, "val_otherfurniture_val_box_ap_25": 0.0, "val_door_val_box_ap_25": 0.0, "val_cabinet_val_box_ap_25": 0.0, "val_table_val_box_ap_25": 0.0, "val_refridgerator_val_box_ap_25": 0.0, "val_counter_val_box_ap_25": 0.0, "val_sink_val_box_ap_25": 0.0, "val_sofa_val_box_ap_25": 0.0, "val_desk_val_box_ap_25": 0.0, "val_bookshelf_val_box_ap_25": 0.0, "val_picture_val_box_ap_25": 0.0, "val_bathtub_val_box_ap_25": 0.0, "val_bed_val_box_ap_25": 0.0, "val_toilet_val_box_ap_25": 0.0, "val_shower_curtain_val_box_ap_25": 0.0, "val_curtain_val_box_ap_25": 0.0, "val_cabinet_val_ap": 0.0, "val_cabinet_val_ap_50": 0.0, "val_cabinet_val_ap_25": 0.0, "val_bed_val_ap": 0.0, "val_bed_val_ap_50": 0.0, "val_bed_val_ap_25": 0.0, "val_chair_val_ap": 0.0, "val_chair_val_ap_50": 0.0, "val_chair_val_ap_25": 0.0003057644935324788, "val_sofa_val_ap": 0.0, "val_sofa_val_ap_50": 0.0, "val_sofa_val_ap_25": 0.0, "val_table_val_ap": 0.0, "val_table_val_ap_50": 0.0, "val_table_val_ap_25": 0.0, "val_door_val_ap": 0.0, "val_door_val_ap_50": 0.0, "val_door_val_ap_25": 0.0, "val_window_val_ap": 0.0, "val_window_val_ap_50": 0.0, "val_window_val_ap_25": 0.0, "val_bookshelf_val_ap": 0.0, "val_bookshelf_val_ap_50": 0.0, "val_bookshelf_val_ap_25": 0.0, "val_picture_val_ap": 0.0, "val_picture_val_ap_50": 0.0, "val_picture_val_ap_25": 0.0, "val_counter_val_ap": 0.0, "val_counter_val_ap_50": 0.0, "val_counter_val_ap_25": 0.0, "val_desk_val_ap": 0.0, "val_desk_val_ap_50": 0.0, "val_desk_val_ap_25": 0.0, "val_curtain_val_ap": 0.0, "val_curtain_val_ap_50": 0.0, "val_curtain_val_ap_25": 0.0, "val_refrigerator_val_ap": 0.0, "val_refrigerator_val_ap_50": 0.0, "val_refrigerator_val_ap_25": 0.0, "val_shower curtain_val_ap": 0.0, "val_shower curtain_val_ap_50": 0.0, "val_shower curtain_val_ap_25": 0.0, "val_toilet_val_ap": 0.0, "val_toilet_val_ap_50": 0.0, "val_toilet_val_ap_25": 0.0, "val_sink_val_ap": 0.0, "val_sink_val_ap_50": 0.0, "val_sink_val_ap_25": 0.0, "val_bathtub_val_ap": 0.0, "val_bathtub_val_ap_50": 0.0, "val_bathtub_val_ap_25": 0.0, "val_otherfurniture_val_ap": 0.0, "val_otherfurniture_val_ap_50": 0.0, "val_otherfurniture_val_ap_25": 0.0, "val_mean_ap": 0.0, "val_mean_ap_50": 0.0, "val_mean_ap_25": 1.6986916307359934e-05, "val_loss_ce": 4.2544450759887695, "val_loss_mask": 0.7281332015991211, "val_loss_dice": 1.828598976135254, "val_loss_ce_0": 3.4392573833465576, "val_loss_mask_0": 0.560319185256958, "val_loss_dice_0": 1.7506728172302246, "val_loss_ce_1": 3.4392573833465576, "val_loss_mask_1": 0.560319185256958, "val_loss_dice_1": 1.7506728172302246, "val_loss_ce_2": 3.6295368671417236, "val_loss_mask_2": 0.5663682818412781, "val_loss_dice_2": 1.7721598148345947, "val_loss_ce_3": 3.9142088890075684, "val_loss_mask_3": 0.5614705085754395, "val_loss_dice_3": 1.8139081001281738, "val_loss_ce_4": 4.069614887237549, "val_loss_mask_4": 1.4050583839416504, "val_loss_dice_4": 1.8581184148788452, "val_loss_ce_5": 4.089499473571777, "val_loss_mask_5": 0.6880890727043152, "val_loss_dice_5": 1.8199074268341064, "val_loss_ce_6": 4.279267311096191, "val_loss_mask_6": 0.7581918239593506, "val_loss_dice_6": 1.80103600025177, "val_loss_ce_7": 4.371927261352539, "val_loss_mask_7": 0.604964017868042, "val_loss_dice_7": 1.8422770500183105, "val_loss_ce_8": 4.257760524749756, "val_loss_mask_8": 0.6932069063186646, "val_loss_dice_8": 1.8523709774017334, "val_loss_ce_9": 4.2264862060546875, "val_loss_mask_9": 0.6893092393875122, "val_loss_dice_9": 1.8217233419418335, "val_loss_ce_10": 4.355190277099609, "val_loss_mask_10": 0.7325659394264221, "val_loss_dice_10": 1.8107876777648926, "val_loss_ce_11": 4.394406318664551, "val_loss_mask_11": 0.7123520970344543, "val_loss_dice_11": 1.853718638420105, "val_mean_loss_ce": 4.055450439453125, "val_mean_loss_mask": 0.7123344540596008, "val_mean_loss_dice": 1.8135347366333008}