{"lr-AdamW": 9.892608527645958e-05, "trainer/global_step": 83449, "_timestamp": 1692325615.226305, "_runtime": 13802.911542892456, "_step": 412, "train_loss_ce": 0.14644230902194977, "train_loss_mask": 0.33905887603759766, "train_loss_dice": 1.174912929534912, "train_loss_ce_0": 1.674103021621704, "train_loss_mask_0": 0.8488792181015015, "train_loss_dice_0": 2.794456958770752, "train_loss_ce_1": 1.2783464193344116, "train_loss_mask_1": 0.7652654647827148, "train_loss_dice_1": 2.64559268951416, "train_loss_ce_2": 0.5836240649223328, "train_loss_mask_2": 0.6378835439682007, "train_loss_dice_2": 2.2945189476013184, "train_loss_ce_3": 0.5972540378570557, "train_loss_mask_3": 0.5545672178268433, "train_loss_dice_3": 1.9871634244918823, "train_loss_ce_4": 0.508825957775116, "train_loss_mask_4": 0.46517476439476013, "train_loss_dice_4": 1.688499093055725, "train_loss_ce_5": 0.492742121219635, "train_loss_mask_5": 0.42665648460388184, "train_loss_dice_5": 1.4594452381134033, "train_loss_ce_6": 0.2987954914569855, "train_loss_mask_6": 0.4084770679473877, "train_loss_dice_6": 1.3473447561264038, "train_loss_ce_7": 0.31339532136917114, "train_loss_mask_7": 0.39158180356025696, "train_loss_dice_7": 1.3654769659042358, "train_loss_ce_8": 0.2771814167499542, "train_loss_mask_8": 0.38005635142326355, "train_loss_dice_8": 1.3357830047607422, "train_loss_ce_9": 0.20436477661132812, "train_loss_mask_9": 0.3526107966899872, "train_loss_dice_9": 1.2477675676345825, "train_loss_ce_10": 0.1993815004825592, "train_loss_mask_10": 0.34023427963256836, "train_loss_dice_10": 1.2542486190795898, "train_loss_ce_11": 0.15783874690532684, "train_loss_mask_11": 0.34335896372795105, "train_loss_dice_11": 1.2045971155166626, "train_loss_ce_12": 0.19922170042991638, "train_loss_mask_12": 0.3472153842449188, "train_loss_dice_12": 1.2015330791473389, "train_loss_ce_13": 0.2758428156375885, "train_loss_mask_13": 0.35424187779426575, "train_loss_dice_13": 1.248288631439209, "train_loss_ce_14": 0.2728480398654938, "train_loss_mask_14": 0.3438175320625305, "train_loss_dice_14": 1.2074623107910156, "train_mean_loss_ce": 0.46751299500465393, "train_mean_loss_mask": 0.4561924636363983, "train_mean_loss_dice": 1.5910682678222656, "epoch": 208, "train_loss_mean": 40.87546920776367, "val_mean_box_ap_25": 0.45948133229193633, "val_mean_box_ap_50": 0.32542786237234583, "val_chair_val_box_ap_50": 0.5900532616874554, "val_otherfurniture_val_box_ap_50": 0.3667463633796449, "val_sink_val_box_ap_50": 0.41195665854717234, "val_table_val_box_ap_50": 0.4141840715619406, "val_window_val_box_ap_50": 0.0917500559522614, "val_door_val_box_ap_50": 0.22999924026481125, "val_picture_val_box_ap_50": 0.17514608985440022, "val_cabinet_val_box_ap_50": 0.18106754769494557, "val_refridgerator_val_box_ap_50": 0.15296144903306594, "val_counter_val_box_ap_50": 0.2898045346087598, "val_desk_val_box_ap_50": 0.16177051199961845, "val_sofa_val_box_ap_50": 0.39914072050133587, "val_shower_curtain_val_box_ap_50": 0.40404159441145293, "val_bathtub_val_box_ap_50": 0.5179779247807343, "val_toilet_val_box_ap_50": 0.7805356672450889, "val_chair_val_box_ap_25": 0.7191817844432494, "val_otherfurniture_val_box_ap_25": 0.4336834654325534, "val_sink_val_box_ap_25": 0.6162230090067369, "val_table_val_box_ap_25": 0.5203466992228947, "val_window_val_box_ap_25": 0.19789796273422305, "val_door_val_box_ap_25": 0.3277463771891371, "val_picture_val_box_ap_25": 0.20461859461296444, "val_cabinet_val_box_ap_25": 0.24851484703205956, "val_refridgerator_val_box_ap_25": 0.2900677201616202, "val_counter_val_box_ap_25": 0.4134990858422113, "val_desk_val_box_ap_25": 0.30190933406638487, "val_sofa_val_box_ap_25": 0.7341058422249129, "val_shower_curtain_val_box_ap_25": 0.5958272742295299, "val_bathtub_val_box_ap_25": 0.685296813834795, "val_toilet_val_box_ap_25": 0.8646957964222152, "val_cabinet_val_ap": 0.19050011038780212, "val_cabinet_val_ap_50": 0.3214043378829956, "val_cabinet_val_ap_25": 0.4680142402648926, "val_bed_val_ap": 0.20039188861846924, "val_bed_val_ap_50": 0.4254024624824524, "val_bed_val_ap_25": 0.5052292943000793, "val_chair_val_ap": 0.6349601149559021, "val_chair_val_ap_50": 0.8108866810798645, "val_chair_val_ap_25": 0.8893158435821533, "val_sofa_val_ap": 0.42785221338272095, "val_sofa_val_ap_50": 0.6305832266807556, "val_sofa_val_ap_25": 0.8367217779159546, "val_table_val_ap": 0.414450079202652, "val_table_val_ap_50": 0.6273593902587891, "val_table_val_ap_25": 0.7180180549621582, "val_door_val_ap": 0.2804665267467499, "val_door_val_ap_50": 0.4221910238265991, "val_door_val_ap_25": 0.6008439064025879, "val_window_val_ap": 0.11254660040140152, "val_window_val_ap_50": 0.2567318081855774, "val_window_val_ap_25": 0.39701133966445923, "val_bookshelf_val_ap": 0.1329568326473236, "val_bookshelf_val_ap_50": 0.3218980133533478, "val_bookshelf_val_ap_25": 0.48238325119018555, "val_picture_val_ap": 0.3054637014865875, "val_picture_val_ap_50": 0.3947295844554901, "val_picture_val_ap_25": 0.49147796630859375, "val_counter_val_ap": 0.20956408977508545, "val_counter_val_ap_50": 0.36776217818260193, "val_counter_val_ap_25": 0.5075759291648865, "val_desk_val_ap": 0.11473733931779861, "val_desk_val_ap_50": 0.2776511609554291, "val_desk_val_ap_25": 0.4479841887950897, "val_curtain_val_ap": 0.23193196952342987, "val_curtain_val_ap_50": 0.3712071478366852, "val_curtain_val_ap_25": 0.6273743510246277, "val_refrigerator_val_ap": 0.2640205919742584, "val_refrigerator_val_ap_50": 0.42433640360832214, "val_refrigerator_val_ap_25": 0.46920284628868103, "val_shower curtain_val_ap": 0.49090132117271423, "val_shower curtain_val_ap_50": 0.7110447287559509, "val_shower curtain_val_ap_25": 0.7642080783843994, "val_toilet_val_ap": 0.7991608381271362, "val_toilet_val_ap_50": 0.9466983675956726, "val_toilet_val_ap_25": 0.9291577339172363, "val_sink_val_ap": 0.4683345854282379, "val_sink_val_ap_50": 0.6563957333564758, "val_sink_val_ap_25": 0.8470579981803894, "val_bathtub_val_ap": 0.5946429371833801, "val_bathtub_val_ap_50": 0.8267663717269897, "val_bathtub_val_ap_25": 0.8374919295310974, "val_otherfurniture_val_ap": 0.445783793926239, "val_otherfurniture_val_ap_50": 0.5698546767234802, "val_otherfurniture_val_ap_25": 0.6555574536323547, "val_mean_ap": 0.3510369658470154, "val_mean_ap_50": 0.5201612710952759, "val_mean_ap_25": 0.6374792456626892, "val_loss_ce": 2.421560287475586, "val_loss_mask": 0.1964365839958191, "val_loss_dice": 0.49290168285369873, "val_loss_ce_0": 2.0141963958740234, "val_loss_mask_0": 0.2840440273284912, "val_loss_dice_0": 0.8613512516021729, "val_loss_ce_1": 2.0141963958740234, "val_loss_mask_1": 0.2840440273284912, "val_loss_dice_1": 0.8613512516021729, "val_loss_ce_2": 4.5090508460998535, "val_loss_mask_2": 0.2917775809764862, "val_loss_dice_2": 0.8034647703170776, "val_loss_ce_3": 3.0983262062072754, "val_loss_mask_3": 0.2544913589954376, "val_loss_dice_3": 0.6824018955230713, "val_loss_ce_4": 3.7225282192230225, "val_loss_mask_4": 0.23382894694805145, "val_loss_dice_4": 0.6083860993385315, "val_loss_ce_5": 3.3224854469299316, "val_loss_mask_5": 0.21946343779563904, "val_loss_dice_5": 0.5703652501106262, "val_loss_ce_6": 3.217777967453003, "val_loss_mask_6": 0.21599382162094116, "val_loss_dice_6": 0.5380467176437378, "val_loss_ce_7": 3.105933904647827, "val_loss_mask_7": 0.2324226200580597, "val_loss_dice_7": 0.5398826003074646, "val_loss_ce_8": 2.6701018810272217, "val_loss_mask_8": 0.22836512327194214, "val_loss_dice_8": 0.5389315485954285, "val_loss_ce_9": 2.868051767349243, "val_loss_mask_9": 0.2152724415063858, "val_loss_dice_9": 0.5217729806900024, "val_loss_ce_10": 2.866849899291992, "val_loss_mask_10": 0.20500053465366364, "val_loss_dice_10": 0.5160811543464661, "val_loss_ce_11": 2.6322684288024902, "val_loss_mask_11": 0.20325694978237152, "val_loss_dice_11": 0.502072274684906, "val_loss_ce_12": 2.754600763320923, "val_loss_mask_12": 0.21103475987911224, "val_loss_dice_12": 0.5060261487960815, "val_loss_ce_13": 2.5073306560516357,