{"lr-AdamW": 6.454484441535717e-06, "trainer/global_step": 122999, "_timestamp": 1692171773.455561, "_runtime": 13012.696354866028, "_step": 388, "train_loss_ce": 0.8222309350967407, "train_loss_mask": 1.0308876037597656, "train_loss_dice": 2.616197109222412, "train_loss_ce_0": 2.3307974338531494, "train_loss_mask_0": 1.0268478393554688, "train_loss_dice_0": 3.1564087867736816, "train_loss_ce_1": 2.1952991485595703, "train_loss_mask_1": 1.0211442708969116, "train_loss_dice_1": 3.1481564044952393, "train_loss_ce_2": 1.5338900089263916, "train_loss_mask_2": 0.9872128963470459, "train_loss_dice_2": 2.932037353515625, "train_loss_ce_3": 0.9128085970878601, "train_loss_mask_3": 0.8867424130439758, "train_loss_dice_3": 2.709428310394287, "train_loss_ce_4": 0.8692049384117126, "train_loss_mask_4": 0.8732929229736328, "train_loss_dice_4": 2.634378671646118, "train_loss_ce_5": 0.6702779531478882, "train_loss_mask_5": 0.973673403263092, "train_loss_dice_5": 2.5505013465881348, "train_loss_ce_6": 0.7770866751670837, "train_loss_mask_6": 0.9544737339019775, "train_loss_dice_6": 2.5135583877563477, "train_loss_ce_7": 0.7100555896759033, "train_loss_mask_7": 0.9443387985229492, "train_loss_dice_7": 2.542923927307129, "train_loss_ce_8": 0.60137540102005, "train_loss_mask_8": 1.019046664237976, "train_loss_dice_8": 2.5805490016937256, "train_loss_ce_9": 0.7136698365211487, "train_loss_mask_9": 0.9928891062736511, "train_loss_dice_9": 2.536409854888916, "train_loss_ce_10": 0.7311768531799316, "train_loss_mask_10": 1.001064658164978, "train_loss_dice_10": 2.5660934448242188, "train_loss_ce_11": 1.0109235048294067, "train_loss_mask_11": 0.9663462042808533, "train_loss_dice_11": 2.5027942657470703, "train_loss_ce_12": 0.8719653487205505, "train_loss_mask_12": 0.9729136228561401, "train_loss_dice_12": 2.5531022548675537, "train_loss_ce_13": 1.0284852981567383, "train_loss_mask_13": 0.9759256839752197, "train_loss_dice_13": 2.546128273010254, "train_loss_ce_14": 0.7415503859519958, "train_loss_mask_14": 1.0489251613616943, "train_loss_dice_14": 2.6365039348602295, "train_mean_loss_ce": 1.0325498580932617, "train_mean_loss_mask": 0.9797328114509583, "train_mean_loss_dice": 2.670323133468628, "epoch": 306, "train_loss_mean": 65.27452087402344, "val_mean_box_ap_25": 0.1940646439044357, "val_mean_box_ap_50": 0.11515398640028793, "val_chair_val_box_ap_50": 0.26960958346991193, "val_sink_val_box_ap_50": 0.19732092306436297, "val_otherfurniture_val_box_ap_50": 0.08365199924246977, "val_table_val_box_ap_50": 0.1066768016711212, "val_desk_val_box_ap_50": 0.011815285731908556, "val_door_val_box_ap_50": 0.05656932341491416, "val_counter_val_box_ap_50": 0.0762585786899036, "val_window_val_box_ap_50": 0.01844245868173667, "val_cabinet_val_box_ap_50": 0.050497225859394715, "val_sofa_val_box_ap_50": 0.09440560093193548, "val_bookshelf_val_box_ap_50": 0.02988767234035164, "val_refridgerator_val_box_ap_50": 0.020794409198865396, "val_toilet_val_box_ap_50": 0.4954650602557923, "val_chair_val_box_ap_25": 0.359573632349213, "val_sink_val_box_ap_25": 0.33045716500628125, "val_otherfurniture_val_box_ap_25": 0.1165435028329735, "val_table_val_box_ap_25": 0.1644227225023081, "val_desk_val_box_ap_25": 0.05673798873343923, "val_door_val_box_ap_25": 0.09176434352390112, "val_counter_val_box_ap_25": 0.22730777947758643, "val_window_val_box_ap_25": 0.05082334189055716, "val_cabinet_val_box_ap_25": 0.10352066247079177, "val_sofa_val_box_ap_25": 0.2828391945636674, "val_bookshelf_val_box_ap_25": 0.04607255132283569, "val_refridgerator_val_box_ap_25": 0.06055446415312223, "val_toilet_val_box_ap_25": 0.610287712223165, "val_cabinet_val_ap": 0.05088884010910988, "val_cabinet_val_ap_50": 0.12026532739400864, "val_cabinet_val_ap_25": 0.2538709044456482, "val_bed_val_ap": 0.05087576434016228, "val_bed_val_ap_50": 0.14569121599197388, "val_bed_val_ap_25": 0.3718479871749878, "val_chair_val_ap": 0.3027631938457489, "val_chair_val_ap_50": 0.45320168137550354, "val_chair_val_ap_25": 0.5664312839508057, "val_sofa_val_ap": 0.0772133320569992, "val_sofa_val_ap_50": 0.20217232406139374, "val_sofa_val_ap_25": 0.4230305254459381, "val_table_val_ap": 0.11136433482170105, "val_table_val_ap_50": 0.21270409226417542, "val_table_val_ap_25": 0.38399049639701843, "val_door_val_ap": 0.09539458900690079, "val_door_val_ap_50": 0.17485614120960236, "val_door_val_ap_25": 0.298801988363266, "val_window_val_ap": 0.012358911335468292, "val_window_val_ap_50": 0.04410751163959503, "val_window_val_ap_25": 0.1817765086889267, "val_bookshelf_val_ap": 0.01838311180472374, "val_bookshelf_val_ap_50": 0.04474523290991783, "val_bookshelf_val_ap_25": 0.1945333331823349, "val_picture_val_ap": 0.035980165004730225, "val_picture_val_ap_50": 0.04775319993495941, "val_picture_val_ap_25": 0.08903901278972626, "val_counter_val_ap": 0.03918345645070076, "val_counter_val_ap_50": 0.13502471148967743, "val_counter_val_ap_25": 0.3314906656742096, "val_desk_val_ap": 0.005985653959214687, "val_desk_val_ap_50": 0.018810899928212166, "val_desk_val_ap_25": 0.12675346434116364, "val_curtain_val_ap": 0.002176945563405752, "val_curtain_val_ap_50": 0.005968022625893354, "val_curtain_val_ap_25": 0.06760941445827484, "val_refrigerator_val_ap": 0.042223233729600906, "val_refrigerator_val_ap_50": 0.13022875785827637, "val_refrigerator_val_ap_25": 0.18538491427898407, "val_shower curtain_val_ap": 0.19968914985656738, "val_shower curtain_val_ap_50": 0.3710061311721802, "val_shower curtain_val_ap_25": 0.40454337000846863, "val_toilet_val_ap": 0.5592936277389526, "val_toilet_val_ap_50": 0.6813477277755737, "val_toilet_val_ap_25": 0.7722257375717163, "val_sink_val_ap": 0.1844100058078766, "val_sink_val_ap_50": 0.3922119438648224, "val_sink_val_ap_25": 0.5704158544540405, "val_bathtub_val_ap": 0.33236992359161377, "val_bathtub_val_ap_50": 0.4335867166519165, "val_bathtub_val_ap_25": 0.5398304462432861, "val_otherfurniture_val_ap": 0.10445396602153778, "val_otherfurniture_val_ap_50": 0.19741137325763702, "val_otherfurniture_val_ap_25": 0.2949226498603821, "val_mean_ap": 0.12361156195402145, "val_mean_ap_50": 0.21172739565372467, "val_mean_ap_25": 0.33647215366363525, "val_loss_ce": 2.2019903659820557, "val_loss_mask": 0.32787200808525085, "val_loss_dice": 0.8830640912055969, "val_loss_ce_0": 2.127328395843506, "val_loss_mask_0": 0.3377822935581207, "val_loss_dice_0": 1.0556762218475342, "val_loss_ce_1": 2.127328395843506, "val_loss_mask_1": 0.3377822935581207, "val_loss_dice_1": 1.0556762218475342, "val_loss_ce_2": 2.255267381668091, "val_loss_mask_2": 0.5096374750137329, "val_loss_dice_2": 1.3808544874191284, "val_loss_ce_3": 2.2207071781158447, "val_loss_mask_3": 0.42447638511657715, "val_loss_dice_3": 1.2066566944122314, "val_loss_ce_4": 2.3178648948669434, "val_loss_mask_4": 0.3577461242675781, "val_loss_dice_4": 1.0636340379714966, "val_loss_ce_5": 2.7902770042419434, "val_loss_mask_5": 0.32386013865470886, "val_loss_dice_5": 1.0099759101867676, "val_loss_ce_6": 2.9132838249206543, "val_loss_mask_6": 0.3270040452480316, "val_loss_dice_6": 0.9597011208534241, "val_loss_ce_7": 2.445388078689575, "val_loss_mask_7": 0.3251008093357086, "val_loss_dice_7": 0.9590820670127869, "val_loss_ce_8": 2.3428890705108643, "val_loss_mask_8": 0.3323795795440674, "val_loss_dice_8": 0.9258840680122375, "val_loss_ce_9": 2.159532070159912, "val_loss_mask_9": 0.31680554151535034, "val_loss_dice_9": 0.9228395819664001, "val_loss_ce_10": 2.214428424835205, "val_loss_mask_10": 0.31353646516799927, "val_loss_dice_10": 0.931396484375, "val_loss_ce_11": 2.314755916595459, "val_loss_mask_11": 0.32078906893730164, "val_loss_dice_11": 0.9013673067092896, "val_loss_ce_12": 2.2236738204956055, "val_loss_mask_12": 0.31775155663490295, "val_loss_dice_12": 0.9149610996246338, "val_loss_ce_13": 2.153991937637329, "val_loss_mask_13": 0.33360591530799866, "val_loss_dice_13": 0.9037906527519226, "val_loss_ce_14": 2.0974957942962646, "val_loss_mask_14": 0.3222624659538269,