{"lr-AdamW": 6.110991071449958e-06, "trainer/global_step": 113999, "_timestamp": 1692153991.0214252, "_runtime": 826.7177982330322, "_step": 22, "train_loss_ce": 0.5556146502494812, "train_loss_mask": 0.7467671632766724, "train_loss_dice": 3.0859203338623047, "train_loss_ce_0": 3.1424999237060547, "train_loss_mask_0": 0.8415306210517883, "train_loss_dice_0": 3.580422878265381, "train_loss_ce_1": 2.4269301891326904, "train_loss_mask_1": 0.7992041110992432, "train_loss_dice_1": 3.479186773300171, "train_loss_ce_2": 1.2407145500183105, "train_loss_mask_2": 0.7752552032470703, "train_loss_dice_2": 3.312751293182373, "train_loss_ce_3": 0.9342118501663208, "train_loss_mask_3": 0.7341629266738892, "train_loss_dice_3": 3.190673828125, "train_loss_ce_4": 0.852455198764801, "train_loss_mask_4": 0.7359153628349304, "train_loss_dice_4": 3.1588428020477295, "train_loss_ce_5": 0.8267330527305603, "train_loss_mask_5": 0.7279671430587769, "train_loss_dice_5": 3.071478843688965, "train_loss_ce_6": 0.7948483824729919, "train_loss_mask_6": 0.7473868727684021, "train_loss_dice_6": 3.0213394165039062, "train_loss_ce_7": 0.8776649832725525, "train_loss_mask_7": 0.7034459114074707, "train_loss_dice_7": 3.0312628746032715, "train_loss_ce_8": 0.7012275457382202, "train_loss_mask_8": 0.7434829473495483, "train_loss_dice_8": 3.075430154800415, "train_loss_ce_9": 0.6999420523643494, "train_loss_mask_9": 0.7094191312789917, "train_loss_dice_9": 3.066612958908081, "train_loss_ce_10": 0.6521176695823669, "train_loss_mask_10": 0.7192577123641968, "train_loss_dice_10": 2.9913363456726074, "train_loss_ce_11": 0.6090905666351318, "train_loss_mask_11": 0.7050597667694092, "train_loss_dice_11": 3.0296263694763184, "train_loss_ce_12": 0.6528660655021667, "train_loss_mask_12": 0.7265259027481079, "train_loss_dice_12": 3.0939176082611084, "train_loss_ce_13": 0.6317952275276184, "train_loss_mask_13": 0.7011228799819946, "train_loss_dice_13": 3.04315185546875, "train_loss_ce_14": 0.5898709893226624, "train_loss_mask_14": 0.7380044460296631, "train_loss_dice_14": 3.088690996170044, "train_mean_loss_ce": 1.0117864608764648, "train_mean_loss_mask": 0.7409067749977112, "train_mean_loss_dice": 3.145040273666382, "epoch": 284, "train_loss_mean": 67.87528991699219}