{"lr-AdamW": 9.624415985284213e-07, "trainer/global_step": 230449, "_timestamp": 1691254677.1417236, "_runtime": 40386.33551263809, "_step": 1238, "train_loss_ce": 0.11105740815401077, "train_loss_mask": 0.21955834329128265, "train_loss_dice": 0.6058691740036011, "train_loss_ce_0": 1.4300256967544556, "train_loss_mask_0": 0.5871380567550659, "train_loss_dice_0": 1.5318595170974731, "train_loss_ce_1": 1.4300256967544556, "train_loss_mask_1": 0.5871380567550659, "train_loss_dice_1": 1.5318595170974731, "train_loss_ce_2": 0.897893488407135, "train_loss_mask_2": 0.41844457387924194, "train_loss_dice_2": 1.381394386291504, "train_loss_ce_3": 0.5021693706512451, "train_loss_mask_3": 0.31815457344055176, "train_loss_dice_3": 1.0871598720550537, "train_loss_ce_4": 0.32203131914138794, "train_loss_mask_4": 0.298933744430542, "train_loss_dice_4": 0.8448641300201416, "train_loss_ce_5": 0.24867895245552063, "train_loss_mask_5": 0.29061320424079895, "train_loss_dice_5": 0.772711992263794, "train_loss_ce_6": 0.16413775086402893, "train_loss_mask_6": 0.2673102021217346, "train_loss_dice_6": 0.7072311639785767, "train_loss_ce_7": 0.1486596018075943, "train_loss_mask_7": 0.2619277238845825, "train_loss_dice_7": 0.7062784433364868, "train_loss_ce_8": 0.16260208189487457, "train_loss_mask_8": 0.24293676018714905, "train_loss_dice_8": 0.6446475982666016, "train_loss_ce_9": 0.12751993536949158, "train_loss_mask_9": 0.23746651411056519, "train_loss_dice_9": 0.6417500972747803, "train_loss_ce_10": 0.12480330467224121, "train_loss_mask_10": 0.2253631055355072, "train_loss_dice_10": 0.6409019827842712, "train_loss_ce_11": 0.14836901426315308, "train_loss_mask_11": 0.2131652683019638, "train_loss_dice_11": 0.592390775680542, "train_loss_ce_12": 0.1390221267938614, "train_loss_mask_12": 0.22445620596408844, "train_loss_dice_12": 0.6077563762664795, "train_loss_ce_13": 0.1392967849969864, "train_loss_mask_13": 0.22466225922107697, "train_loss_dice_13": 0.594815731048584, "train_loss_ce_14": 0.14267154037952423, "train_loss_mask_14": 0.23008331656455994, "train_loss_dice_14": 0.639495313167572, "train_mean_loss_ce": 0.3899352550506592, "train_mean_loss_mask": 0.30295950174331665, "train_mean_loss_dice": 0.8456866145133972, "epoch": 574, "train_loss_mean": 27.36141014099121, "val_mean_box_ap_25": 0.6770040892136379, "val_mean_box_ap_50": 0.5313920541527994, "val_chair_val_box_ap_50": 0.8222728830743662, "val_otherfurniture_val_box_ap_50": 0.519636545494725, "val_sink_val_box_ap_50": 0.595137804946055, "val_door_val_box_ap_50": 0.45956757996677533, "val_cabinet_val_box_ap_50": 0.40812265558516503, "val_counter_val_box_ap_50": 0.4410469110273041, "val_table_val_box_ap_50": 0.6400371931155058, "val_window_val_box_ap_50": 0.29991769460322637, "val_refridgerator_val_box_ap_50": 0.42929189755836367, "val_sofa_val_box_ap_50": 0.609806628904337, "val_picture_val_box_ap_50": 0.3165600454745532, "val_desk_val_box_ap_50": 0.49208795382303555, "val_bookshelf_val_box_ap_50": 0.35983437904004095, "val_chair_val_box_ap_25": 0.8974389684644766, "val_otherfurniture_val_box_ap_25": 0.5901702801623461, "val_sink_val_box_ap_25": 0.7735766185357394, "val_door_val_box_ap_25": 0.5832753265311136, "val_cabinet_val_box_ap_25": 0.5576927337380072, "val_counter_val_box_ap_25": 0.6591589465899442, "val_table_val_box_ap_25": 0.7336402961281938, "val_window_val_box_ap_25": 0.5367884984819179, "val_refridgerator_val_box_ap_25": 0.6157736091587437, "val_sofa_val_box_ap_25": 0.7909335794835888, "val_picture_val_box_ap_25": 0.3747156089478055, "val_desk_val_box_ap_25": 0.7404844828048143, "val_bookshelf_val_box_ap_25": 0.426851666328791, "val_cabinet_val_ap": 0.4107687771320343, "val_cabinet_val_ap_50": 0.5912938714027405, "val_cabinet_val_ap_25": 0.7527128458023071, "val_bed_val_ap": 0.4681839346885681, "val_bed_val_ap_50": 0.7395122647285461, "val_bed_val_ap_25": 0.7901276350021362, "val_chair_val_ap": 0.7988101840019226, "val_chair_val_ap_50": 0.9223885536193848, "val_chair_val_ap_25": 0.9530245661735535, "val_sofa_val_ap": 0.5022809505462646, "val_sofa_val_ap_50": 0.7039228081703186, "val_sofa_val_ap_25": 0.8611623048782349, "val_table_val_ap": 0.6188699007034302, "val_table_val_ap_50": 0.7993471026420593, "val_table_val_ap_25": 0.8658323884010315, "val_door_val_ap": 0.48704448342323303, "val_door_val_ap_50": 0.6708056330680847, "val_door_val_ap_25": 0.8358100652694702, "val_window_val_ap": 0.32939955592155457, "val_window_val_ap_50": 0.5465354919433594, "val_window_val_ap_25": 0.7568607926368713, "val_bookshelf_val_ap": 0.28432485461235046, "val_bookshelf_val_ap_50": 0.4782017767429352, "val_bookshelf_val_ap_25": 0.6330676674842834, "val_picture_val_ap": 0.5439366698265076, "val_picture_val_ap_50": 0.6548759341239929, "val_picture_val_ap_25": 0.7140734195709229, "val_counter_val_ap": 0.2687540650367737, "val_counter_val_ap_50": 0.5510430932044983, "val_counter_val_ap_25": 0.6851802468299866, "val_desk_val_ap": 0.32035571336746216, "val_desk_val_ap_50": 0.6185044050216675, "val_desk_val_ap_25": 0.7871628403663635, "val_curtain_val_ap": 0.3997141122817993, "val_curtain_val_ap_50": 0.6345723271369934, "val_curtain_val_ap_25": 0.7645683884620667, "val_refrigerator_val_ap": 0.5365293622016907, "val_refrigerator_val_ap_50": 0.6937478184700012, "val_refrigerator_val_ap_25": 0.7769069075584412, "val_shower curtain_val_ap": 0.5664410591125488, "val_shower curtain_val_ap_50": 0.7246017456054688, "val_shower curtain_val_ap_25": 0.8540869951248169, "val_toilet_val_ap": 0.8595951199531555, "val_toilet_val_ap_50": 0.9655172228813171, "val_toilet_val_ap_25": 0.9655172228813171, "val_sink_val_ap": 0.5477422475814819, "val_sink_val_ap_50": 0.7200496196746826, "val_sink_val_ap_25": 0.9112064838409424, "val_bathtub_val_ap": 0.7103338241577148, "val_bathtub_val_ap_50": 0.8362264633178711, "val_bathtub_val_ap_25": 0.8362264633178711, "val_otherfurniture_val_ap": 0.568279504776001, "val_otherfurniture_val_ap_50": 0.7092972993850708, "val_otherfurniture_val_ap_25": 0.7830247282981873, "val_mean_ap": 0.512298047542572, "val_mean_ap_50": 0.6978024244308472, "val_mean_ap_25": 0.8070306777954102, "val_loss_ce": 1.035212755203247, "val_loss_mask": 0.1700860857963562, "val_loss_dice": 0.35429131984710693, "val_loss_ce_0": 1.4960241317749023, "val_loss_mask_0": 0.21711920201778412, "val_loss_dice_0": 0.6030320525169373, "val_loss_ce_1": 1.4960241317749023, "val_loss_mask_1": 0.21711920201778412, "val_loss_dice_1": 0.6030320525169373, "val_loss_ce_2": 1.0595842599868774, "val_loss_mask_2": 0.20207644999027252, "val_loss_dice_2": 0.545788049697876, "val_loss_ce_3": 0.9438886642456055, "val_loss_mask_3": 0.18659357726573944, "val_loss_dice_3": 0.482416570186615, "val_loss_ce_4": 0.8789225220680237, "val_loss_mask_4": 0.17488016188144684, "val_loss_dice_4": 0.430598646402359, "val_loss_ce_5": 0.8768739700317383, "val_loss_mask_5": 0.169256791472435, "val_loss_dice_5": 0.40051358938217163, "val_loss_ce_6": 0.9563128352165222, "val_loss_mask_6": 0.17011648416519165, "val_loss_dice_6": 0.37929025292396545, "val_loss_ce_7": 0.9563295841217041, "val_loss_mask_7": 0.16880695521831512, "val_loss_dice_7": 0.37869900465011597, "val_loss_ce_8": 0.9458552002906799, "val_loss_mask_8": 0.1689702570438385, "val_loss_dice_8": 0.3777956962585449, "val_loss_ce_9": 0.9256463646888733, "val_loss_mask_9": 0.16676251590251923, "val_loss_dice_9": 0.37197163701057434, "val_loss_ce_10": 0.9174078702926636, "val_loss_mask_10": 0.16749151051044464, "val_loss_dice_10": 0.36784616112709045, "val_loss_ce_11": 1.016299843788147, "val_loss_mask_11": 0.17043465375900269, "val_loss_dice_11": 0.3594380021095276, "val_loss_ce_12": 0.9949919581413269, "val_loss_mask_12": 0.17029023170471191, "val_loss_dice_12": 0.36119475960731506, "val_loss_ce_13": 0.9744717478752136, "val_loss_mask_13": 0.16762273013591766, "val_loss_dice_13": 0.3629133105278015, "val_loss_ce_14": 0.9405341148376465, "val_loss_mask_14": 0.167589008808136, "val_loss_dice_14": 0.36100295186042786,