{"val_mean_box_ap_25": 0.6207223361881997, "val_mean_box_ap_50": 0.5093521450758143, "val_chair_val_box_ap_50": 0.8130995161800822, "val_otherfurniture_val_box_ap_50": 0.48936374771598723, "val_cabinet_val_box_ap_50": 0.34896485101337943, "val_door_val_box_ap_50": 0.4666821167462142, "val_refridgerator_val_box_ap_50": 0.36170421633216554, "val_sink_val_box_ap_50": 0.5155097146537414, "val_window_val_box_ap_50": 0.3184629846589706, "val_table_val_box_ap_50": 0.6199221921195812, "val_sofa_val_box_ap_50": 0.49732821340445715, "val_bookshelf_val_box_ap_50": 0.3371414826230645, "val_desk_val_box_ap_50": 0.4717630245302932, "val_bathtub_val_box_ap_50": 0.8675483047006962, "val_picture_val_box_ap_50": 0.2368474674526017, "val_bed_val_box_ap_50": 0.6105769903642243, "val_shower_curtain_val_box_ap_50": 0.34047619047619043, "val_toilet_val_box_ap_50": 0.875130616509927, "val_curtain_val_box_ap_50": 0.5722208431673529, "val_counter_val_box_ap_50": 0.4255961387157296, "val_chair_val_box_ap_25": 0.8800585043081213, "val_otherfurniture_val_box_ap_25": 0.5403953854083918, "val_cabinet_val_box_ap_25": 0.46657930222337685, "val_door_val_box_ap_25": 0.5354363167944176, "val_refridgerator_val_box_ap_25": 0.4926577775311303, "val_sink_val_box_ap_25": 0.7272120013601777, "val_window_val_box_ap_25": 0.4930645855946602, "val_table_val_box_ap_25": 0.68679460383744, "val_sofa_val_box_ap_25": 0.7128299630800853, "val_bookshelf_val_box_ap_25": 0.3829058157053509, "val_desk_val_box_ap_25": 0.6576739066350847, "val_bathtub_val_box_ap_25": 0.8675483047006962, "val_picture_val_box_ap_25": 0.260205939308415, "val_bed_val_box_ap_25": 0.6687798910021132, "val_shower_curtain_val_box_ap_25": 0.7, "val_toilet_val_box_ap_25": 0.9482758620689655, "val_curtain_val_box_ap_25": 0.6661428631855151, "val_counter_val_box_ap_25": 0.48644102864365246, "val_cabinet_val_ap": 0.3504689931869507, "val_cabinet_val_ap_50": 0.4903425872325897, "val_cabinet_val_ap_25": 0.6102327704429626, "val_bed_val_ap": 0.4888390600681305, "val_bed_val_ap_50": 0.6666666865348816, "val_bed_val_ap_25": 0.6790123581886292, "val_chair_val_ap": 0.7815555334091187, "val_chair_val_ap_50": 0.891135573387146, "val_chair_val_ap_25": 0.9132688045501709, "val_sofa_val_ap": 0.3775189220905304, "val_sofa_val_ap_50": 0.5605549216270447, "val_sofa_val_ap_25": 0.7595328092575073, "val_table_val_ap": 0.5735834240913391, "val_table_val_ap_50": 0.7236424088478088, "val_table_val_ap_25": 0.7638742923736572, "val_door_val_ap": 0.4685254693031311, "val_door_val_ap_50": 0.5793829560279846, "val_door_val_ap_25": 0.6591894030570984, "val_window_val_ap": 0.3009558916091919, "val_window_val_ap_50": 0.4586687982082367, "val_window_val_ap_25": 0.5885290503501892, "val_bookshelf_val_ap": 0.28903234004974365, "val_bookshelf_val_ap_50": 0.4766063690185547, "val_bookshelf_val_ap_25": 0.6127913594245911, "val_picture_val_ap": 0.3258403241634369, "val_picture_val_ap_50": 0.38289663195610046, "val_picture_val_ap_25": 0.39505988359451294, "val_counter_val_ap": 0.2881539762020111, "val_counter_val_ap_50": 0.4104635715484619, "val_counter_val_ap_25": 0.4942537844181061, "val_desk_val_ap": 0.2966674268245697, "val_desk_val_ap_50": 0.5581207275390625, "val_desk_val_ap_25": 0.662510097026825, "val_curtain_val_ap": 0.44831326603889465, "val_curtain_val_ap_50": 0.5893403887748718, "val_curtain_val_ap_25": 0.702778697013855, "val_refrigerator_val_ap": 0.4302275776863098, "val_refrigerator_val_ap_50": 0.5215606689453125, "val_refrigerator_val_ap_25": 0.524529755115509, "val_shower curtain_val_ap": 0.4898409843444824, "val_shower curtain_val_ap_50": 0.7640990018844604, "val_shower curtain_val_ap_25": 0.8353557586669922, "val_toilet_val_ap": 0.8897581696510315, "val_toilet_val_ap_50": 0.9137930870056152, "val_toilet_val_ap_25": 0.9482758641242981, "val_sink_val_ap": 0.5173887610435486, "val_sink_val_ap_50": 0.6837259531021118, "val_sink_val_ap_25": 0.8216913342475891, "val_bathtub_val_ap": 0.7924606204032898, "val_bathtub_val_ap_50": 0.8709677457809448, "val_bathtub_val_ap_25": 0.8709677457809448, "val_otherfurniture_val_ap": 0.5134389996528625, "val_otherfurniture_val_ap_50": 0.5973366498947144, "val_otherfurniture_val_ap_25": 0.6498727202415466, "val_mean_ap": 0.47903165221214294, "val_mean_ap_50": 0.6188502907752991, "val_mean_ap_25": 0.6939848065376282, "val_loss_ce": 1.2451539039611816, "val_loss_mask": 0.1864887923002243, "val_loss_dice": 0.3533512055873871, "val_loss_ce_0": 3.8064777851104736, "val_loss_mask_0": 0.5961850881576538, "val_loss_dice_0": 1.874137043952942, "val_loss_ce_1": 1.5984375476837158, "val_loss_mask_1": 0.2962183654308319, "val_loss_dice_1": 0.7394178509712219, "val_loss_ce_2": 1.2896709442138672, "val_loss_mask_2": 0.2570037245750427, "val_loss_dice_2": 0.513846755027771, "val_loss_ce_3": 1.2464568614959717, "val_loss_mask_3": 0.2156173288822174, "val_loss_dice_3": 0.4315177798271179, "val_loss_ce_4": 1.1820368766784668, "val_loss_mask_4": 0.19375497102737427, "val_loss_dice_4": 0.3900345265865326, "val_loss_ce_5": 1.1873422861099243, "val_loss_mask_5": 0.1971747875213623, "val_loss_dice_5": 0.38711094856262207, "val_loss_ce_6": 1.1661394834518433, "val_loss_mask_6": 0.19824035465717316, "val_loss_dice_6": 0.3831423223018646, "val_loss_ce_7": 1.1951663494110107, "val_loss_mask_7": 0.19363529980182648, "val_loss_dice_7": 0.37261301279067993, "val_loss_ce_8": 1.2296645641326904, "val_loss_mask_8": 0.19023676216602325, "val_loss_dice_8": 0.36216452717781067, "val_loss_ce_9": 1.2180078029632568, "val_loss_mask_9": 0.19254451990127563, "val_loss_dice_9": 0.36297330260276794, "val_loss_ce_10": 1.2078955173492432, "val_loss_mask_10": 0.19215014576911926, "val_loss_dice_10": 0.36308807134628296, "val_loss_ce_11": 1.2229474782943726, "val_loss_mask_11": 0.1888260692358017, "val_loss_dice_11": 0.36111804842948914, "val_mean_loss_ce": 1.4457998275756836, "val_mean_loss_mask": 0.23831355571746826, "val_mean_loss_dice": 0.5303473472595215, "epoch": 0, "trainer/global_step": 0, "_timestamp": 1686193514.6157184, "_runtime": 3038.3725464344025, "_step": 0, "_wandb": {"runtime": 3037}}