{"lr-AdamW": 4.000086697024714e-10, "trainer/global_step": 241000, "_timestamp": 1691280317.3146846, "_runtime": 15105.469650745392, "_step": 461, "train_loss_ce": 0.13594581186771393, "train_loss_mask": 0.21589192748069763, "train_loss_dice": 0.957808256149292, "train_loss_ce_0": 1.73456609249115, "train_loss_mask_0": 0.44318830966949463, "train_loss_dice_0": 1.7975542545318604, "train_loss_ce_1": 1.73456609249115, "train_loss_mask_1": 0.44318830966949463, "train_loss_dice_1": 1.7975542545318604, "train_loss_ce_2": 0.9239519834518433, "train_loss_mask_2": 0.48758989572525024, "train_loss_dice_2": 1.6900447607040405, "train_loss_ce_3": 0.5259310603141785, "train_loss_mask_3": 0.31027689576148987, "train_loss_dice_3": 1.439017415046692, "train_loss_ce_4": 0.3017309606075287, "train_loss_mask_4": 0.308444619178772, "train_loss_dice_4": 1.2544562816619873, "train_loss_ce_5": 0.43024909496307373, "train_loss_mask_5": 0.28882351517677307, "train_loss_dice_5": 1.108731746673584, "train_loss_ce_6": 0.3854180872440338, "train_loss_mask_6": 0.2396184504032135, "train_loss_dice_6": 1.0338902473449707, "train_loss_ce_7": 0.3019093871116638, "train_loss_mask_7": 0.24661299586296082, "train_loss_dice_7": 1.040493369102478, "train_loss_ce_8": 0.23470847308635712, "train_loss_mask_8": 0.24656054377555847, "train_loss_dice_8": 1.0689988136291504, "train_loss_ce_9": 0.3250066339969635, "train_loss_mask_9": 0.24812614917755127, "train_loss_dice_9": 1.048504114151001, "train_loss_ce_10": 0.21902990341186523, "train_loss_mask_10": 0.25327789783477783, "train_loss_dice_10": 1.0591275691986084, "train_loss_ce_11": 0.2023559957742691, "train_loss_mask_11": 0.23313817381858826, "train_loss_dice_11": 1.0154446363449097, "train_loss_ce_12": 0.18789158761501312, "train_loss_mask_12": 0.23954692482948303, "train_loss_dice_12": 1.0077083110809326, "train_loss_ce_13": 0.15540505945682526, "train_loss_mask_13": 0.23202240467071533, "train_loss_dice_13": 1.0085396766662598, "train_loss_ce_14": 0.16124628484249115, "train_loss_mask_14": 0.22190868854522705, "train_loss_dice_14": 0.9830653667449951, "train_mean_loss_ce": 0.49749451875686646, "train_mean_loss_mask": 0.2911384701728821, "train_mean_loss_dice": 1.2069337368011475, "epoch": 600, "train_loss_mean": 27.265316009521484, "val_mean_box_ap_25": 0.6857373245006806, "val_mean_box_ap_50": 0.5265144033449198, "val_chair_val_box_ap_50": 0.8270276778587813, "val_otherfurniture_val_box_ap_50": 0.508739817229483, "val_sink_val_box_ap_50": 0.5994515860623009, "val_counter_val_box_ap_50": 0.4458444430030537, "val_cabinet_val_box_ap_50": 0.4097232160942237, "val_door_val_box_ap_50": 0.45533746955695553, "val_table_val_box_ap_50": 0.6241879387719165, "val_window_val_box_ap_50": 0.312545741364186, "val_refridgerator_val_box_ap_50": 0.46466985581609127, "val_sofa_val_box_ap_50": 0.5976267145030261, "val_picture_val_box_ap_50": 0.2960470297328902, "val_chair_val_box_ap_25": 0.9001510558254882, "val_otherfurniture_val_box_ap_25": 0.5940977361120467, "val_sink_val_box_ap_25": 0.7771132159857372, "val_counter_val_box_ap_25": 0.671356367890299, "val_cabinet_val_box_ap_25": 0.5620860512807893, "val_door_val_box_ap_25": 0.5978897929378464, "val_table_val_box_ap_25": 0.7370471423795794, "val_window_val_box_ap_25": 0.5472729425683989, "val_refridgerator_val_box_ap_25": 0.6458758537161867, "val_sofa_val_box_ap_25": 0.7916591695593518, "val_picture_val_box_ap_25": 0.35843380106943307, "val_cabinet_val_ap": 0.4090106189250946, "val_cabinet_val_ap_50": 0.6024810075759888, "val_cabinet_val_ap_25": 0.7444512844085693, "val_bed_val_ap": 0.47571977972984314, "val_bed_val_ap_50": 0.7619161009788513, "val_bed_val_ap_25": 0.8230575919151306, "val_chair_val_ap": 0.8008729815483093, "val_chair_val_ap_50": 0.9267844557762146, "val_chair_val_ap_25": 0.9536560773849487, "val_sofa_val_ap": 0.4748777747154236, "val_sofa_val_ap_50": 0.6878600716590881, "val_sofa_val_ap_25": 0.8706528544425964, "val_table_val_ap": 0.6199563145637512, "val_table_val_ap_50": 0.7983782887458801, "val_table_val_ap_25": 0.8776991367340088, "val_door_val_ap": 0.5041834115982056, "val_door_val_ap_50": 0.671996533870697, "val_door_val_ap_25": 0.8401675820350647, "val_window_val_ap": 0.3587189018726349, "val_window_val_ap_50": 0.5701419711112976, "val_window_val_ap_25": 0.7621431946754456, "val_bookshelf_val_ap": 0.3193950951099396, "val_bookshelf_val_ap_50": 0.5227081775665283, "val_bookshelf_val_ap_25": 0.6809289455413818, "val_picture_val_ap": 0.5326499938964844, "val_picture_val_ap_50": 0.6664132475852966, "val_picture_val_ap_25": 0.7091395258903503, "val_counter_val_ap": 0.25653526186943054, "val_counter_val_ap_50": 0.5320248007774353, "val_counter_val_ap_25": 0.7058623433113098, "val_desk_val_ap": 0.3402872681617737, "val_desk_val_ap_50": 0.6314972043037415, "val_desk_val_ap_25": 0.8271116018295288, "val_curtain_val_ap": 0.38231340050697327, "val_curtain_val_ap_50": 0.6045570969581604, "val_curtain_val_ap_25": 0.7536988854408264, "val_refrigerator_val_ap": 0.5547305941581726, "val_refrigerator_val_ap_50": 0.744458019733429, "val_refrigerator_val_ap_25": 0.8019638061523438, "val_shower curtain_val_ap": 0.571908712387085, "val_shower curtain_val_ap_50": 0.7256505489349365, "val_shower curtain_val_ap_25": 0.8589885830879211, "val_toilet_val_ap": 0.8924793601036072, "val_toilet_val_ap_50": 0.9655172228813171, "val_toilet_val_ap_25": 0.9655172228813171, "val_sink_val_ap": 0.549378514289856, "val_sink_val_ap_50": 0.7102997899055481, "val_sink_val_ap_25": 0.9137061238288879, "val_bathtub_val_ap": 0.723223090171814, "val_bathtub_val_ap_50": 0.8685765862464905, "val_bathtub_val_ap_25": 0.8685765862464905, "val_otherfurniture_val_ap": 0.5765512585639954, "val_otherfurniture_val_ap_50": 0.7167649865150452, "val_otherfurniture_val_ap_25": 0.8002414703369141, "val_mean_ap": 0.519044041633606, "val_mean_ap_50": 0.7060014605522156, "val_mean_ap_25": 0.8198646306991577, "val_loss_ce": 1.0185019969940186, "val_loss_mask": 0.16811096668243408, "val_loss_dice": 0.3484358489513397, "val_loss_ce_0": 1.488598346710205, "val_loss_mask_0": 0.2173604518175125, "val_loss_dice_0": 0.5990316867828369, "val_loss_ce_1": 1.488598346710205, "val_loss_mask_1": 0.2173604518175125, "val_loss_dice_1": 0.5990316867828369, "val_loss_ce_2": 1.0613913536071777, "val_loss_mask_2": 0.19913910329341888, "val_loss_dice_2": 0.5430317521095276, "val_loss_ce_3": 0.9386119842529297, "val_loss_mask_3": 0.18599818646907806, "val_loss_dice_3": 0.47798433899879456, "val_loss_ce_4": 0.8756582140922546, "val_loss_mask_4": 0.1738806664943695, "val_loss_dice_4": 0.4255211055278778, "val_loss_ce_5": 0.863258957862854, "val_loss_mask_5": 0.16921910643577576, "val_loss_dice_5": 0.3956730365753174, "val_loss_ce_6": 0.9420123100280762, "val_loss_mask_6": 0.16742457449436188, "val_loss_dice_6": 0.3739014267921448, "val_loss_ce_7": 0.9510467052459717, "val_loss_mask_7": 0.16822221875190735, "val_loss_dice_7": 0.3756045997142792, "val_loss_ce_8": 0.9377731680870056, "val_loss_mask_8": 0.16921564936637878, "val_loss_dice_8": 0.3737262785434723, "val_loss_ce_9": 0.9133358001708984, "val_loss_mask_9": 0.16912919282913208, "val_loss_dice_9": 0.3689142167568207, "val_loss_ce_10": 0.9089387655258179, "val_loss_mask_10": 0.16451673209667206, "val_loss_dice_10": 0.3631293475627899, "val_loss_ce_11": 0.9896078109741211, "val_loss_mask_11": 0.16865964233875275, "val_loss_dice_11": 0.3549872040748596, "val_loss_ce_12": 0.9943127632141113, "val_loss_mask_12": 0.16947859525680542, "val_loss_dice_12": 0.35573843121528625, "val_loss_ce_13": 0.9684723615646362, "val_loss_mask_13": 0.167972594499588, "val_loss_dice_13": 0.3586002290248871, "val_loss_ce_14": 0.9391844272613525, "val_loss_mask_14": 0.16597655415534973, "val_loss_dice_14": 0.35593560338020325, "val_mean_loss_ce": 1.0174564123153687, "val_mean_loss_mask": 0.17760403454303741, "val_mean_loss_dice": 0.416827917098999, "val_desk_val_box_ap_50": 0.4935376072552607,