{"val_mean_box_ap_25": 0.28025912576137446, "val_mean_box_ap_50": 0.2219385085388577, "val_door_val_box_ap_50": 0.2826605488354612, "val_table_val_box_ap_50": 0.40148802190331057, "val_bed_val_box_ap_50": 0.4586598119377362, "val_sofa_val_box_ap_50": 0.21514334793498077, "val_picture_val_box_ap_50": 0.04520882525997615, "val_chair_val_box_ap_50": 0.14518552323436346, "val_window_val_box_ap_50": 0.07329903013224959, "val_curtain_val_box_ap_50": 0.3303489346022994, "val_toilet_val_box_ap_50": 0.7015707902567254, "val_otherfurniture_val_box_ap_50": 0.02678729082899887, "val_desk_val_box_ap_50": 0.09976073183915037, "val_bookshelf_val_box_ap_50": 0.05194805194805195, "val_bathtub_val_box_ap_50": 0.6241234221598877, "val_sink_val_box_ap_50": 0.4069185102907767, "val_shower_curtain_val_box_ap_50": 0.0, "val_cabinet_val_box_ap_50": 0.05369764496911838, "val_counter_val_box_ap_50": 0.026923076923076925, "val_refridgerator_val_box_ap_50": 0.05116959064327485, "val_door_val_box_ap_25": 0.37100921969731576, "val_table_val_box_ap_25": 0.46905199949535215, "val_bed_val_box_ap_25": 0.6130143383710767, "val_sofa_val_box_ap_25": 0.26502388722299247, "val_picture_val_box_ap_25": 0.05201220732273186, "val_chair_val_box_ap_25": 0.1640968036346097, "val_window_val_box_ap_25": 0.1304949458691894, "val_curtain_val_box_ap_25": 0.43966991462516997, "val_toilet_val_box_ap_25": 0.8459097369692475, "val_otherfurniture_val_box_ap_25": 0.02678729082899887, "val_desk_val_box_ap_25": 0.20945710514536647, "val_bookshelf_val_box_ap_25": 0.05194805194805195, "val_bathtub_val_box_ap_25": 0.6816269284712482, "val_sink_val_box_ap_25": 0.49419247865368576, "val_shower_curtain_val_box_ap_25": 0.047619047619047616, "val_cabinet_val_box_ap_25": 0.06606114903623356, "val_counter_val_box_ap_25": 0.04358974358974359, "val_refridgerator_val_box_ap_25": 0.07309941520467836, "val_cabinet_val_ap": 0.053638093173503876, "val_cabinet_val_ap_50": 0.07078985124826431, "val_cabinet_val_ap_25": 0.08198533952236176, "val_bed_val_ap": 0.3739195168018341, "val_bed_val_ap_50": 0.5961650609970093, "val_bed_val_ap_25": 0.638792872428894, "val_chair_val_ap": 0.1424921602010727, "val_chair_val_ap_50": 0.16450119018554688, "val_chair_val_ap_25": 0.16950900852680206, "val_sofa_val_ap": 0.16377057135105133, "val_sofa_val_ap_50": 0.2562454640865326, "val_sofa_val_ap_25": 0.3117753267288208, "val_table_val_ap": 0.37930378317832947, "val_table_val_ap_50": 0.5068894028663635, "val_table_val_ap_25": 0.5890344977378845, "val_door_val_ap": 0.2943473756313324, "val_door_val_ap_50": 0.39866402745246887, "val_door_val_ap_25": 0.4665239453315735, "val_window_val_ap": 0.09093987941741943, "val_window_val_ap_50": 0.14435727894306183, "val_window_val_ap_25": 0.16826088726520538, "val_bookshelf_val_ap": 0.0043290043249726295, "val_bookshelf_val_ap_50": 0.025974025949835777, "val_bookshelf_val_ap_25": 0.07353123277425766, "val_picture_val_ap": 0.08219031989574432, "val_picture_val_ap_50": 0.11195366084575653, "val_picture_val_ap_25": 0.1218111589550972, "val_counter_val_ap": 0.009077705442905426, "val_counter_val_ap_50": 0.03104575164616108, "val_counter_val_ap_25": 0.05882352963089943, "val_desk_val_ap": 0.06665731221437454, "val_desk_val_ap_50": 0.12036409229040146, "val_desk_val_ap_25": 0.22179965674877167, "val_curtain_val_ap": 0.2652146816253662, "val_curtain_val_ap_50": 0.3920953571796417, "val_curtain_val_ap_25": 0.5314327478408813, "val_refrigerator_val_ap": 0.053752437233924866, "val_refrigerator_val_ap_50": 0.06622806936502457, "val_refrigerator_val_ap_25": 0.08771929889917374, "val_shower curtain_val_ap": 0.05099206417798996, "val_shower curtain_val_ap_50": 0.1785714328289032, "val_shower curtain_val_ap_25": 0.1785714328289032, "val_toilet_val_ap": 0.775260865688324, "val_toilet_val_ap_50": 0.8655080199241638, "val_toilet_val_ap_25": 0.881818413734436, "val_sink_val_ap": 0.37192314863204956, "val_sink_val_ap_50": 0.47047069668769836, "val_sink_val_ap_25": 0.6237062215805054, "val_bathtub_val_ap": 0.5191876888275146, "val_bathtub_val_ap_50": 0.6436811089515686, "val_bathtub_val_ap_25": 0.6436811089515686, "val_otherfurniture_val_ap": 0.02926221676170826, "val_otherfurniture_val_ap_50": 0.03158019483089447, "val_otherfurniture_val_ap_25": 0.03219696879386902, "val_mean_ap": 0.20701438188552856, "val_mean_ap_50": 0.28194916248321533, "val_mean_ap_25": 0.3267207741737366, "val_loss_ce": 4.785645008087158, "val_loss_mask": 0.22357477247714996, "val_loss_dice": 0.4949915409088135, "val_loss_ce_0": 5.126230716705322, "val_loss_mask_0": 0.6119896173477173, "val_loss_dice_0": 1.49604332447052, "val_loss_ce_1": 5.126230716705322, "val_loss_mask_1": 0.6119896173477173, "val_loss_dice_1": 1.49604332447052, "val_loss_ce_2": 4.724138259887695, "val_loss_mask_2": 0.42637062072753906, "val_loss_dice_2": 1.2461313009262085, "val_loss_ce_3": 3.7586417198181152, "val_loss_mask_3": 0.3108738362789154, "val_loss_dice_3": 0.9212519526481628, "val_loss_ce_4": 4.158240795135498, "val_loss_mask_4": 0.24766111373901367, "val_loss_dice_4": 0.7187066078186035, "val_loss_ce_5": 3.747943878173828, "val_loss_mask_5": 0.24081513285636902, "val_loss_dice_5": 0.6167598962783813, "val_loss_ce_6": 4.5020575523376465, "val_loss_mask_6": 0.2341257631778717, "val_loss_dice_6": 0.597494900226593, "val_loss_ce_7": 4.032673358917236, "val_loss_mask_7": 0.2239333540201187, "val_loss_dice_7": 0.5695124268531799, "val_loss_ce_8": 4.749695777893066, "val_loss_mask_8": 0.21515056490898132, "val_loss_dice_8": 0.5412126779556274, "val_loss_ce_9": 4.423295974731445, "val_loss_mask_9": 0.22211673855781555, "val_loss_dice_9": 0.5229931473731995, "val_loss_ce_10": 5.196137428283691, "val_loss_mask_10": 0.21661007404327393, "val_loss_dice_10": 0.5203320384025574, "val_loss_ce_11": 4.6707353591918945, "val_loss_mask_11": 0.20730149745941162, "val_loss_dice_11": 0.5124529004096985, "val_mean_loss_ce": 4.5385894775390625, "val_mean_loss_mask": 0.3071163594722748, "val_mean_loss_dice": 0.7887635231018066, "epoch": 0, "trainer/global_step": 0, "_timestamp": 1715095228.9182243, "_runtime": 8255.245499372482, "_step": 0, "_wandb": {"runtime": 8254}}