{"val_mean_box_ap_25": 0.6228732238105043, "val_mean_box_ap_50": 0.5087213421673216, "val_chair_val_box_ap_50": 0.8177016827802301, "val_otherfurniture_val_box_ap_50": 0.4839922697958835, "val_cabinet_val_box_ap_50": 0.3615720825499075, "val_door_val_box_ap_50": 0.44910089429581135, "val_sink_val_box_ap_50": 0.566607748141224, "val_refridgerator_val_box_ap_50": 0.36210689261854323, "val_window_val_box_ap_50": 0.31799805440292006, "val_table_val_box_ap_50": 0.5800769140763686, "val_sofa_val_box_ap_50": 0.497342964871522, "val_bookshelf_val_box_ap_50": 0.38174534409510613, "val_desk_val_box_ap_50": 0.4423938257321602, "val_picture_val_box_ap_50": 0.2916183085934588, "val_bathtub_val_box_ap_50": 0.7211883098979873, "val_bed_val_box_ap_50": 0.6711018344773818, "val_shower_curtain_val_box_ap_50": 0.2965608465608465, "val_curtain_val_box_ap_50": 0.5844661969940047, "val_toilet_val_box_ap_50": 0.9125615763546797, "val_counter_val_box_ap_50": 0.4188484127737521, "val_chair_val_box_ap_25": 0.8841982447118495, "val_otherfurniture_val_box_ap_25": 0.5393024563401616, "val_cabinet_val_box_ap_25": 0.4960202819917354, "val_door_val_box_ap_25": 0.5472270025923537, "val_sink_val_box_ap_25": 0.7515139683193743, "val_refridgerator_val_box_ap_25": 0.5191617622827227, "val_window_val_box_ap_25": 0.5072618975922895, "val_table_val_box_ap_25": 0.6407584359273389, "val_sofa_val_box_ap_25": 0.7187291122882563, "val_bookshelf_val_box_ap_25": 0.4329141271242924, "val_desk_val_box_ap_25": 0.6501359082744443, "val_picture_val_box_ap_25": 0.3123392444540022, "val_bathtub_val_box_ap_25": 0.76095947063689, "val_bed_val_box_ap_25": 0.759445807162407, "val_shower_curtain_val_box_ap_25": 0.5839285714285715, "val_curtain_val_box_ap_25": 0.6877653592261045, "val_toilet_val_box_ap_25": 0.9791871921182267, "val_counter_val_box_ap_25": 0.4408691861180549, "val_cabinet_val_ap": 0.3570796847343445, "val_cabinet_val_ap_50": 0.5156757235527039, "val_cabinet_val_ap_25": 0.618735134601593, "val_bed_val_ap": 0.5528168678283691, "val_bed_val_ap_50": 0.7412441372871399, "val_bed_val_ap_25": 0.7651781439781189, "val_chair_val_ap": 0.7846941947937012, "val_chair_val_ap_50": 0.8971952199935913, "val_chair_val_ap_25": 0.921113133430481, "val_sofa_val_ap": 0.3595382273197174, "val_sofa_val_ap_50": 0.5575509667396545, "val_sofa_val_ap_25": 0.7675777077674866, "val_table_val_ap": 0.5336641073226929, "val_table_val_ap_50": 0.6828196048736572, "val_table_val_ap_25": 0.7328055500984192, "val_door_val_ap": 0.44986027479171753, "val_door_val_ap_50": 0.5712547302246094, "val_door_val_ap_25": 0.643592119216919, "val_window_val_ap": 0.30847784876823425, "val_window_val_ap_50": 0.4740672707557678, "val_window_val_ap_25": 0.5956475138664246, "val_bookshelf_val_ap": 0.30589738488197327, "val_bookshelf_val_ap_50": 0.5006811022758484, "val_bookshelf_val_ap_25": 0.6272767782211304, "val_picture_val_ap": 0.3771143853664398, "val_picture_val_ap_50": 0.45445939898490906, "val_picture_val_ap_25": 0.46703511476516724, "val_counter_val_ap": 0.23811008036136627, "val_counter_val_ap_50": 0.36640116572380066, "val_counter_val_ap_25": 0.46344658732414246, "val_desk_val_ap": 0.27913492918014526, "val_desk_val_ap_50": 0.5521489381790161, "val_desk_val_ap_25": 0.6512817740440369, "val_curtain_val_ap": 0.46746760606765747, "val_curtain_val_ap_50": 0.6597667932510376, "val_curtain_val_ap_25": 0.724723219871521, "val_refrigerator_val_ap": 0.4123987853527069, "val_refrigerator_val_ap_50": 0.5557571649551392, "val_refrigerator_val_ap_25": 0.5578823089599609, "val_shower curtain_val_ap": 0.4404352009296417, "val_shower curtain_val_ap_50": 0.6889297962188721, "val_shower curtain_val_ap_25": 0.7668139338493347, "val_toilet_val_ap": 0.9246320724487305, "val_toilet_val_ap_50": 0.9482758641242981, "val_toilet_val_ap_25": 0.9815694093704224, "val_sink_val_ap": 0.520089328289032, "val_sink_val_ap_50": 0.7211998701095581, "val_sink_val_ap_25": 0.8501962423324585, "val_bathtub_val_ap": 0.6705034971237183, "val_bathtub_val_ap_50": 0.774193525314331, "val_bathtub_val_ap_25": 0.774193525314331, "val_otherfurniture_val_ap": 0.5212472081184387, "val_otherfurniture_val_ap_50": 0.6043443083763123, "val_otherfurniture_val_ap_25": 0.6549437642097473, "val_mean_ap": 0.4723978638648987, "val_mean_ap_50": 0.6258869767189026, "val_mean_ap_25": 0.6980006694793701, "val_loss_ce": 1.2329707145690918, "val_loss_mask": 0.18553069233894348, "val_loss_dice": 0.35105565190315247, "val_loss_ce_0": 3.8064777851104736, "val_loss_mask_0": 0.5961850881576538, "val_loss_dice_0": 1.874137043952942, "val_loss_ce_1": 1.7610089778900146, "val_loss_mask_1": 0.2883211672306061, "val_loss_dice_1": 0.7292341589927673, "val_loss_ce_2": 1.390336036682129, "val_loss_mask_2": 0.2288234978914261, "val_loss_dice_2": 0.5078105330467224, "val_loss_ce_3": 1.2622243165969849, "val_loss_mask_3": 0.20431244373321533, "val_loss_dice_3": 0.427749365568161, "val_loss_ce_4": 1.2221574783325195, "val_loss_mask_4": 0.19113655388355255, "val_loss_dice_4": 0.3840472996234894, "val_loss_ce_5": 1.2233811616897583, "val_loss_mask_5": 0.19614730775356293, "val_loss_dice_5": 0.3839373290538788, "val_loss_ce_6": 1.1918213367462158, "val_loss_mask_6": 0.1914883255958557, "val_loss_dice_6": 0.37966275215148926, "val_loss_ce_7": 1.1845507621765137, "val_loss_mask_7": 0.1896611601114273, "val_loss_dice_7": 0.37148767709732056, "val_loss_ce_8": 1.2055326700210571, "val_loss_mask_8": 0.18640701472759247, "val_loss_dice_8": 0.3577756881713867, "val_loss_ce_9": 1.2151033878326416, "val_loss_mask_9": 0.1914064735174179, "val_loss_dice_9": 0.3597741723060608, "val_loss_ce_10": 1.1932365894317627, "val_loss_mask_10": 0.18567954003810883, "val_loss_dice_10": 0.3624159097671509, "val_loss_ce_11": 1.19534432888031, "val_loss_mask_11": 0.18539440631866455, "val_loss_dice_11": 0.359517365694046, "val_mean_loss_ce": 1.4680112600326538, "val_mean_loss_mask": 0.23234567046165466, "val_mean_loss_dice": 0.5268157720565796, "epoch": 0, "trainer/global_step": 0, "_timestamp": 1686129344.9563842, "_runtime": 3159.623109102249, "_step": 0, "_wandb": {"runtime": 3159}}