{"val_mean_box_ap_25": 0.5584191350700318, "val_mean_box_ap_50": 0.4685419509439545, "val_chair_val_box_ap_50": 0.6405505257067912, "val_cabinet_val_box_ap_50": 0.3343436585024323, "val_sink_val_box_ap_50": 0.548000891446036, "val_otherfurniture_val_box_ap_50": 0.45923698191993695, "val_door_val_box_ap_50": 0.377744092604673, "val_window_val_box_ap_50": 0.33270178922725424, "val_table_val_box_ap_50": 0.5516874112213113, "val_counter_val_box_ap_50": 0.47525815059751714, "val_sofa_val_box_ap_50": 0.46676836513538245, "val_bookshelf_val_box_ap_50": 0.27503654462246585, "val_desk_val_box_ap_50": 0.35598119277984336, "val_picture_val_box_ap_50": 0.2757309634049115, "val_bathtub_val_box_ap_50": 0.8339307048984468, "val_bed_val_box_ap_50": 0.6734581726291033, "val_shower_curtain_val_box_ap_50": 0.27071886446886445, "val_curtain_val_box_ap_50": 0.5323067382329894, "val_toilet_val_box_ap_50": 0.7509578544061302, "val_refridgerator_val_box_ap_50": 0.27934221518709057, "val_chair_val_box_ap_25": 0.704507274533229, "val_cabinet_val_box_ap_25": 0.4399759546513138, "val_sink_val_box_ap_25": 0.7313309977784551, "val_otherfurniture_val_box_ap_25": 0.5018036123128932, "val_door_val_box_ap_25": 0.44211615884755373, "val_window_val_box_ap_25": 0.4780643572742537, "val_table_val_box_ap_25": 0.6128865598881079, "val_counter_val_box_ap_25": 0.5018273581621997, "val_sofa_val_box_ap_25": 0.678114371716281, "val_bookshelf_val_box_ap_25": 0.303865487722669, "val_desk_val_box_ap_25": 0.581979113127761, "val_picture_val_box_ap_25": 0.2989311749428404, "val_bathtub_val_box_ap_25": 0.8339307048984468, "val_bed_val_box_ap_25": 0.7332846954673221, "val_shower_curtain_val_box_ap_25": 0.44642857142857145, "val_curtain_val_box_ap_25": 0.5855349411100069, "val_toilet_val_box_ap_25": 0.7931034482758621, "val_refridgerator_val_box_ap_25": 0.383859649122807, "val_cabinet_val_ap": 0.3395894765853882, "val_cabinet_val_ap_50": 0.4860243499279022, "val_cabinet_val_ap_25": 0.5752037763595581, "val_bed_val_ap": 0.5551719665527344, "val_bed_val_ap_50": 0.7787153124809265, "val_bed_val_ap_25": 0.7917900085449219, "val_chair_val_ap": 0.6165292859077454, "val_chair_val_ap_50": 0.7192925810813904, "val_chair_val_ap_25": 0.7408577799797058, "val_sofa_val_ap": 0.3512783646583557, "val_sofa_val_ap_50": 0.5669264197349548, "val_sofa_val_ap_25": 0.7335153222084045, "val_table_val_ap": 0.4996582865715027, "val_table_val_ap_50": 0.6224534511566162, "val_table_val_ap_25": 0.6586348414421082, "val_door_val_ap": 0.35641324520111084, "val_door_val_ap_50": 0.45322445034980774, "val_door_val_ap_25": 0.49984994530677795, "val_window_val_ap": 0.29346930980682373, "val_window_val_ap_50": 0.4586329460144043, "val_window_val_ap_25": 0.5669348239898682, "val_bookshelf_val_ap": 0.2390093356370926, "val_bookshelf_val_ap_50": 0.3787899315357208, "val_bookshelf_val_ap_25": 0.4882352650165558, "val_picture_val_ap": 0.380182683467865, "val_picture_val_ap_50": 0.4618326723575592, "val_picture_val_ap_25": 0.47491973638534546, "val_counter_val_ap": 0.27112457156181335, "val_counter_val_ap_50": 0.43597859144210815, "val_counter_val_ap_25": 0.48108428716659546, "val_desk_val_ap": 0.24101240932941437, "val_desk_val_ap_50": 0.4894075095653534, "val_desk_val_ap_25": 0.5989437699317932, "val_curtain_val_ap": 0.3581291735172272, "val_curtain_val_ap_50": 0.5448733568191528, "val_curtain_val_ap_25": 0.6220849752426147, "val_refrigerator_val_ap": 0.3241213262081146, "val_refrigerator_val_ap_50": 0.3844711482524872, "val_refrigerator_val_ap_25": 0.38518479466438293, "val_shower curtain_val_ap": 0.39864465594291687, "val_shower curtain_val_ap_50": 0.6714742183685303, "val_shower curtain_val_ap_25": 0.7098116874694824, "val_toilet_val_ap": 0.737994909286499, "val_toilet_val_ap_50": 0.7586206793785095, "val_toilet_val_ap_25": 0.7931034564971924, "val_sink_val_ap": 0.5163074731826782, "val_sink_val_ap_50": 0.7037295699119568, "val_sink_val_ap_25": 0.7983428835868835, "val_bathtub_val_ap": 0.7712986469268799, "val_bathtub_val_ap_50": 0.8387096524238586, "val_bathtub_val_ap_25": 0.8387096524238586, "val_otherfurniture_val_ap": 0.4921714663505554, "val_otherfurniture_val_ap_50": 0.5761930346488953, "val_otherfurniture_val_ap_25": 0.6224864721298218, "val_mean_ap": 0.43011704087257385, "val_mean_ap_50": 0.5738527774810791, "val_mean_ap_25": 0.6322051882743835, "val_loss_ce": 1.6496821641921997, "val_loss_mask": 0.23506402969360352, "val_loss_dice": 0.4652201533317566, "val_loss_ce_0": 3.8064777851104736, "val_loss_mask_0": 0.5956758856773376, "val_loss_dice_0": 1.8743910789489746, "val_loss_ce_1": 4.458099842071533, "val_loss_mask_1": 0.6715714931488037, "val_loss_dice_1": 1.182963490486145, "val_loss_ce_2": 3.5842463970184326, "val_loss_mask_2": 0.5207597613334656, "val_loss_dice_2": 0.9086133241653442, "val_loss_ce_3": 2.7246932983398438, "val_loss_mask_3": 0.36417099833488464, "val_loss_dice_3": 0.7217321991920471, "val_loss_ce_4": 2.4045588970184326, "val_loss_mask_4": 0.3069695234298706, "val_loss_dice_4": 0.6082518696784973, "val_loss_ce_5": 2.237638235092163, "val_loss_mask_5": 0.3086252212524414, "val_loss_dice_5": 0.5991981029510498, "val_loss_ce_6": 1.9775354862213135, "val_loss_mask_6": 0.29176077246665955, "val_loss_dice_6": 0.5717195272445679, "val_loss_ce_7": 1.8339471817016602, "val_loss_mask_7": 0.26804137229919434, "val_loss_dice_7": 0.5369347929954529, "val_loss_ce_8": 1.7961775064468384, "val_loss_mask_8": 0.24771305918693542, "val_loss_dice_8": 0.5011441707611084, "val_loss_ce_9": 1.76077401638031, "val_loss_mask_9": 0.2532314956188202, "val_loss_dice_9": 0.5003589987754822, "val_loss_ce_10": 1.6712480783462524, "val_loss_mask_10": 0.24917863309383392, "val_loss_dice_10": 0.49468162655830383, "val_loss_ce_11": 1.636924147605896, "val_loss_mask_11": 0.23916512727737427, "val_loss_dice_11": 0.4805920720100403, "val_mean_loss_ce": 2.4263079166412354, "val_mean_loss_mask": 0.3501482605934143, "val_mean_loss_dice": 0.7266001105308533, "epoch": 0, "trainer/global_step": 0, "_timestamp": 1686110245.8465457, "_runtime": 3429.548457622528, "_step": 0, "_wandb": {"runtime": 3428}}