{"val_mean_box_ap_25": 0.6274388271990161, "val_mean_box_ap_50": 0.5269572424122719, "val_chair_val_box_ap_50": 0.7982435171358241, "val_otherfurniture_val_box_ap_50": 0.48097471828501104, "val_sink_val_box_ap_50": 0.5929577076180383, "val_cabinet_val_box_ap_50": 0.369243657514179, "val_door_val_box_ap_50": 0.4897618824837692, "val_counter_val_box_ap_50": 0.49653656869240825, "val_window_val_box_ap_50": 0.33603774340348663, "val_table_val_box_ap_50": 0.6544502762188483, "val_sofa_val_box_ap_50": 0.45633046191378307, "val_desk_val_box_ap_50": 0.4404710361209484, "val_bookshelf_val_box_ap_50": 0.37680794657538846, "val_picture_val_box_ap_50": 0.25439408712772565, "val_bathtub_val_box_ap_50": 0.8277206664303439, "val_shower_curtain_val_box_ap_50": 0.4601190476190476, "val_bed_val_box_ap_50": 0.6405656835008684, "val_toilet_val_box_ap_50": 0.8576609785375133, "val_curtain_val_box_ap_50": 0.5829430987199606, "val_refridgerator_val_box_ap_50": 0.37001128552375084, "val_chair_val_box_ap_25": 0.8589392732139489, "val_otherfurniture_val_box_ap_25": 0.5292926140894373, "val_sink_val_box_ap_25": 0.7688960222331068, "val_cabinet_val_box_ap_25": 0.4798927819941644, "val_door_val_box_ap_25": 0.570679978610733, "val_counter_val_box_ap_25": 0.5712842049255094, "val_window_val_box_ap_25": 0.4856179686983849, "val_table_val_box_ap_25": 0.7192512042206058, "val_sofa_val_box_ap_25": 0.7144855770335272, "val_desk_val_box_ap_25": 0.6492654533966662, "val_bookshelf_val_box_ap_25": 0.41556996692655596, "val_picture_val_box_ap_25": 0.27411092683584887, "val_bathtub_val_box_ap_25": 0.8277206664303439, "val_shower_curtain_val_box_ap_25": 0.6488095238095237, "val_bed_val_box_ap_25": 0.7189288435510128, "val_toilet_val_box_ap_25": 0.9187424481829167, "val_curtain_val_box_ap_25": 0.6741207265790232, "val_refridgerator_val_box_ap_25": 0.4682907088509804, "val_cabinet_val_ap": 0.3479219377040863, "val_cabinet_val_ap_50": 0.5065587162971497, "val_cabinet_val_ap_25": 0.6213841438293457, "val_bed_val_ap": 0.5010602474212646, "val_bed_val_ap_50": 0.7233282923698425, "val_bed_val_ap_25": 0.7233282923698425, "val_chair_val_ap": 0.7669860124588013, "val_chair_val_ap_50": 0.8730918765068054, "val_chair_val_ap_25": 0.8965380787849426, "val_sofa_val_ap": 0.39021387696266174, "val_sofa_val_ap_50": 0.5987353920936584, "val_sofa_val_ap_25": 0.7602470517158508, "val_table_val_ap": 0.6011876463890076, "val_table_val_ap_50": 0.7515649795532227, "val_table_val_ap_25": 0.779446542263031, "val_door_val_ap": 0.49550917744636536, "val_door_val_ap_50": 0.6262812614440918, "val_door_val_ap_25": 0.689005970954895, "val_window_val_ap": 0.3173958659172058, "val_window_val_ap_50": 0.4775712788105011, "val_window_val_ap_25": 0.5973701477050781, "val_bookshelf_val_ap": 0.26009467244148254, "val_bookshelf_val_ap_50": 0.45872461795806885, "val_bookshelf_val_ap_25": 0.6081691384315491, "val_picture_val_ap": 0.34291189908981323, "val_picture_val_ap_50": 0.41360223293304443, "val_picture_val_ap_25": 0.42534953355789185, "val_counter_val_ap": 0.28764504194259644, "val_counter_val_ap_50": 0.4682409465312958, "val_counter_val_ap_25": 0.5693369507789612, "val_desk_val_ap": 0.2930815517902374, "val_desk_val_ap_50": 0.5281513929367065, "val_desk_val_ap_25": 0.6648154258728027, "val_curtain_val_ap": 0.43219825625419617, "val_curtain_val_ap_50": 0.6213454008102417, "val_curtain_val_ap_25": 0.694347083568573, "val_refrigerator_val_ap": 0.39989301562309265, "val_refrigerator_val_ap_50": 0.5025990605354309, "val_refrigerator_val_ap_25": 0.5025990605354309, "val_shower curtain_val_ap": 0.4780771732330322, "val_shower curtain_val_ap_50": 0.7737231850624084, "val_shower curtain_val_ap_25": 0.8517042398452759, "val_toilet_val_ap": 0.8497102856636047, "val_toilet_val_ap_50": 0.8951704502105713, "val_toilet_val_ap_25": 0.9120897650718689, "val_sink_val_ap": 0.5391591191291809, "val_sink_val_ap_50": 0.7280598878860474, "val_sink_val_ap_25": 0.8631212115287781, "val_bathtub_val_ap": 0.7406070232391357, "val_bathtub_val_ap_50": 0.8387096524238586, "val_bathtub_val_ap_25": 0.8387096524238586, "val_otherfurniture_val_ap": 0.5081672668457031, "val_otherfurniture_val_ap_50": 0.6033738255500793, "val_otherfurniture_val_ap_25": 0.645815908908844, "val_mean_ap": 0.475101113319397, "val_mean_ap_50": 0.6327129006385803, "val_mean_ap_25": 0.7024099230766296, "val_loss_ce": 1.2209564447402954, "val_loss_mask": 0.18265162408351898, "val_loss_dice": 0.3520302474498749, "val_loss_ce_0": 3.8064777851104736, "val_loss_mask_0": 0.5956758856773376, "val_loss_dice_0": 1.8743910789489746, "val_loss_ce_1": 1.6979224681854248, "val_loss_mask_1": 0.3340011239051819, "val_loss_dice_1": 0.7827438116073608, "val_loss_ce_2": 1.487912654876709, "val_loss_mask_2": 0.24706915020942688, "val_loss_dice_2": 0.5325306057929993, "val_loss_ce_3": 1.3708361387252808, "val_loss_mask_3": 0.2036798745393753, "val_loss_dice_3": 0.4354986250400543, "val_loss_ce_4": 1.2680860757827759, "val_loss_mask_4": 0.19429516792297363, "val_loss_dice_4": 0.39027896523475647, "val_loss_ce_5": 1.2423810958862305, "val_loss_mask_5": 0.19554182887077332, "val_loss_dice_5": 0.3891311287879944, "val_loss_ce_6": 1.2360566854476929, "val_loss_mask_6": 0.19246822595596313, "val_loss_dice_6": 0.38222432136535645, "val_loss_ce_7": 1.2240629196166992, "val_loss_mask_7": 0.18718695640563965, "val_loss_dice_7": 0.37173452973365784, "val_loss_ce_8": 1.2380237579345703, "val_loss_mask_8": 0.18407122790813446, "val_loss_dice_8": 0.35760900378227234, "val_loss_ce_9": 1.2420885562896729, "val_loss_mask_9": 0.18498986959457397, "val_loss_dice_9": 0.35947689414024353, "val_loss_ce_10": 1.2265243530273438, "val_loss_mask_10": 0.18258319795131683, "val_loss_dice_10": 0.3611488938331604, "val_loss_ce_11": 1.220784068107605, "val_loss_mask_11": 0.18582764267921448, "val_loss_dice_11": 0.3586261570453644, "val_mean_loss_ce": 1.4986240863800049, "val_mean_loss_mask": 0.23615705966949463, "val_mean_loss_dice": 0.5344172716140747, "epoch": 0, "trainer/global_step": 0, "_timestamp": 1686196771.6608546, "_runtime": 3230.6976845264435, "_step": 0, "_wandb": {"runtime": 3230}}