{"lr-AdamW": 4.000086697024714e-10, "trainer/global_step": 241000, "_timestamp": 1687098043.230427, "_runtime": 283869.0122051239, "_step": 10252, "train_loss_ce": 0.0773087739944458, "train_loss_mask": 0.15543223917484283, "train_loss_dice": 0.2966667413711548, "train_loss_ce_0": 3.7690510749816895, "train_loss_mask_0": 2.2608909606933594, "train_loss_dice_0": 5.490377902984619, "train_loss_ce_1": 0.42988842725753784, "train_loss_mask_1": 0.4504068195819855, "train_loss_dice_1": 1.1134886741638184, "train_loss_ce_2": 0.29702720046043396, "train_loss_mask_2": 0.2881580889225006, "train_loss_dice_2": 0.7818942070007324, "train_loss_ce_3": 0.32714226841926575, "train_loss_mask_3": 0.225038543343544, "train_loss_dice_3": 0.5656191110610962, "train_loss_ce_4": 0.11742068082094193, "train_loss_mask_4": 0.20835115015506744, "train_loss_dice_4": 0.4993870258331299, "train_loss_ce_5": 0.08044346421957016, "train_loss_mask_5": 0.1919098198413849, "train_loss_dice_5": 0.39733240008354187, "train_loss_ce_6": 0.0913684070110321, "train_loss_mask_6": 0.1720011830329895, "train_loss_dice_6": 0.3847925662994385, "train_loss_ce_7": 0.07840807735919952, "train_loss_mask_7": 0.19879671931266785, "train_loss_dice_7": 0.3915743827819824, "train_loss_ce_8": 0.07260802388191223, "train_loss_mask_8": 0.19025269150733948, "train_loss_dice_8": 0.3800079822540283, "train_loss_ce_9": 0.05054806172847748, "train_loss_mask_9": 0.17758262157440186, "train_loss_dice_9": 0.3601512312889099, "train_loss_ce_10": 0.025439273566007614, "train_loss_mask_10": 0.16483956575393677, "train_loss_dice_10": 0.35288235545158386, "train_loss_ce_11": 0.023773707449436188, "train_loss_mask_11": 0.1636011153459549, "train_loss_dice_11": 0.3580799698829651, "train_loss_ce_12": 0.020617986097931862, "train_loss_mask_12": 0.18761517107486725, "train_loss_dice_12": 0.3617997169494629, "train_loss_ce_13": 0.05456135794520378, "train_loss_mask_13": 0.18423035740852356, "train_loss_dice_13": 0.3519391715526581, "train_loss_ce_14": 0.03236624225974083, "train_loss_mask_14": 0.17896872758865356, "train_loss_dice_14": 0.35856398940086365, "train_mean_loss_ce": 0.34674832224845886, "train_mean_loss_mask": 0.33737972378730774, "train_mean_loss_dice": 0.7777848243713379, "epoch": 600, "train_loss_mean": 29.30293846130371, "val_mean_box_ap_25": 0.6630423634208575, "val_mean_box_ap_50": 0.5350220641213503, "val_curtain_val_box_ap_50": 0.3393737995473248, "val_cabinet_val_box_ap_50": 0.410588066945645, "val_table_val_box_ap_50": 0.5885388991980766, "val_chair_val_box_ap_50": 0.8166761815123282, "val_otherfurniture_val_box_ap_50": 0.5310542706974268, "val_refridgerator_val_box_ap_50": 0.47579687480949456, "val_window_val_box_ap_50": 0.3483702528707746, "val_counter_val_box_ap_50": 0.5334764757009949, "val_sink_val_box_ap_50": 0.5499417590164779, "val_door_val_box_ap_50": 0.4985281369777138, "val_curtain_val_box_ap_25": 0.6279261366257828, "val_cabinet_val_box_ap_25": 0.5793211299050265, "val_table_val_box_ap_25": 0.6975554160350989, "val_chair_val_box_ap_25": 0.8971240527303448, "val_otherfurniture_val_box_ap_25": 0.596734314967487, "val_refridgerator_val_box_ap_25": 0.5958770041617132, "val_window_val_box_ap_25": 0.5329867670841744, "val_counter_val_box_ap_25": 0.7051207805912112, "val_sink_val_box_ap_25": 0.7231676187205579, "val_door_val_box_ap_25": 0.6000367624427343, "val_cabinet_val_ap": 0.4234137237071991, "val_cabinet_val_ap_50": 0.6444768309593201, "val_cabinet_val_ap_25": 0.7512663006782532, "val_bed_val_ap": 0.5625246167182922, "val_bed_val_ap_50": 0.7740323543548584, "val_bed_val_ap_25": 0.8393259048461914, "val_chair_val_ap": 0.7984756827354431, "val_chair_val_ap_50": 0.922139048576355, "val_chair_val_ap_25": 0.9566277265548706, "val_sofa_val_ap": 0.4323233366012573, "val_sofa_val_ap_50": 0.6526990532875061, "val_sofa_val_ap_25": 0.8677957653999329, "val_table_val_ap": 0.5788580179214478, "val_table_val_ap_50": 0.7857275605201721, "val_table_val_ap_25": 0.8390355706214905, "val_door_val_ap": 0.51381915807724, "val_door_val_ap_50": 0.7051303386688232, "val_door_val_ap_25": 0.8112761974334717, "val_window_val_ap": 0.3459787368774414, "val_window_val_ap_50": 0.5623041987419128, "val_window_val_ap_25": 0.7609657645225525, "val_bookshelf_val_ap": 0.28080546855926514, "val_bookshelf_val_ap_50": 0.46410036087036133, "val_bookshelf_val_ap_25": 0.5883254408836365, "val_picture_val_ap": 0.5212785601615906, "val_picture_val_ap_50": 0.6204923391342163, "val_picture_val_ap_25": 0.6780686974525452, "val_counter_val_ap": 0.31591835618019104, "val_counter_val_ap_50": 0.5895998477935791, "val_counter_val_ap_25": 0.7327054142951965, "val_desk_val_ap": 0.3929344713687897, "val_desk_val_ap_50": 0.6901755928993225, "val_desk_val_ap_25": 0.853806734085083, "val_curtain_val_ap": 0.40238645672798157, "val_curtain_val_ap_50": 0.5867084264755249, "val_curtain_val_ap_25": 0.7721108794212341, "val_refrigerator_val_ap": 0.543893039226532, "val_refrigerator_val_ap_50": 0.7012330293655396, "val_refrigerator_val_ap_25": 0.7691543698310852, "val_shower curtain_val_ap": 0.5556809902191162, "val_shower curtain_val_ap_50": 0.7465676665306091, "val_shower curtain_val_ap_25": 0.8419357538223267, "val_toilet_val_ap": 0.8545625805854797, "val_toilet_val_ap_50": 0.9599409103393555, "val_toilet_val_ap_25": 0.9605746269226074, "val_sink_val_ap": 0.505695641040802, "val_sink_val_ap_50": 0.7295670509338379, "val_sink_val_ap_25": 0.8908930420875549, "val_bathtub_val_ap": 0.6904550790786743, "val_bathtub_val_ap_50": 0.8064516186714172, "val_bathtub_val_ap_25": 0.8387096524238586, "val_otherfurniture_val_ap": 0.5665091276168823, "val_otherfurniture_val_ap_50": 0.6968861818313599, "val_otherfurniture_val_ap_25": 0.7823036909103394, "val_mean_ap": 0.5158618092536926, "val_mean_ap_50": 0.7021239995956421, "val_mean_ap_25": 0.8074934482574463, "val_loss_ce": 1.4908677339553833, "val_loss_mask": 0.18129302561283112, "val_loss_dice": 0.3548658788204193, "val_loss_ce_0": 4.260231971740723, "val_loss_mask_0": 0.597306489944458, "val_loss_dice_0": 1.8761879205703735, "val_loss_ce_1": 1.2068209648132324, "val_loss_mask_1": 0.23692038655281067, "val_loss_dice_1": 0.647800862789154, "val_loss_ce_2": 1.0710420608520508, "val_loss_mask_2": 0.211649090051651, "val_loss_dice_2": 0.48836928606033325, "val_loss_ce_3": 1.0854618549346924, "val_loss_mask_3": 0.1937771439552307, "val_loss_dice_3": 0.4260079264640808, "val_loss_ce_4": 1.1747771501541138, "val_loss_mask_4": 0.188679501414299, "val_loss_dice_4": 0.3923432528972626, "val_loss_ce_5": 1.2548391819000244, "val_loss_mask_5": 0.1856747269630432, "val_loss_dice_5": 0.37459200620651245, "val_loss_ce_6": 1.2852786779403687, "val_loss_mask_6": 0.18623442947864532, "val_loss_dice_6": 0.3744315505027771, "val_loss_ce_7": 1.2953827381134033, "val_loss_mask_7": 0.186184823513031, "val_loss_dice_7": 0.3750593662261963, "val_loss_ce_8": 1.3239752054214478, "val_loss_mask_8": 0.181202232837677, "val_loss_dice_8": 0.37180066108703613, "val_loss_ce_9": 1.3360295295715332, "val_loss_mask_9": 0.1807301789522171, "val_loss_dice_9": 0.3650493621826172, "val_loss_ce_10": 1.456578254699707, "val_loss_mask_10": 0.181960329413414, "val_loss_dice_10": 0.35850128531455994, "val_loss_ce_11": 1.4529534578323364, "val_loss_mask_11": 0.183408722281456, "val_loss_dice_11": 0.35908839106559753, "val_loss_ce_12": 1.3787568807601929, "val_loss_mask_12": 0.1864616572856903, "val_loss_dice_12": 0.36152929067611694, "val_loss_ce_13": 1.4003499746322632, "val_loss_mask_13": 0.18179796636104584, "val_loss_dice_13": 0.3601863980293274, "val_loss_ce_14": 1.4021978378295898, "val_loss_mask_14": 0.17940643429756165, "val_loss_dice_14": 0.35739797353744507, "val_mean_loss_ce": 1.492221474647522, "val_mean_loss_mask": 0.21516795456409454, "val_mean_loss_dice": 0.4902006983757019, "val_desk_val_box_ap_50": 0.6095000499231092, "val_sofa_val_box_ap_50": 0.5579745715441508, "val_bookshelf_val_box_ap_50": 0.28052610730629307,