{"lr-AdamW": 6.050760909525571e-06, "trainer/global_step": 112349, "_timestamp": 1692144921.757703, "_runtime": 22130.48051095009, "_step": 652, "train_loss_ce": 0.5530596971511841, "train_loss_mask": 1.1484448909759521, "train_loss_dice": 2.703697919845581, "train_loss_ce_0": 2.328674793243408, "train_loss_mask_0": 1.2856330871582031, "train_loss_dice_0": 3.447801113128662, "train_loss_ce_1": 2.067946434020996, "train_loss_mask_1": 1.2623828649520874, "train_loss_dice_1": 3.3435215950012207, "train_loss_ce_2": 1.1675715446472168, "train_loss_mask_2": 1.354733943939209, "train_loss_dice_2": 3.1582448482513428, "train_loss_ce_3": 0.7660594582557678, "train_loss_mask_3": 1.1862601041793823, "train_loss_dice_3": 3.0960848331451416, "train_loss_ce_4": 0.5390521883964539, "train_loss_mask_4": 1.237276554107666, "train_loss_dice_4": 2.9843621253967285, "train_loss_ce_5": 0.513467013835907, "train_loss_mask_5": 1.269768238067627, "train_loss_dice_5": 2.8748536109924316, "train_loss_ce_6": 0.6025719046592712, "train_loss_mask_6": 1.2111657857894897, "train_loss_dice_6": 2.7982494831085205, "train_loss_ce_7": 0.48086944222450256, "train_loss_mask_7": 1.0664414167404175, "train_loss_dice_7": 2.816579818725586, "train_loss_ce_8": 0.45869702100753784, "train_loss_mask_8": 1.1051782369613647, "train_loss_dice_8": 2.7710235118865967, "train_loss_ce_9": 0.44721001386642456, "train_loss_mask_9": 1.1401548385620117, "train_loss_dice_9": 2.7208762168884277, "train_loss_ce_10": 0.39032265543937683, "train_loss_mask_10": 1.1933809518814087, "train_loss_dice_10": 2.7277657985687256, "train_loss_ce_11": 0.5559070706367493, "train_loss_mask_11": 1.1671710014343262, "train_loss_dice_11": 2.7118566036224365, "train_loss_ce_12": 0.505306601524353, "train_loss_mask_12": 1.1636695861816406, "train_loss_dice_12": 2.7782111167907715, "train_loss_ce_13": 0.4395921528339386, "train_loss_mask_13": 1.1671760082244873, "train_loss_dice_13": 2.782902956008911, "train_loss_ce_14": 0.42930182814598083, "train_loss_mask_14": 1.1349581480026245, "train_loss_dice_14": 2.755314826965332, "train_mean_loss_ce": 0.7653506398200989, "train_mean_loss_mask": 1.1933622360229492, "train_mean_loss_dice": 2.904459238052368, "epoch": 280, "train_loss_mean": 68.32161712646484, "val_mean_box_ap_25": 0.13493493945576995, "val_mean_box_ap_50": 0.07767399497593223, "val_chair_val_box_ap_50": 0.18192231931861186, "val_door_val_box_ap_50": 0.02630397113911316, "val_table_val_box_ap_50": 0.06780717931725791, "val_sink_val_box_ap_50": 0.13585526295378822, "val_otherfurniture_val_box_ap_50": 0.07509283940273083, "val_counter_val_box_ap_50": 0.05694116501544396, "val_desk_val_box_ap_50": 0.006398679070479828, "val_cabinet_val_box_ap_50": 0.030472847318134086, "val_window_val_box_ap_50": 0.014046389071943569, "val_refridgerator_val_box_ap_50": 0.004213495405945466, "val_sofa_val_box_ap_50": 0.08770604570206857, "val_bookshelf_val_box_ap_50": 0.05038150492228647, "val_curtain_val_box_ap_50": 0.017348640043986834, "val_shower_curtain_val_box_ap_50": 0.012103182383225712, "val_toilet_val_box_ap_50": 0.3810249462364689, "val_chair_val_box_ap_25": 0.2596365243662958, "val_door_val_box_ap_25": 0.056812386366146383, "val_table_val_box_ap_25": 0.11908839129544872, "val_sink_val_box_ap_25": 0.24478103734939688, "val_otherfurniture_val_box_ap_25": 0.11067353393139115, "val_counter_val_box_ap_25": 0.10437941298625952, "val_desk_val_box_ap_25": 0.032500863828655954, "val_cabinet_val_box_ap_25": 0.05678826630419529, "val_window_val_box_ap_25": 0.053358179722193075, "val_refridgerator_val_box_ap_25": 0.06562555705112608, "val_sofa_val_box_ap_25": 0.2311309245656819, "val_bookshelf_val_box_ap_25": 0.07521612003500525, "val_curtain_val_box_ap_25": 0.03945992738954549, "val_shower_curtain_val_box_ap_25": 0.044951553711112, "val_toilet_val_box_ap_25": 0.4432248480280207, "val_cabinet_val_ap": 0.01906447671353817, "val_cabinet_val_ap_50": 0.055424757301807404, "val_cabinet_val_ap_25": 0.17700761556625366, "val_bed_val_ap": 0.0035342799965292215, "val_bed_val_ap_50": 0.023023653775453568, "val_bed_val_ap_25": 0.2273625135421753, "val_chair_val_ap": 0.22108398377895355, "val_chair_val_ap_50": 0.3400174677371979, "val_chair_val_ap_25": 0.4786386489868164, "val_sofa_val_ap": 0.0684589073061943, "val_sofa_val_ap_50": 0.17117218673229218, "val_sofa_val_ap_25": 0.32413190603256226, "val_table_val_ap": 0.0700855627655983, "val_table_val_ap_50": 0.15638558566570282, "val_table_val_ap_25": 0.2647334039211273, "val_door_val_ap": 0.03903879597783089, "val_door_val_ap_50": 0.08078435808420181, "val_door_val_ap_25": 0.1605377495288849, "val_window_val_ap": 0.010148367844522, "val_window_val_ap_50": 0.03108939155936241, "val_window_val_ap_25": 0.15677893161773682, "val_bookshelf_val_ap": 0.023426560685038567, "val_bookshelf_val_ap_50": 0.08875726163387299, "val_bookshelf_val_ap_25": 0.1421421617269516, "val_picture_val_ap": 0.012220445089042187, "val_picture_val_ap_50": 0.02123406156897545, "val_picture_val_ap_25": 0.041585735976696014, "val_counter_val_ap": 0.018914978951215744, "val_counter_val_ap_50": 0.08616634458303452, "val_counter_val_ap_25": 0.19123762845993042, "val_desk_val_ap": 0.0024303379468619823, "val_desk_val_ap_50": 0.011166063137352467, "val_desk_val_ap_25": 0.09028702974319458, "val_curtain_val_ap": 0.0022801945451647043, "val_curtain_val_ap_50": 0.008098791353404522, "val_curtain_val_ap_25": 0.12546002864837646, "val_refrigerator_val_ap": 0.018151523545384407, "val_refrigerator_val_ap_50": 0.06720121949911118, "val_refrigerator_val_ap_25": 0.12807588279247284, "val_shower curtain_val_ap": 0.14763855934143066, "val_shower curtain_val_ap_50": 0.34136590361595154, "val_shower curtain_val_ap_25": 0.41565871238708496, "val_toilet_val_ap": 0.419116348028183, "val_toilet_val_ap_50": 0.5526630878448486, "val_toilet_val_ap_25": 0.6487777829170227, "val_sink_val_ap": 0.11646391451358795, "val_sink_val_ap_50": 0.24684223532676697, "val_sink_val_ap_25": 0.36353951692581177, "val_bathtub_val_ap": 0.1900816112756729, "val_bathtub_val_ap_50": 0.3032481372356415, "val_bathtub_val_ap_25": 0.4889408349990845, "val_otherfurniture_val_ap": 0.08404339104890823, "val_otherfurniture_val_ap_50": 0.15211662650108337, "val_otherfurniture_val_ap_25": 0.25914266705513, "val_mean_ap": 0.0814545676112175, "val_mean_ap_50": 0.15204206109046936, "val_mean_ap_25": 0.2602243721485138, "val_loss_ce": 2.2411890029907227, "val_loss_mask": 0.3451538383960724, "val_loss_dice": 1.0047261714935303, "val_loss_ce_0": 2.183830738067627, "val_loss_mask_0": 0.35022082924842834, "val_loss_dice_0": 1.0944066047668457, "val_loss_ce_1": 2.183830738067627, "val_loss_mask_1": 0.35022082924842834, "val_loss_dice_1": 1.0944066047668457, "val_loss_ce_2": 2.179384469985962, "val_loss_mask_2": 0.5378398895263672, "val_loss_dice_2": 1.428542137145996, "val_loss_ce_3": 2.2181570529937744, "val_loss_mask_3": 0.4771772623062134, "val_loss_dice_3": 1.302402138710022, "val_loss_ce_4": 2.419353485107422, "val_loss_mask_4": 0.4003825783729553, "val_loss_dice_4": 1.1652096509933472, "val_loss_ce_5": 2.8967087268829346, "val_loss_mask_5": 0.36585867404937744, "val_loss_dice_5": 1.1254942417144775, "val_loss_ce_6": 3.1365292072296143, "val_loss_mask_6": 0.3503633141517639, "val_loss_dice_6": 1.069286823272705, "val_loss_ce_7": 2.5755414962768555, "val_loss_mask_7": 0.35431402921676636, "val_loss_dice_7": 1.0865991115570068, "val_loss_ce_8": 2.587557554244995, "val_loss_mask_8": 0.35754624009132385, "val_loss_dice_8": 1.0398634672164917, "val_loss_ce_9": 2.4733684062957764, "val_loss_mask_9": 0.3420161008834839, "val_loss_dice_9": 1.0305112600326538, "val_loss_ce_10": 2.5305445194244385, "val_loss_mask_10": 0.3500532805919647, "val_loss_dice_10": 1.0557979345321655, "val_loss_ce_11": 2.6545474529266357, "val_loss_mask_11": 0.3416442275047302, "val_loss_dice_11": 1.0215600728988647, "val_loss_ce_12": 2.3202712535858154, "val_loss_mask_12": 0.34878769516944885,