{"val_mean_box_ap_25": 0.6080597992039295, "val_mean_box_ap_50": 0.4908241455666355, "val_chair_val_box_ap_50": 0.7626331256178267, "val_otherfurniture_val_box_ap_50": 0.4998119341325428, "val_door_val_box_ap_50": 0.41291670986669804, "val_sink_val_box_ap_50": 0.6428376566595628, "val_table_val_box_ap_50": 0.5279870045074133, "val_window_val_box_ap_50": 0.2609557535250311, "val_cabinet_val_box_ap_50": 0.35295222570171825, "val_counter_val_box_ap_50": 0.455395123982653, "val_refridgerator_val_box_ap_50": 0.3377469687527954, "val_sofa_val_box_ap_50": 0.47600997626860525, "val_picture_val_box_ap_50": 0.26203248705629895, "val_bookshelf_val_box_ap_50": 0.3492346337928951, "val_desk_val_box_ap_50": 0.4301252207429294, "val_bathtub_val_box_ap_50": 0.8387096774193549, "val_curtain_val_box_ap_50": 0.5172490938961596, "val_toilet_val_box_ap_50": 0.9223294227901836, "val_bed_val_box_ap_50": 0.6735780069807037, "val_shower_curtain_val_box_ap_50": 0.11232959850606909, "val_chair_val_box_ap_25": 0.8677460199959127, "val_otherfurniture_val_box_ap_25": 0.5527218771757014, "val_door_val_box_ap_25": 0.4790894246888462, "val_sink_val_box_ap_25": 0.773479768835359, "val_table_val_box_ap_25": 0.6181617925776466, "val_window_val_box_ap_25": 0.4301610849160465, "val_cabinet_val_box_ap_25": 0.45590751178166994, "val_counter_val_box_ap_25": 0.5810432757380432, "val_refridgerator_val_box_ap_25": 0.4888082274652148, "val_sofa_val_box_ap_25": 0.7052396482176482, "val_picture_val_box_ap_25": 0.3195835586454162, "val_bookshelf_val_box_ap_25": 0.38461681510706097, "val_desk_val_box_ap_25": 0.6734720089693762, "val_bathtub_val_box_ap_25": 0.8387096774193549, "val_curtain_val_box_ap_25": 0.7195853256580861, "val_toilet_val_box_ap_25": 0.982461355529132, "val_bed_val_box_ap_25": 0.799289012950215, "val_shower_curtain_val_box_ap_25": 0.275, "val_cabinet_val_ap": 0.3393193483352661, "val_cabinet_val_ap_50": 0.4919481873512268, "val_cabinet_val_ap_25": 0.5900117754936218, "val_bed_val_ap": 0.537929356098175, "val_bed_val_ap_50": 0.7734927535057068, "val_bed_val_ap_25": 0.7998872399330139, "val_chair_val_ap": 0.7611043453216553, "val_chair_val_ap_50": 0.8944295048713684, "val_chair_val_ap_25": 0.928834855556488, "val_sofa_val_ap": 0.399278461933136, "val_sofa_val_ap_50": 0.5354024767875671, "val_sofa_val_ap_25": 0.7856966853141785, "val_table_val_ap": 0.5153919458389282, "val_table_val_ap_50": 0.6641977429389954, "val_table_val_ap_25": 0.7231547236442566, "val_door_val_ap": 0.4101560115814209, "val_door_val_ap_50": 0.5372642278671265, "val_door_val_ap_25": 0.628424346446991, "val_window_val_ap": 0.26576662063598633, "val_window_val_ap_50": 0.4133509397506714, "val_window_val_ap_25": 0.5363739132881165, "val_bookshelf_val_ap": 0.3271922767162323, "val_bookshelf_val_ap_50": 0.5083120465278625, "val_bookshelf_val_ap_25": 0.5701256394386292, "val_picture_val_ap": 0.41823241114616394, "val_picture_val_ap_50": 0.5288534164428711, "val_picture_val_ap_25": 0.5814222693443298, "val_counter_val_ap": 0.2514268755912781, "val_counter_val_ap_50": 0.4918082058429718, "val_counter_val_ap_25": 0.5688524842262268, "val_desk_val_ap": 0.2689073383808136, "val_desk_val_ap_50": 0.5374337434768677, "val_desk_val_ap_25": 0.735221266746521, "val_curtain_val_ap": 0.426381379365921, "val_curtain_val_ap_50": 0.6454970240592957, "val_curtain_val_ap_25": 0.7372663021087646, "val_refrigerator_val_ap": 0.37825700640678406, "val_refrigerator_val_ap_50": 0.4723837673664093, "val_refrigerator_val_ap_25": 0.4912280738353729, "val_shower curtain_val_ap": 0.3382490575313568, "val_shower curtain_val_ap_50": 0.585639476776123, "val_shower curtain_val_ap_25": 0.6718670129776001, "val_toilet_val_ap": 0.9368484616279602, "val_toilet_val_ap_50": 0.982758641242981, "val_toilet_val_ap_25": 0.982758641242981, "val_sink_val_ap": 0.5761499404907227, "val_sink_val_ap_50": 0.756299614906311, "val_sink_val_ap_25": 0.8804745078086853, "val_bathtub_val_ap": 0.7380379438400269, "val_bathtub_val_ap_50": 0.8709677457809448, "val_bathtub_val_ap_25": 0.8709677457809448, "val_otherfurniture_val_ap": 0.5149731040000916, "val_otherfurniture_val_ap_50": 0.6229762434959412, "val_otherfurniture_val_ap_25": 0.6665528416633606, "val_mean_ap": 0.46686676144599915, "val_mean_ap_50": 0.6285008788108826, "val_mean_ap_25": 0.7082844376564026, "val_loss_ce": 0.9054755568504333, "val_loss_mask": 0.17231979966163635, "val_loss_dice": 0.3704744875431061, "val_loss_ce_0": 1.0444703102111816, "val_loss_mask_0": 0.1998789757490158, "val_loss_dice_0": 0.5411737561225891, "val_loss_ce_1": 1.0444703102111816, "val_loss_mask_1": 0.1998789757490158, "val_loss_dice_1": 0.5411737561225891, "val_loss_ce_2": 0.9807360768318176, "val_loss_mask_2": 0.1983039528131485, "val_loss_dice_2": 0.5050007104873657, "val_loss_ce_3": 0.9470360279083252, "val_loss_mask_3": 0.18224604427814484, "val_loss_dice_3": 0.453247994184494, "val_loss_ce_4": 0.927398681640625, "val_loss_mask_4": 0.17617937922477722, "val_loss_dice_4": 0.42352810502052307, "val_loss_ce_5": 0.8786055445671082, "val_loss_mask_5": 0.17270053923130035, "val_loss_dice_5": 0.39188337326049805, "val_loss_ce_6": 0.8697395324707031, "val_loss_mask_6": 0.1772618442773819, "val_loss_dice_6": 0.3925946056842804, "val_loss_ce_7": 0.8780071139335632, "val_loss_mask_7": 0.17586128413677216, "val_loss_dice_7": 0.39362841844558716, "val_loss_ce_8": 0.8969220519065857, "val_loss_mask_8": 0.17965464293956757, "val_loss_dice_8": 0.38913625478744507, "val_loss_ce_9": 0.8833054900169373, "val_loss_mask_9": 0.17056304216384888, "val_loss_dice_9": 0.3781958222389221, "val_loss_ce_10": 0.8718371987342834, "val_loss_mask_10": 0.17483332753181458, "val_loss_dice_10": 0.38088253140449524, "val_loss_ce_11": 0.8837518692016602, "val_loss_mask_11": 0.1756821870803833, "val_loss_dice_11": 0.3821454346179962, "val_mean_loss_ce": 0.9239811897277832, "val_mean_loss_mask": 0.18118184804916382, "val_mean_loss_dice": 0.4263896346092224, "epoch": 0, "trainer/global_step": 0, "_timestamp": 1693367824.3393657, "_runtime": 4378.38397860527, "_step": 0, "_wandb": {"runtime": 4377}}