{"lr-AdamW": 4.000086697024714e-10, "trainer/global_step": 241000, "_timestamp": 1685685220.292868, "_runtime": 259551.82575583458, "_step": 10252, "train_loss_ce": 0.06528040021657944, "train_loss_mask": 0.17051932215690613, "train_loss_dice": 0.6320314407348633, "train_loss_ce_0": 4.6674604415893555, "train_loss_mask_0": 1.6853270530700684, "train_loss_dice_0": 5.707341194152832, "train_loss_ce_1": 0.799980878829956, "train_loss_mask_1": 0.3786919116973877, "train_loss_dice_1": 1.7675572633743286, "train_loss_ce_2": 0.4445556104183197, "train_loss_mask_2": 0.22893713414669037, "train_loss_dice_2": 1.1268556118011475, "train_loss_ce_3": 0.33196747303009033, "train_loss_mask_3": 0.19862540066242218, "train_loss_dice_3": 0.8552517890930176, "train_loss_ce_4": 0.1743827611207962, "train_loss_mask_4": 0.17742636799812317, "train_loss_dice_4": 0.7050931453704834, "train_loss_ce_5": 0.14202392101287842, "train_loss_mask_5": 0.17868977785110474, "train_loss_dice_5": 0.7286900281906128, "train_loss_ce_6": 0.14714723825454712, "train_loss_mask_6": 0.16970379650592804, "train_loss_dice_6": 0.6996646523475647, "train_loss_ce_7": 0.11458650976419449, "train_loss_mask_7": 0.16329966485500336, "train_loss_dice_7": 0.6629781723022461, "train_loss_ce_8": 0.07523337006568909, "train_loss_mask_8": 0.16344279050827026, "train_loss_dice_8": 0.6385166049003601, "train_loss_ce_9": 0.06998804211616516, "train_loss_mask_9": 0.1669338047504425, "train_loss_dice_9": 0.6353161334991455, "train_loss_ce_10": 0.08655909448862076, "train_loss_mask_10": 0.1752297580242157, "train_loss_dice_10": 0.6636488437652588, "train_loss_ce_11": 0.0881832018494606, "train_loss_mask_11": 0.170648992061615, "train_loss_dice_11": 0.664696216583252, "train_mean_loss_ce": 0.5544114708900452, "train_mean_loss_mask": 0.30980584025382996, "train_mean_loss_dice": 1.1913570165634155, "epoch": 600, "train_loss_mean": 25.82223892211914, "val_mean_box_ap_25": 0.6800247785213868, "val_mean_box_ap_50": 0.5277881386387645, "val_toilet_val_box_ap_50": 0.8906922642083751, "val_cabinet_val_box_ap_50": 0.38795716376184897, "val_table_val_box_ap_50": 0.5893333491536212, "val_chair_val_box_ap_50": 0.8301026362558439, "val_otherfurniture_val_box_ap_50": 0.5127104994266962, "val_refridgerator_val_box_ap_50": 0.38447560099750644, "val_window_val_box_ap_50": 0.37867606573391677, "val_counter_val_box_ap_50": 0.5018305050560872, "val_sink_val_box_ap_50": 0.5903208905181458, "val_door_val_box_ap_50": 0.4803291259597885, "val_toilet_val_box_ap_25": 0.8906922642083751, "val_cabinet_val_box_ap_25": 0.5600057507462618, "val_table_val_box_ap_25": 0.6837766445654077, "val_chair_val_box_ap_25": 0.9029575574864664, "val_otherfurniture_val_box_ap_25": 0.5756958898331355, "val_refridgerator_val_box_ap_25": 0.5484707264206927, "val_window_val_box_ap_25": 0.5650074745419357, "val_counter_val_box_ap_25": 0.7143706672787612, "val_sink_val_box_ap_25": 0.7560558908887799, "val_door_val_box_ap_25": 0.5931780762792174, "val_cabinet_val_ap": 0.4097011983394623, "val_cabinet_val_ap_50": 0.614227294921875, "val_cabinet_val_ap_25": 0.7292227149009705, "val_bed_val_ap": 0.5198130011558533, "val_bed_val_ap_50": 0.7268679141998291, "val_bed_val_ap_25": 0.7892187237739563, "val_chair_val_ap": 0.8075992465019226, "val_chair_val_ap_50": 0.9267614483833313, "val_chair_val_ap_25": 0.9539082646369934, "val_sofa_val_ap": 0.48693594336509705, "val_sofa_val_ap_50": 0.7143968939781189, "val_sofa_val_ap_25": 0.8803508877754211, "val_table_val_ap": 0.5976663827896118, "val_table_val_ap_50": 0.7681770324707031, "val_table_val_ap_25": 0.8377619385719299, "val_door_val_ap": 0.5099238157272339, "val_door_val_ap_50": 0.7053670287132263, "val_door_val_ap_25": 0.8147759437561035, "val_window_val_ap": 0.37513595819473267, "val_window_val_ap_50": 0.582198977470398, "val_window_val_ap_25": 0.7833052277565002, "val_bookshelf_val_ap": 0.31015950441360474, "val_bookshelf_val_ap_50": 0.4948267340660095, "val_bookshelf_val_ap_25": 0.632405161857605, "val_picture_val_ap": 0.4730241894721985, "val_picture_val_ap_50": 0.5946236252784729, "val_picture_val_ap_25": 0.6606168150901794, "val_counter_val_ap": 0.2938014268875122, "val_counter_val_ap_50": 0.608880877494812, "val_counter_val_ap_25": 0.7565696835517883, "val_desk_val_ap": 0.3370576798915863, "val_desk_val_ap_50": 0.638587474822998, "val_desk_val_ap_25": 0.8529402613639832, "val_curtain_val_ap": 0.3748040199279785, "val_curtain_val_ap_50": 0.5801488757133484, "val_curtain_val_ap_25": 0.7099496722221375, "val_refrigerator_val_ap": 0.49745047092437744, "val_refrigerator_val_ap_50": 0.6907182335853577, "val_refrigerator_val_ap_25": 0.7504166960716248, "val_shower curtain_val_ap": 0.6048497557640076, "val_shower curtain_val_ap_50": 0.7825566530227661, "val_shower curtain_val_ap_25": 0.8687875866889954, "val_toilet_val_ap": 0.8914172053337097, "val_toilet_val_ap_50": 0.9295607805252075, "val_toilet_val_ap_25": 0.9468268752098083, "val_sink_val_ap": 0.535311222076416, "val_sink_val_ap_50": 0.7324815392494202, "val_sink_val_ap_25": 0.9198306202888489, "val_bathtub_val_ap": 0.7875571846961975, "val_bathtub_val_ap_50": 0.8709677457809448, "val_bathtub_val_ap_25": 0.8709677457809448, "val_otherfurniture_val_ap": 0.567452073097229, "val_otherfurniture_val_ap_50": 0.6921061277389526, "val_otherfurniture_val_ap_25": 0.7635785341262817, "val_mean_ap": 0.5210922360420227, "val_mean_ap_50": 0.7029697299003601, "val_mean_ap_25": 0.8067463040351868, "val_loss_ce": 1.431825041770935, "val_loss_mask": 0.18438608944416046, "val_loss_dice": 0.35407665371894836, "val_loss_ce_0": 4.260179042816162, "val_loss_mask_0": 0.5971657037734985, "val_loss_dice_0": 1.8761428594589233, "val_loss_ce_1": 1.2315232753753662, "val_loss_mask_1": 0.23631787300109863, "val_loss_dice_1": 0.6271258592605591, "val_loss_ce_2": 1.1543514728546143, "val_loss_mask_2": 0.20161385834217072, "val_loss_dice_2": 0.4680456221103668, "val_loss_ce_3": 1.192996621131897, "val_loss_mask_3": 0.19288386404514313, "val_loss_dice_3": 0.4096369445323944, "val_loss_ce_4": 1.2509547472000122, "val_loss_mask_4": 0.18815810978412628, "val_loss_dice_4": 0.37823721766471863, "val_loss_ce_5": 1.3094531297683716, "val_loss_mask_5": 0.1888028085231781, "val_loss_dice_5": 0.37940722703933716, "val_loss_ce_6": 1.3245645761489868, "val_loss_mask_6": 0.18798166513442993, "val_loss_dice_6": 0.3771444857120514, "val_loss_ce_7": 1.3602277040481567, "val_loss_mask_7": 0.18410463631153107, "val_loss_dice_7": 0.36746981739997864, "val_loss_ce_8": 1.3955529928207397, "val_loss_mask_8": 0.18507428467273712, "val_loss_dice_8": 0.35788270831108093, "val_loss_ce_9": 1.4494543075561523, "val_loss_mask_9": 0.18515028059482574, "val_loss_dice_9": 0.35826966166496277, "val_loss_ce_10": 1.3809953927993774, "val_loss_mask_10": 0.18665070831775665, "val_loss_dice_10": 0.3636254370212555, "val_loss_ce_11": 1.3982906341552734, "val_loss_mask_11": 0.18395616114139557, "val_loss_dice_11": 0.3612666428089142, "val_mean_loss_ce": 1.5492591857910156, "val_mean_loss_mask": 0.22324970364570618, "val_mean_loss_dice": 0.513717770576477, "val_bed_val_box_ap_50": 0.6478840863452846, "val_picture_val_box_ap_50": 0.32081135843877057, "val_sofa_val_box_ap_50": 0.552234023330475, "val_desk_val_box_ap_50": 0.517644832401055, "val_bookshelf_val_box_ap_50": 0.30353853839643025, "val_bathtub_val_box_ap_50": 0.6789357595809209, "val_shower_curtain_val_box_ap_50": 0.4576737741309488, "val_curtain_val_box_ap_50": 0.47503602180204885, "val_bed_val_box_ap_25": 0.7692898645749155, "val_picture_val_box_ap_25": 0.3739420974607778, "val_sofa_val_box_ap_25": 0.8379460707223327, "val_desk_val_box_ap_25": 0.8196775937494338, "val_bookshelf_val_box_ap_25": 0.3904070059518248, "val_bathtub_val_box_ap_25": 0.7915632754342432, "val_shower_curtain_val_box_ap_25": 0.8446505376344086, "val_curtain_val_box_ap_25": 0.6227586256079909, "_wandb": {"runtime": 259553}}