{"lr-AdamW": 4.000086697024714e-10, "trainer/global_step": 241000, "_timestamp": 1685039768.696315, "_runtime": 258170.17848014832, "_step": 10252, "train_loss_ce": 0.1379355490207672, "train_loss_mask": 0.2582204341888428, "train_loss_dice": 0.8821176290512085, "train_loss_ce_0": 4.8037824630737305, "train_loss_mask_0": 1.332637071609497, "train_loss_dice_0": 5.675087928771973, "train_loss_ce_1": 0.8381767868995667, "train_loss_mask_1": 0.42796236276626587, "train_loss_dice_1": 1.6112934350967407, "train_loss_ce_2": 0.43475234508514404, "train_loss_mask_2": 0.3606082797050476, "train_loss_dice_2": 1.3304588794708252, "train_loss_ce_3": 0.48019373416900635, "train_loss_mask_3": 0.28516632318496704, "train_loss_dice_3": 1.093846321105957, "train_loss_ce_4": 0.44071486592292786, "train_loss_mask_4": 0.28710320591926575, "train_loss_dice_4": 0.9333816766738892, "train_loss_ce_5": 0.359538733959198, "train_loss_mask_5": 0.28824660181999207, "train_loss_dice_5": 0.8984752893447876, "train_loss_ce_6": 0.3900643289089203, "train_loss_mask_6": 0.28267961740493774, "train_loss_dice_6": 0.9026283025741577, "train_loss_ce_7": 0.21747572720050812, "train_loss_mask_7": 0.2675354480743408, "train_loss_dice_7": 0.8850079774856567, "train_loss_ce_8": 0.19814760982990265, "train_loss_mask_8": 0.2528547942638397, "train_loss_dice_8": 0.8921414613723755, "train_loss_ce_9": 0.14838509261608124, "train_loss_mask_9": 0.2643774151802063, "train_loss_dice_9": 0.8726538419723511, "train_loss_ce_10": 0.29706910252571106, "train_loss_mask_10": 0.2713877558708191, "train_loss_dice_10": 0.9079347252845764, "train_loss_ce_11": 0.1526687890291214, "train_loss_mask_11": 0.2685787081718445, "train_loss_dice_11": 0.8909345865249634, "train_mean_loss_ce": 0.6845311522483826, "train_mean_loss_mask": 0.3728736937046051, "train_mean_loss_dice": 1.3673816919326782, "epoch": 600, "train_loss_mean": 24.36243438720703, "val_mean_box_ap_25": 0.6741572596033419, "val_mean_box_ap_50": 0.5367590912817259, "val_cabinet_val_box_ap_50": 0.40090844005847626, "val_table_val_box_ap_50": 0.6540337007936181, "val_chair_val_box_ap_50": 0.8350748371073873, "val_otherfurniture_val_box_ap_50": 0.5338406601459443, "val_refridgerator_val_box_ap_50": 0.4239221485307353, "val_window_val_box_ap_50": 0.3683032594214089, "val_counter_val_box_ap_50": 0.5491219920391629, "val_sink_val_box_ap_50": 0.5828593084425793, "val_door_val_box_ap_50": 0.5098246704890677, "val_cabinet_val_box_ap_25": 0.5499156235567317, "val_table_val_box_ap_25": 0.7312462710903902, "val_chair_val_box_ap_25": 0.897676617175448, "val_otherfurniture_val_box_ap_25": 0.599887766117452, "val_refridgerator_val_box_ap_25": 0.566583962782704, "val_window_val_box_ap_25": 0.5554214315758876, "val_counter_val_box_ap_25": 0.638701045064125, "val_sink_val_box_ap_25": 0.7684322418471271, "val_door_val_box_ap_25": 0.6149931849828572, "val_cabinet_val_ap": 0.4147706627845764, "val_cabinet_val_ap_50": 0.6148322224617004, "val_cabinet_val_ap_25": 0.7440517544746399, "val_bed_val_ap": 0.5388326644897461, "val_bed_val_ap_50": 0.7663097381591797, "val_bed_val_ap_25": 0.8020951151847839, "val_chair_val_ap": 0.8040403723716736, "val_chair_val_ap_50": 0.9264063835144043, "val_chair_val_ap_25": 0.9619154334068298, "val_sofa_val_ap": 0.4202294945716858, "val_sofa_val_ap_50": 0.665231466293335, "val_sofa_val_ap_25": 0.8277658820152283, "val_table_val_ap": 0.6173521876335144, "val_table_val_ap_50": 0.8036105632781982, "val_table_val_ap_25": 0.8579793572425842, "val_door_val_ap": 0.5261759161949158, "val_door_val_ap_50": 0.7007342576980591, "val_door_val_ap_25": 0.8052549958229065, "val_window_val_ap": 0.3654026985168457, "val_window_val_ap_50": 0.550540030002594, "val_window_val_ap_25": 0.7395716309547424, "val_bookshelf_val_ap": 0.313475638628006, "val_bookshelf_val_ap_50": 0.5006837844848633, "val_bookshelf_val_ap_25": 0.6841177940368652, "val_picture_val_ap": 0.4688321650028229, "val_picture_val_ap_50": 0.5787205100059509, "val_picture_val_ap_25": 0.6716426014900208, "val_counter_val_ap": 0.2989600598812103, "val_counter_val_ap_50": 0.5706725120544434, "val_counter_val_ap_25": 0.6584686636924744, "val_desk_val_ap": 0.3342231214046478, "val_desk_val_ap_50": 0.6096637845039368, "val_desk_val_ap_25": 0.7697497606277466, "val_curtain_val_ap": 0.4586502015590668, "val_curtain_val_ap_50": 0.6327143311500549, "val_curtain_val_ap_25": 0.7513536810874939, "val_refrigerator_val_ap": 0.5272842645645142, "val_refrigerator_val_ap_50": 0.6983946561813354, "val_refrigerator_val_ap_25": 0.745562732219696, "val_shower curtain_val_ap": 0.5017475485801697, "val_shower curtain_val_ap_50": 0.7719083428382874, "val_shower curtain_val_ap_25": 0.8529768586158752, "val_toilet_val_ap": 0.9067912697792053, "val_toilet_val_ap_50": 0.9803148508071899, "val_toilet_val_ap_25": 0.980389416217804, "val_sink_val_ap": 0.5593842267990112, "val_sink_val_ap_50": 0.7545483708381653, "val_sink_val_ap_25": 0.8816546201705933, "val_bathtub_val_ap": 0.7739927172660828, "val_bathtub_val_ap_50": 0.8709677457809448, "val_bathtub_val_ap_25": 0.8709677457809448, "val_otherfurniture_val_ap": 0.5852872133255005, "val_otherfurniture_val_ap_50": 0.7090699672698975, "val_otherfurniture_val_ap_25": 0.7754815816879272, "val_mean_ap": 0.5230795741081238, "val_mean_ap_50": 0.7058513164520264, "val_mean_ap_25": 0.7989444136619568, "val_loss_ce": 1.5439571142196655, "val_loss_mask": 0.18316194415092468, "val_loss_dice": 0.36017361283302307, "val_loss_ce_0": 4.260124206542969, "val_loss_mask_0": 0.5960073471069336, "val_loss_dice_0": 1.8741432428359985, "val_loss_ce_1": 1.224625825881958, "val_loss_mask_1": 0.23831242322921753, "val_loss_dice_1": 0.6114766597747803, "val_loss_ce_2": 1.1870057582855225, "val_loss_mask_2": 0.20385201275348663, "val_loss_dice_2": 0.46546053886413574, "val_loss_ce_3": 1.2936692237854004, "val_loss_mask_3": 0.19710873067378998, "val_loss_dice_3": 0.40771326422691345, "val_loss_ce_4": 1.349538803100586, "val_loss_mask_4": 0.19121013581752777, "val_loss_dice_4": 0.3812372386455536, "val_loss_ce_5": 1.4097245931625366, "val_loss_mask_5": 0.19364722073078156, "val_loss_dice_5": 0.3810041844844818, "val_loss_ce_6": 1.4618059396743774, "val_loss_mask_6": 0.1929311454296112, "val_loss_dice_6": 0.3784700334072113, "val_loss_ce_7": 1.4682520627975464, "val_loss_mask_7": 0.19162030518054962, "val_loss_dice_7": 0.3730420768260956, "val_loss_ce_8": 1.5003571510314941, "val_loss_mask_8": 0.18398399651050568, "val_loss_dice_8": 0.36527615785598755, "val_loss_ce_9": 1.5449210405349731, "val_loss_mask_9": 0.18749165534973145, "val_loss_dice_9": 0.3662852942943573, "val_loss_ce_10": 1.540157675743103, "val_loss_mask_10": 0.18904495239257812, "val_loss_dice_10": 0.368019700050354, "val_loss_ce_11": 1.5214488506317139, "val_loss_mask_11": 0.18850137293338776, "val_loss_dice_11": 0.36540651321411133, "val_mean_loss_ce": 1.638891339302063, "val_mean_loss_mask": 0.22591333091259003, "val_mean_loss_dice": 0.51520836353302, "val_sofa_val_box_ap_50": 0.47118038564171305, "val_desk_val_box_ap_50": 0.46923543252811134, "val_bed_val_box_ap_50": 0.6398751823907854, "val_curtain_val_box_ap_50": 0.5413079004378892, "val_bookshelf_val_box_ap_50": 0.3080796402646752, "val_picture_val_box_ap_50": 0.31394242067968653, "val_toilet_val_box_ap_50": 0.8310641560881844, "val_shower_curtain_val_box_ap_50": 0.39640606242496995, "val_bathtub_val_box_ap_50": 0.8326834455866714, "val_sofa_val_box_ap_25": 0.7716584227265602, "val_desk_val_box_ap_25": 0.7161134660308905, "val_bed_val_box_ap_25": 0.8123579282224217, "val_curtain_val_box_ap_25": 0.6584847168031353, "val_bookshelf_val_box_ap_25": 0.38790028181601033, "val_picture_val_box_ap_25": 0.3653405988899111, "val_toilet_val_box_ap_25": 0.9215479445751771, "val_shower_curtain_val_box_ap_25": 0.7087535014005601, "val_bathtub_val_box_ap_25": 0.869815668202765, "_wandb": {"runtime": 258171}}