{"val_mean_box_ap_25": 0.6428073011677458, "val_mean_box_ap_50": 0.5349005640898707, "val_chair_val_box_ap_50": 0.8135344268672824, "val_cabinet_val_box_ap_50": 0.35122383406559454, "val_door_val_box_ap_50": 0.5088786097267766, "val_otherfurniture_val_box_ap_50": 0.4763526760854865, "val_window_val_box_ap_50": 0.34410988013529115, "val_sink_val_box_ap_50": 0.580426677505361, "val_counter_val_box_ap_50": 0.5486243624893603, "val_table_val_box_ap_50": 0.6335719976135143, "val_sofa_val_box_ap_50": 0.49890509432235564, "val_bookshelf_val_box_ap_50": 0.3578037550908737, "val_desk_val_box_ap_50": 0.4590144506678152, "val_picture_val_box_ap_50": 0.259953342727157, "val_bathtub_val_box_ap_50": 0.8207885304659498, "val_shower_curtain_val_box_ap_50": 0.39692802408319644, "val_bed_val_box_ap_50": 0.6806364591302944, "val_curtain_val_box_ap_50": 0.6068253656529382, "val_toilet_val_box_ap_50": 0.9105837236007066, "val_refridgerator_val_box_ap_50": 0.3800489433877171, "val_chair_val_box_ap_25": 0.8834490321939731, "val_cabinet_val_box_ap_25": 0.4711310865783166, "val_door_val_box_ap_25": 0.5978743960959817, "val_otherfurniture_val_box_ap_25": 0.5392110486928074, "val_window_val_box_ap_25": 0.5032457800233728, "val_sink_val_box_ap_25": 0.7264191871548603, "val_counter_val_box_ap_25": 0.5991881165420194, "val_table_val_box_ap_25": 0.7086366377197668, "val_sofa_val_box_ap_25": 0.7185852348978541, "val_bookshelf_val_box_ap_25": 0.4497961003472905, "val_desk_val_box_ap_25": 0.691915905485148, "val_picture_val_box_ap_25": 0.2787652738875584, "val_bathtub_val_box_ap_25": 0.8508219008775182, "val_shower_curtain_val_box_ap_25": 0.6444547071702246, "val_bed_val_box_ap_25": 0.7534777895832663, "val_curtain_val_box_ap_25": 0.6823916133617626, "val_toilet_val_box_ap_25": 0.9827586206896552, "val_refridgerator_val_box_ap_25": 0.4884089897180488, "val_cabinet_val_ap": 0.3377073109149933, "val_cabinet_val_ap_50": 0.5038013458251953, "val_cabinet_val_ap_25": 0.5813148021697998, "val_bed_val_ap": 0.5476838946342468, "val_bed_val_ap_50": 0.7681630849838257, "val_bed_val_ap_25": 0.7681630849838257, "val_chair_val_ap": 0.7819341421127319, "val_chair_val_ap_50": 0.8939138650894165, "val_chair_val_ap_25": 0.9166937470436096, "val_sofa_val_ap": 0.392749547958374, "val_sofa_val_ap_50": 0.5586561560630798, "val_sofa_val_ap_25": 0.7515429258346558, "val_table_val_ap": 0.5868649482727051, "val_table_val_ap_50": 0.7304936051368713, "val_table_val_ap_25": 0.7790836691856384, "val_door_val_ap": 0.49624699354171753, "val_door_val_ap_50": 0.623460054397583, "val_door_val_ap_25": 0.69693523645401, "val_window_val_ap": 0.3245208263397217, "val_window_val_ap_50": 0.47208672761917114, "val_window_val_ap_25": 0.5975024700164795, "val_bookshelf_val_ap": 0.35994160175323486, "val_bookshelf_val_ap_50": 0.564511775970459, "val_bookshelf_val_ap_25": 0.6842707991600037, "val_picture_val_ap": 0.33561450242996216, "val_picture_val_ap_50": 0.3907617926597595, "val_picture_val_ap_25": 0.41258901357650757, "val_counter_val_ap": 0.30971962213516235, "val_counter_val_ap_50": 0.48837119340896606, "val_counter_val_ap_25": 0.5923336148262024, "val_desk_val_ap": 0.29954418540000916, "val_desk_val_ap_50": 0.5601266026496887, "val_desk_val_ap_25": 0.678061306476593, "val_curtain_val_ap": 0.46833914518356323, "val_curtain_val_ap_50": 0.6342557072639465, "val_curtain_val_ap_25": 0.7014925479888916, "val_refrigerator_val_ap": 0.41262802481651306, "val_refrigerator_val_ap_50": 0.5240139961242676, "val_refrigerator_val_ap_25": 0.5395278334617615, "val_shower curtain_val_ap": 0.4817914068698883, "val_shower curtain_val_ap_50": 0.7320714592933655, "val_shower curtain_val_ap_25": 0.771443247795105, "val_toilet_val_ap": 0.9068316221237183, "val_toilet_val_ap_50": 0.9482758641242981, "val_toilet_val_ap_25": 0.982758641242981, "val_sink_val_ap": 0.5253266096115112, "val_sink_val_ap_50": 0.6862767934799194, "val_sink_val_ap_25": 0.84375, "val_bathtub_val_ap": 0.8090336322784424, "val_bathtub_val_ap_50": 0.8709677457809448, "val_bathtub_val_ap_25": 0.8709677457809448, "val_otherfurniture_val_ap": 0.5030094385147095, "val_otherfurniture_val_ap_50": 0.6023194789886475, "val_otherfurniture_val_ap_25": 0.6332352757453918, "val_mean_ap": 0.4933048486709595, "val_mean_ap_50": 0.6418070793151855, "val_mean_ap_25": 0.7112036347389221, "val_loss_ce": 1.3930280208587646, "val_loss_mask": 0.18176427483558655, "val_loss_dice": 0.3641047775745392, "val_loss_ce_0": 4.2600603103637695, "val_loss_mask_0": 0.596075713634491, "val_loss_dice_0": 1.8750346899032593, "val_loss_ce_1": 1.2390892505645752, "val_loss_mask_1": 0.24286870658397675, "val_loss_dice_1": 0.6251863837242126, "val_loss_ce_2": 1.2008250951766968, "val_loss_mask_2": 0.20934107899665833, "val_loss_dice_2": 0.473550945520401, "val_loss_ce_3": 1.2533856630325317, "val_loss_mask_3": 0.1966560035943985, "val_loss_dice_3": 0.4137721657752991, "val_loss_ce_4": 1.2474523782730103, "val_loss_mask_4": 0.1900990754365921, "val_loss_dice_4": 0.38599106669425964, "val_loss_ce_5": 1.286499261856079, "val_loss_mask_5": 0.1930488795042038, "val_loss_dice_5": 0.3849427103996277, "val_loss_ce_6": 1.3509435653686523, "val_loss_mask_6": 0.19244103133678436, "val_loss_dice_6": 0.3847106695175171, "val_loss_ce_7": 1.34111487865448, "val_loss_mask_7": 0.19042660295963287, "val_loss_dice_7": 0.37656641006469727, "val_loss_ce_8": 1.3610323667526245, "val_loss_mask_8": 0.1844291090965271, "val_loss_dice_8": 0.3686152696609497, "val_loss_ce_9": 1.386954426765442, "val_loss_mask_9": 0.18755491077899933, "val_loss_dice_9": 0.37020018696784973, "val_loss_ce_10": 1.4051589965820312, "val_loss_mask_10": 0.18550170958042145, "val_loss_dice_10": 0.3729557991027832, "val_loss_ce_11": 1.3873071670532227, "val_loss_mask_11": 0.18437516689300537, "val_loss_dice_11": 0.3696306049823761, "val_mean_loss_ce": 1.5471423864364624, "val_mean_loss_mask": 0.2257370948791504, "val_mean_loss_dice": 0.5204047560691833, "epoch": 0, "trainer/global_step": 0, "_timestamp": 1686208575.7773266, "_runtime": 2313.0474655628204, "_step": 0, "_wandb": {"runtime": 2312}}