{"val_mean_box_ap_25": 0.6544596598233345, "val_mean_box_ap_50": 0.5466687222016784, "val_chair_val_box_ap_50": 0.8328447455605763, "val_sink_val_box_ap_50": 0.5228988436237387, "val_otherfurniture_val_box_ap_50": 0.47251775870950535, "val_door_val_box_ap_50": 0.48573641323674865, "val_cabinet_val_box_ap_50": 0.3732455679234662, "val_table_val_box_ap_50": 0.612404681733717, "val_window_val_box_ap_50": 0.334863097652164, "val_counter_val_box_ap_50": 0.43338818044700395, "val_refridgerator_val_box_ap_50": 0.4540262946012374, "val_sofa_val_box_ap_50": 0.4986970314588224, "val_bookshelf_val_box_ap_50": 0.41882276221663034, "val_desk_val_box_ap_50": 0.549289775075826, "val_bathtub_val_box_ap_50": 0.8604226918798665, "val_picture_val_box_ap_50": 0.3246126493739194, "val_bed_val_box_ap_50": 0.7390773182104939, "val_shower_curtain_val_box_ap_50": 0.4565381708238851, "val_toilet_val_box_ap_50": 0.9618874773139747, "val_curtain_val_box_ap_50": 0.5087635397886375, "val_chair_val_box_ap_25": 0.8891962238158568, "val_sink_val_box_ap_25": 0.7123103240656038, "val_otherfurniture_val_box_ap_25": 0.5257376503797304, "val_door_val_box_ap_25": 0.5707439126687928, "val_cabinet_val_box_ap_25": 0.49053452363950834, "val_table_val_box_ap_25": 0.6803836592399252, "val_window_val_box_ap_25": 0.4769579817713383, "val_counter_val_box_ap_25": 0.5666666666666667, "val_refridgerator_val_box_ap_25": 0.5059576023391813, "val_sofa_val_box_ap_25": 0.719928956519409, "val_bookshelf_val_box_ap_25": 0.4571935689428888, "val_desk_val_box_ap_25": 0.7144350551971947, "val_bathtub_val_box_ap_25": 0.8604226918798665, "val_picture_val_box_ap_25": 0.3556329354557408, "val_bed_val_box_ap_25": 0.8443725912861713, "val_shower_curtain_val_box_ap_25": 0.751984126984127, "val_toilet_val_box_ap_25": 0.9788941736028537, "val_curtain_val_box_ap_25": 0.678921232365167, "val_cabinet_val_ap": 0.36177346110343933, "val_cabinet_val_ap_50": 0.5110414028167725, "val_cabinet_val_ap_25": 0.6093693375587463, "val_bed_val_ap": 0.53914874792099, "val_bed_val_ap_50": 0.7582332491874695, "val_bed_val_ap_25": 0.8486478924751282, "val_chair_val_ap": 0.7940161824226379, "val_chair_val_ap_50": 0.9048508405685425, "val_chair_val_ap_25": 0.9286351799964905, "val_sofa_val_ap": 0.39501580595970154, "val_sofa_val_ap_50": 0.5806589722633362, "val_sofa_val_ap_25": 0.752504825592041, "val_table_val_ap": 0.5673574209213257, "val_table_val_ap_50": 0.7131734490394592, "val_table_val_ap_25": 0.7499966025352478, "val_door_val_ap": 0.5167475938796997, "val_door_val_ap_50": 0.6491138339042664, "val_door_val_ap_25": 0.7061266899108887, "val_window_val_ap": 0.2968854010105133, "val_window_val_ap_50": 0.45902204513549805, "val_window_val_ap_25": 0.5806573033332825, "val_bookshelf_val_ap": 0.2977827787399292, "val_bookshelf_val_ap_50": 0.46027836203575134, "val_bookshelf_val_ap_25": 0.5860245823860168, "val_picture_val_ap": 0.424289733171463, "val_picture_val_ap_50": 0.5023115873336792, "val_picture_val_ap_25": 0.512538492679596, "val_counter_val_ap": 0.2905648946762085, "val_counter_val_ap_50": 0.48486268520355225, "val_counter_val_ap_25": 0.5789207220077515, "val_desk_val_ap": 0.34237605333328247, "val_desk_val_ap_50": 0.5764227509498596, "val_desk_val_ap_25": 0.7246689796447754, "val_curtain_val_ap": 0.4318491816520691, "val_curtain_val_ap_50": 0.5726736783981323, "val_curtain_val_ap_25": 0.7145946025848389, "val_refrigerator_val_ap": 0.43223756551742554, "val_refrigerator_val_ap_50": 0.5075612664222717, "val_refrigerator_val_ap_25": 0.5075612664222717, "val_shower curtain_val_ap": 0.5825589299201965, "val_shower curtain_val_ap_50": 0.807655930519104, "val_shower curtain_val_ap_25": 0.8459221124649048, "val_toilet_val_ap": 0.9426014423370361, "val_toilet_val_ap_50": 0.982758641242981, "val_toilet_val_ap_25": 0.982758641242981, "val_sink_val_ap": 0.4947170615196228, "val_sink_val_ap_50": 0.6918477416038513, "val_sink_val_ap_25": 0.8491241335868835, "val_bathtub_val_ap": 0.8071319460868835, "val_bathtub_val_ap_50": 0.8709677457809448, "val_bathtub_val_ap_25": 0.8709677457809448, "val_otherfurniture_val_ap": 0.4866238832473755, "val_otherfurniture_val_ap_50": 0.5753834247589111, "val_otherfurniture_val_ap_25": 0.6098067164421082, "val_mean_ap": 0.50020432472229, "val_mean_ap_50": 0.6449342966079712, "val_mean_ap_25": 0.7199347615242004, "val_loss_ce": 1.26332688331604, "val_loss_mask": 0.1799251288175583, "val_loss_dice": 0.3193827271461487, "val_loss_ce_0": 3.7430691719055176, "val_loss_mask_0": 0.5960774421691895, "val_loss_dice_0": 1.8747272491455078, "val_loss_ce_1": 1.0066044330596924, "val_loss_mask_1": 0.22357819974422455, "val_loss_dice_1": 0.5435408353805542, "val_loss_ce_2": 1.0157743692398071, "val_loss_mask_2": 0.1996694803237915, "val_loss_dice_2": 0.41538095474243164, "val_loss_ce_3": 1.062868595123291, "val_loss_mask_3": 0.18572257459163666, "val_loss_dice_3": 0.361966073513031, "val_loss_ce_4": 1.1277337074279785, "val_loss_mask_4": 0.17993710935115814, "val_loss_dice_4": 0.33661362528800964, "val_loss_ce_5": 1.1719664335250854, "val_loss_mask_5": 0.1813577562570572, "val_loss_dice_5": 0.33705905079841614, "val_loss_ce_6": 1.2060574293136597, "val_loss_mask_6": 0.18475060164928436, "val_loss_dice_6": 0.3379329442977905, "val_loss_ce_7": 1.2039093971252441, "val_loss_mask_7": 0.18140827119350433, "val_loss_dice_7": 0.3303970396518707, "val_loss_ce_8": 1.2427127361297607, "val_loss_mask_8": 0.1778562068939209, "val_loss_dice_8": 0.32305094599723816, "val_loss_ce_9": 1.2814279794692993, "val_loss_mask_9": 0.18203069269657135, "val_loss_dice_9": 0.3246918022632599, "val_loss_ce_10": 1.2792624235153198, "val_loss_mask_10": 0.18403664231300354, "val_loss_dice_10": 0.3267822265625, "val_loss_ce_11": 1.2339695692062378, "val_loss_mask_11": 0.18264108896255493, "val_loss_dice_11": 0.32388052344322205, "val_mean_loss_ce": 1.372206449508667, "val_mean_loss_mask": 0.21838393807411194, "val_mean_loss_dice": 0.4734927713871002, "epoch": 0, "trainer/global_step": 0, "_timestamp": 1686799068.8302667, "_runtime": 3346.4973537921906, "_step": 0, "_wandb": {"runtime": 3346}}