{"val_mean_box_ap_25": 0.6226159803003777, "val_mean_box_ap_50": 0.5034274182072189, "val_chair_val_box_ap_50": 0.8127222697142245, "val_otherfurniture_val_box_ap_50": 0.48452862512428085, "val_door_val_box_ap_50": 0.47700212811336545, "val_cabinet_val_box_ap_50": 0.3555551498980526, "val_sink_val_box_ap_50": 0.5346247746589743, "val_window_val_box_ap_50": 0.33957864324586456, "val_counter_val_box_ap_50": 0.3530175728979956, "val_table_val_box_ap_50": 0.5430949184811703, "val_sofa_val_box_ap_50": 0.5329721787300644, "val_bookshelf_val_box_ap_50": 0.34076050166232263, "val_desk_val_box_ap_50": 0.4239995616413662, "val_picture_val_box_ap_50": 0.30124101359134325, "val_bathtub_val_box_ap_50": 0.7990074441687345, "val_toilet_val_box_ap_50": 0.9652147610405325, "val_bed_val_box_ap_50": 0.6533488609046272, "val_curtain_val_box_ap_50": 0.4654453225362828, "val_shower_curtain_val_box_ap_50": 0.3712809485835802, "val_refridgerator_val_box_ap_50": 0.30829885273715996, "val_chair_val_box_ap_25": 0.874018279766569, "val_otherfurniture_val_box_ap_25": 0.5416237199495658, "val_door_val_box_ap_25": 0.5425838517805797, "val_cabinet_val_box_ap_25": 0.5095547613609228, "val_sink_val_box_ap_25": 0.7190479412171964, "val_window_val_box_ap_25": 0.49615273943327853, "val_counter_val_box_ap_25": 0.47776162963662966, "val_table_val_box_ap_25": 0.5980976784076577, "val_sofa_val_box_ap_25": 0.7424599976385884, "val_bookshelf_val_box_ap_25": 0.3893745605346519, "val_desk_val_box_ap_25": 0.6522644593605049, "val_picture_val_box_ap_25": 0.33801688771418176, "val_bathtub_val_box_ap_25": 0.7990074441687345, "val_toilet_val_box_ap_25": 0.9652147610405325, "val_bed_val_box_ap_25": 0.7671165839859271, "val_curtain_val_box_ap_25": 0.6492278865413194, "val_shower_curtain_val_box_ap_25": 0.690301304975218, "val_refridgerator_val_box_ap_25": 0.4552631578947368, "val_cabinet_val_ap": 0.3692905902862549, "val_cabinet_val_ap_50": 0.5239070653915405, "val_cabinet_val_ap_25": 0.6104941964149475, "val_bed_val_ap": 0.533517062664032, "val_bed_val_ap_50": 0.7199102640151978, "val_bed_val_ap_25": 0.796859860420227, "val_chair_val_ap": 0.7850999236106873, "val_chair_val_ap_50": 0.8943721055984497, "val_chair_val_ap_25": 0.9156004786491394, "val_sofa_val_ap": 0.44907012581825256, "val_sofa_val_ap_50": 0.6633161902427673, "val_sofa_val_ap_25": 0.7812268733978271, "val_table_val_ap": 0.5279258489608765, "val_table_val_ap_50": 0.6832706928253174, "val_table_val_ap_25": 0.7204000949859619, "val_door_val_ap": 0.4718145430088043, "val_door_val_ap_50": 0.6050525903701782, "val_door_val_ap_25": 0.6802401542663574, "val_window_val_ap": 0.3212929666042328, "val_window_val_ap_50": 0.5131843686103821, "val_window_val_ap_25": 0.6209834218025208, "val_bookshelf_val_ap": 0.28924164175987244, "val_bookshelf_val_ap_50": 0.464974969625473, "val_bookshelf_val_ap_25": 0.5702385306358337, "val_picture_val_ap": 0.3969608545303345, "val_picture_val_ap_50": 0.4638863801956177, "val_picture_val_ap_25": 0.4849042594432831, "val_counter_val_ap": 0.23671896755695343, "val_counter_val_ap_50": 0.3965514898300171, "val_counter_val_ap_25": 0.4933648407459259, "val_desk_val_ap": 0.29678595066070557, "val_desk_val_ap_50": 0.497028112411499, "val_desk_val_ap_25": 0.6650304794311523, "val_curtain_val_ap": 0.3862261474132538, "val_curtain_val_ap_50": 0.5815256237983704, "val_curtain_val_ap_25": 0.6682586669921875, "val_refrigerator_val_ap": 0.37473732233047485, "val_refrigerator_val_ap_50": 0.4645896852016449, "val_refrigerator_val_ap_25": 0.4912280738353729, "val_shower curtain_val_ap": 0.46307650208473206, "val_shower curtain_val_ap_50": 0.6023432612419128, "val_shower curtain_val_ap_25": 0.7073838710784912, "val_toilet_val_ap": 0.9498023390769958, "val_toilet_val_ap_50": 0.9652120471000671, "val_toilet_val_ap_25": 0.982153594493866, "val_sink_val_ap": 0.5124120712280273, "val_sink_val_ap_50": 0.6753039956092834, "val_sink_val_ap_25": 0.8265682458877563, "val_bathtub_val_ap": 0.71480393409729, "val_bathtub_val_ap_50": 0.8064516186714172, "val_bathtub_val_ap_25": 0.8064516186714172, "val_otherfurniture_val_ap": 0.5184080004692078, "val_otherfurniture_val_ap_50": 0.6113157868385315, "val_otherfurniture_val_ap_25": 0.6534208059310913, "val_mean_ap": 0.4776213765144348, "val_mean_ap_50": 0.6184553503990173, "val_mean_ap_25": 0.693044900894165, "val_loss_ce": 1.1466296911239624, "val_loss_mask": 0.1760915219783783, "val_loss_dice": 0.3436814546585083, "val_loss_ce_0": 3.806506872177124, "val_loss_mask_0": 0.5973449349403381, "val_loss_dice_0": 1.876137375831604, "val_loss_ce_1": 1.6098055839538574, "val_loss_mask_1": 0.2816748023033142, "val_loss_dice_1": 0.7178196310997009, "val_loss_ce_2": 1.2521779537200928, "val_loss_mask_2": 0.23257586359977722, "val_loss_dice_2": 0.50702303647995, "val_loss_ce_3": 1.1825611591339111, "val_loss_mask_3": 0.2062230408191681, "val_loss_dice_3": 0.4267711639404297, "val_loss_ce_4": 1.1401795148849487, "val_loss_mask_4": 0.1851573884487152, "val_loss_dice_4": 0.3838373124599457, "val_loss_ce_5": 1.1511294841766357, "val_loss_mask_5": 0.1846122443675995, "val_loss_dice_5": 0.38479146361351013, "val_loss_ce_6": 1.0831434726715088, "val_loss_mask_6": 0.18260963261127472, "val_loss_dice_6": 0.3799625635147095, "val_loss_ce_7": 1.1288175582885742, "val_loss_mask_7": 0.17868264019489288, "val_loss_dice_7": 0.36722803115844727, "val_loss_ce_8": 1.1418116092681885, "val_loss_mask_8": 0.175469309091568, "val_loss_dice_8": 0.3526080846786499, "val_loss_ce_9": 1.1553325653076172, "val_loss_mask_9": 0.1762349009513855, "val_loss_dice_9": 0.35382920503616333, "val_loss_ce_10": 1.0936037302017212, "val_loss_mask_10": 0.1781480312347412, "val_loss_dice_10": 0.3578142523765564, "val_loss_ce_11": 1.1290569305419922, "val_loss_mask_11": 0.17510943114757538, "val_loss_dice_11": 0.3525899350643158, "val_mean_loss_ce": 1.3862119913101196, "val_mean_loss_mask": 0.22537951171398163, "val_mean_loss_dice": 0.5233917832374573, "epoch": 0, "trainer/global_step": 0, "_timestamp": 1685695633.56712, "_runtime": 3253.0504059791565, "_step": 0, "_wandb": {"runtime": 3252}}