{"lr-AdamW": 9.998000165182106e-05, "trainer/global_step": 122949, "_timestamp": 1693665966.9983065, "_runtime": 161091.18916344643, "_step": 4172, "train_loss_ce": 0.37088078260421753, "train_loss_mask": 0.33306315541267395, "train_loss_dice": 1.299983024597168, "train_loss_ce_0": 1.0394788980484009, "train_loss_mask_0": 0.38152721524238586, "train_loss_dice_0": 1.5954251289367676, "train_loss_ce_1": 0.9740259051322937, "train_loss_mask_1": 0.3833107650279999, "train_loss_dice_1": 1.5921297073364258, "train_loss_ce_2": 0.4949139356613159, "train_loss_mask_2": 0.4044058918952942, "train_loss_dice_2": 1.4407426118850708, "train_loss_ce_3": 0.3287476599216461, "train_loss_mask_3": 0.3530524671077728, "train_loss_dice_3": 1.3398407697677612, "train_loss_ce_4": 0.3183666169643402, "train_loss_mask_4": 0.37393224239349365, "train_loss_dice_4": 1.3714485168457031, "train_loss_ce_5": 0.3666810989379883, "train_loss_mask_5": 0.37490612268447876, "train_loss_dice_5": 1.3117424249649048, "train_loss_ce_6": 0.49469470977783203, "train_loss_mask_6": 0.32740142941474915, "train_loss_dice_6": 1.1899644136428833, "train_loss_ce_7": 0.32972458004951477, "train_loss_mask_7": 0.3288618326187134, "train_loss_dice_7": 1.2066199779510498, "train_loss_ce_8": 0.3982658088207245, "train_loss_mask_8": 0.3301974833011627, "train_loss_dice_8": 1.1722913980484009, "train_loss_ce_9": 0.4316292107105255, "train_loss_mask_9": 0.3238767683506012, "train_loss_dice_9": 1.141876220703125, "train_loss_ce_10": 0.577256977558136, "train_loss_mask_10": 0.2935500144958496, "train_loss_dice_10": 1.0675042867660522, "train_loss_ce_11": 0.3826010823249817, "train_loss_mask_11": 0.29451340436935425, "train_loss_dice_11": 1.0821442604064941, "train_mean_loss_ce": 0.5005590319633484, "train_mean_loss_mask": 0.3463537395000458, "train_mean_loss_dice": 1.2932087182998657, "epoch": 306, "train_loss_mean": 31.41820526123047, "val_mean_box_ap_25": 0.603363988325007, "val_mean_box_ap_50": 0.42174929820722007, "val_chair_val_box_ap_50": 0.7089542928393698, "val_window_val_box_ap_50": 0.24884986831148803, "val_otherfurniture_val_box_ap_50": 0.4412240362246625, "val_cabinet_val_box_ap_50": 0.3328352779379292, "val_table_val_box_ap_50": 0.4718387486024055, "val_door_val_box_ap_50": 0.31456746277708103, "val_sink_val_box_ap_50": 0.5271999553620931, "val_bookshelf_val_box_ap_50": 0.16015354569421117, "val_desk_val_box_ap_50": 0.4024945209555004, "val_picture_val_box_ap_50": 0.25623897169896626, "val_bed_val_box_ap_50": 0.5648998768593168, "val_curtain_val_box_ap_50": 0.38587140388211694, "val_sofa_val_box_ap_50": 0.4867321199861656, "val_counter_val_box_ap_50": 0.303992257825936, "val_refridgerator_val_box_ap_50": 0.3812326574491146, "val_chair_val_box_ap_25": 0.8294708216352974, "val_window_val_box_ap_25": 0.4196136642855428, "val_otherfurniture_val_box_ap_25": 0.514881416689756, "val_cabinet_val_box_ap_25": 0.5131401713913538, "val_table_val_box_ap_25": 0.5746779817027856, "val_door_val_box_ap_25": 0.4284070421770344, "val_sink_val_box_ap_25": 0.745370756469321, "val_bookshelf_val_box_ap_25": 0.26828193390516786, "val_desk_val_box_ap_25": 0.658066780125138, "val_picture_val_box_ap_25": 0.301114403631095, "val_bed_val_box_ap_25": 0.8362011778793293, "val_curtain_val_box_ap_25": 0.6112802425774829, "val_sofa_val_box_ap_25": 0.7550101843677622, "val_counter_val_box_ap_25": 0.6454344123420963, "val_refridgerator_val_box_ap_25": 0.5650683056651759, "val_cabinet_val_ap": 0.3576435446739197, "val_cabinet_val_ap_50": 0.5670546293258667, "val_cabinet_val_ap_25": 0.7254080176353455, "val_bed_val_ap": 0.46765652298927307, "val_bed_val_ap_50": 0.7821027636528015, "val_bed_val_ap_25": 0.8454492092132568, "val_chair_val_ap": 0.7253735065460205, "val_chair_val_ap_50": 0.8800966143608093, "val_chair_val_ap_25": 0.9401905536651611, "val_sofa_val_ap": 0.38080543279647827, "val_sofa_val_ap_50": 0.631963312625885, "val_sofa_val_ap_25": 0.8268229365348816, "val_table_val_ap": 0.5057259798049927, "val_table_val_ap_50": 0.7221604585647583, "val_table_val_ap_25": 0.8319199681282043, "val_door_val_ap": 0.3883737623691559, "val_door_val_ap_50": 0.5818607211112976, "val_door_val_ap_25": 0.7371701002120972, "val_window_val_ap": 0.27891963720321655, "val_window_val_ap_50": 0.49070513248443604, "val_window_val_ap_25": 0.7268794775009155, "val_bookshelf_val_ap": 0.23280832171440125, "val_bookshelf_val_ap_50": 0.47629982233047485, "val_bookshelf_val_ap_25": 0.6304037570953369, "val_picture_val_ap": 0.4210984706878662, "val_picture_val_ap_50": 0.5221951007843018, "val_picture_val_ap_25": 0.6154592633247375, "val_counter_val_ap": 0.29103466868400574, "val_counter_val_ap_50": 0.5293190479278564, "val_counter_val_ap_25": 0.6983177661895752, "val_desk_val_ap": 0.22736778855323792, "val_desk_val_ap_50": 0.5311892032623291, "val_desk_val_ap_25": 0.7944369316101074, "val_curtain_val_ap": 0.34745922684669495, "val_curtain_val_ap_50": 0.5496190786361694, "val_curtain_val_ap_25": 0.7883296608924866, "val_refrigerator_val_ap": 0.5103468298912048, "val_refrigerator_val_ap_50": 0.631865382194519, "val_refrigerator_val_ap_25": 0.6974385976791382, "val_shower curtain_val_ap": 0.38283252716064453, "val_shower curtain_val_ap_50": 0.7265185713768005, "val_shower curtain_val_ap_25": 0.7726229429244995, "val_toilet_val_ap": 0.8433566689491272, "val_toilet_val_ap_50": 0.9236140847206116, "val_toilet_val_ap_25": 0.982458770275116, "val_sink_val_ap": 0.47633883357048035, "val_sink_val_ap_50": 0.7208089828491211, "val_sink_val_ap_25": 0.9018657207489014, "val_bathtub_val_ap": 0.6094096302986145, "val_bathtub_val_ap_50": 0.8709677457809448, "val_bathtub_val_ap_25": 0.8709677457809448, "val_otherfurniture_val_ap": 0.503566563129425, "val_otherfurniture_val_ap_50": 0.654628336429596, "val_otherfurniture_val_ap_25": 0.7554006576538086, "val_mean_ap": 0.441673219203949, "val_mean_ap_50": 0.6551649570465088, "val_mean_ap_25": 0.7856412529945374, "val_loss_ce": 0.9938957095146179, "val_loss_mask": 0.18405601382255554, "val_loss_dice": 0.45121386647224426, "val_loss_ce_0": 1.2967010736465454, "val_loss_mask_0": 0.2310277223587036, "val_loss_dice_0": 0.6477907299995422, "val_loss_ce_1": 1.2967010736465454, "val_loss_mask_1": 0.2310277223587036, "val_loss_dice_1": 0.6477907299995422, "val_loss_ce_2": 1.1571874618530273, "val_loss_mask_2": 0.21543075144290924, "val_loss_dice_2": 0.6141303777694702, "val_loss_ce_3": 1.0748399496078491, "val_loss_mask_3": 0.21169807016849518, "val_loss_dice_3": 0.5520769357681274, "val_loss_ce_4": 1.0345244407653809, "val_loss_mask_4": 0.20227409899234772, "val_loss_dice_4": 0.5181372761726379, "val_loss_ce_5": 1.02487051486969, "val_loss_mask_5": 0.1938675343990326, "val_loss_dice_5": 0.4847564101219177, "val_loss_ce_6": 1.0031485557556152, "val_loss_mask_6": 0.1940101683139801, "val_loss_dice_6": 0.4893572926521301, "val_loss_ce_7": 0.9797140955924988, "val_loss_mask_7": 0.19307813048362732, "val_loss_dice_7": 0.48267364501953125, "val_loss_ce_8": 0.9878637194633484, "val_loss_mask_8": 0.19290034472942352, "val_loss_dice_8": 0.47719520330429077, "val_loss_ce_9": 1.0044381618499756, "val_loss_mask_9": 0.18808336555957794, "val_loss_dice_9": 0.46094825863838196, "val_loss_ce_10": 0.978615403175354, "val_loss_mask_10": 0.186348557472229, "val_loss_dice_10": 0.46705856919288635, "val_loss_ce_11": 0.9705560207366943, "val_loss_mask_11": 0.18516923487186432, "val_loss_dice_11": 0.4652329981327057, "val_mean_loss_ce": 1.0617735385894775, "val_mean_loss_mask": 0.2006901353597641, "val_mean_loss_dice": 0.5198740363121033, "val_toilet_val_box_ap_50": 0.767973030613629, "val_bathtub_val_box_ap_50": 0.6140343527440302, "val_shower_curtain_val_box_ap_50": 0.22239498796594662, "val_toilet_val_box_ap_25": 0.9220935960591133, "val_bathtub_val_box_ap_25": 0.8315207373271889, "val_shower_curtain_val_box_ap_25": 0.4409181616194866}