{"val_mean_box_ap_25": 0.626117337048878, "val_mean_box_ap_50": 0.4928952892190256, "val_chair_val_box_ap_50": 0.7773010058141119, "val_otherfurniture_val_box_ap_50": 0.46269849852815753, "val_door_val_box_ap_50": 0.4499605448329236, "val_sink_val_box_ap_50": 0.5812538754345302, "val_table_val_box_ap_50": 0.5818857632998828, "val_cabinet_val_box_ap_50": 0.3555892409027456, "val_window_val_box_ap_50": 0.288068202995799, "val_counter_val_box_ap_50": 0.5060617703645136, "val_refridgerator_val_box_ap_50": 0.41079833049647285, "val_sofa_val_box_ap_50": 0.4352786402274347, "val_bookshelf_val_box_ap_50": 0.29544311980680904, "val_desk_val_box_ap_50": 0.4867552532510455, "val_picture_val_box_ap_50": 0.25544663303128956, "val_bathtub_val_box_ap_50": 0.7458970005659309, "val_bed_val_box_ap_50": 0.7222422328588742, "val_shower_curtain_val_box_ap_50": 0.20990479427979428, "val_curtain_val_box_ap_50": 0.49621727605164373, "val_toilet_val_box_ap_50": 0.8113130232005005, "val_chair_val_box_ap_25": 0.8761571201716858, "val_otherfurniture_val_box_ap_25": 0.5221972549346303, "val_door_val_box_ap_25": 0.5296535705809468, "val_sink_val_box_ap_25": 0.7162965662455458, "val_table_val_box_ap_25": 0.6347803955707192, "val_cabinet_val_box_ap_25": 0.4981901032207525, "val_window_val_box_ap_25": 0.46259232341075485, "val_counter_val_box_ap_25": 0.6620576603611235, "val_refridgerator_val_box_ap_25": 0.5598232714138287, "val_sofa_val_box_ap_25": 0.6933658373579781, "val_bookshelf_val_box_ap_25": 0.38579208133365284, "val_desk_val_box_ap_25": 0.7181316455801102, "val_picture_val_box_ap_25": 0.3096588158025948, "val_bathtub_val_box_ap_25": 0.7921146953405017, "val_bed_val_box_ap_25": 0.7989329710373592, "val_shower_curtain_val_box_ap_25": 0.5326028138528139, "val_curtain_val_box_ap_25": 0.6030324793092765, "val_toilet_val_box_ap_25": 0.9747324613555292, "val_cabinet_val_ap": 0.3513811230659485, "val_cabinet_val_ap_50": 0.5231505632400513, "val_cabinet_val_ap_25": 0.6111001968383789, "val_bed_val_ap": 0.5705484747886658, "val_bed_val_ap_50": 0.7998497486114502, "val_bed_val_ap_25": 0.8367063999176025, "val_chair_val_ap": 0.7666378617286682, "val_chair_val_ap_50": 0.8839654326438904, "val_chair_val_ap_25": 0.9183151721954346, "val_sofa_val_ap": 0.33761414885520935, "val_sofa_val_ap_50": 0.5355384349822998, "val_sofa_val_ap_25": 0.7418256998062134, "val_table_val_ap": 0.5103178024291992, "val_table_val_ap_50": 0.663043737411499, "val_table_val_ap_25": 0.7049911022186279, "val_door_val_ap": 0.4430460035800934, "val_door_val_ap_50": 0.5666728615760803, "val_door_val_ap_25": 0.621745228767395, "val_window_val_ap": 0.27050408720970154, "val_window_val_ap_50": 0.41548576951026917, "val_window_val_ap_25": 0.5510010719299316, "val_bookshelf_val_ap": 0.3423354923725128, "val_bookshelf_val_ap_50": 0.5423081517219543, "val_bookshelf_val_ap_25": 0.5925705432891846, "val_picture_val_ap": 0.36493194103240967, "val_picture_val_ap_50": 0.42769762873649597, "val_picture_val_ap_25": 0.4603520929813385, "val_counter_val_ap": 0.3265150785446167, "val_counter_val_ap_50": 0.5631245374679565, "val_counter_val_ap_25": 0.6848025918006897, "val_desk_val_ap": 0.3039725124835968, "val_desk_val_ap_50": 0.5600976943969727, "val_desk_val_ap_25": 0.731626033782959, "val_curtain_val_ap": 0.33665528893470764, "val_curtain_val_ap_50": 0.543369472026825, "val_curtain_val_ap_25": 0.6410966515541077, "val_refrigerator_val_ap": 0.4223673939704895, "val_refrigerator_val_ap_50": 0.5608635544776917, "val_refrigerator_val_ap_25": 0.5608635544776917, "val_shower curtain_val_ap": 0.4260117709636688, "val_shower curtain_val_ap_50": 0.6048498749732971, "val_shower curtain_val_ap_25": 0.7359387278556824, "val_toilet_val_ap": 0.8942722082138062, "val_toilet_val_ap_50": 0.982758641242981, "val_toilet_val_ap_25": 0.982758641242981, "val_sink_val_ap": 0.5203245282173157, "val_sink_val_ap_50": 0.6835935115814209, "val_sink_val_ap_25": 0.8541666865348816, "val_bathtub_val_ap": 0.6459466218948364, "val_bathtub_val_ap_50": 0.8064516186714172, "val_bathtub_val_ap_25": 0.8064516186714172, "val_otherfurniture_val_ap": 0.5026996731758118, "val_otherfurniture_val_ap_50": 0.5998402833938599, "val_otherfurniture_val_ap_25": 0.6367218494415283, "val_mean_ap": 0.4631156623363495, "val_mean_ap_50": 0.6257033944129944, "val_mean_ap_25": 0.7040574550628662, "val_loss_ce": 1.3125801086425781, "val_loss_mask": 0.18548797070980072, "val_loss_dice": 0.38466835021972656, "val_loss_ce_0": 1.1400749683380127, "val_loss_mask_0": 0.21203309297561646, "val_loss_dice_0": 0.5561864972114563, "val_loss_ce_1": 1.1400749683380127, "val_loss_mask_1": 0.21203309297561646, "val_loss_dice_1": 0.5561864972114563, "val_loss_ce_2": 1.150413155555725, "val_loss_mask_2": 0.20727220177650452, "val_loss_dice_2": 0.5184400677680969, "val_loss_ce_3": 1.1124120950698853, "val_loss_mask_3": 0.1997104436159134, "val_loss_dice_3": 0.4703354835510254, "val_loss_ce_4": 1.1635971069335938, "val_loss_mask_4": 0.19653402268886566, "val_loss_dice_4": 0.4365478754043579, "val_loss_ce_5": 1.1977335214614868, "val_loss_mask_5": 0.1836034506559372, "val_loss_dice_5": 0.40792223811149597, "val_loss_ce_6": 1.2206261157989502, "val_loss_mask_6": 0.1882898062467575, "val_loss_dice_6": 0.4058329463005066, "val_loss_ce_7": 1.1987451314926147, "val_loss_mask_7": 0.18663454055786133, "val_loss_dice_7": 0.4033328890800476, "val_loss_ce_8": 1.2464957237243652, "val_loss_mask_8": 0.1927546113729477, "val_loss_dice_8": 0.3994417190551758, "val_loss_ce_9": 1.2863761186599731, "val_loss_mask_9": 0.18429219722747803, "val_loss_dice_9": 0.3883933126926422, "val_loss_ce_10": 1.2815395593643188, "val_loss_mask_10": 0.1869315207004547, "val_loss_dice_10": 0.3900248110294342, "val_loss_ce_11": 1.233011245727539, "val_loss_mask_11": 0.186462864279747, "val_loss_dice_11": 0.3919449746608734, "val_mean_loss_ce": 1.2064368724822998, "val_mean_loss_mask": 0.19400306046009064, "val_mean_loss_dice": 0.4391736686229706, "epoch": 0, "trainer/global_step": 0, "_timestamp": 1693880311.7507946, "_runtime": 2693.4685547351837, "_step": 0, "_wandb": {"runtime": 2692}}