{"lr-AdamW": 4.254512365887893e-06, "trainer/global_step": 3949, "_timestamp": 1692711647.3985891, "_runtime": 6940.980257034302, "_step": 166, "train_loss_ce": 4.8597588539123535, "train_loss_mask": 1.9503294229507446, "train_loss_dice": 5.638985633850098, "train_loss_bbox": 10.946001052856445, "train_loss_giou": 6.10943078994751, "train_loss_ce_0": 4.082941055297852, "train_loss_mask_0": 1.8569769859313965, "train_loss_dice_0": 5.460641860961914, "train_loss_bbox_0": 11.112411499023438, "train_loss_giou_0": 5.77783727645874, "train_loss_ce_1": 4.672025203704834, "train_loss_mask_1": 1.7970576286315918, "train_loss_dice_1": 5.417240142822266, "train_loss_bbox_1": 10.861366271972656, "train_loss_giou_1": 5.770033359527588, "train_loss_ce_2": 2.9172229766845703, "train_loss_mask_2": 1.8615148067474365, "train_loss_dice_2": 5.387786865234375, "train_loss_bbox_2": 10.839097023010254, "train_loss_giou_2": 5.784655570983887, "train_loss_ce_3": 3.106532573699951, "train_loss_mask_3": 1.8615994453430176, "train_loss_dice_3": 5.4184699058532715, "train_loss_bbox_3": 10.894291877746582, "train_loss_giou_3": 6.0272111892700195, "train_loss_ce_4": 3.0450077056884766, "train_loss_mask_4": 1.8334906101226807, "train_loss_dice_4": 5.37755823135376, "train_loss_bbox_4": 10.762815475463867, "train_loss_giou_4": 5.873610019683838, "train_loss_ce_5": 3.1358070373535156, "train_loss_mask_5": 1.8200935125350952, "train_loss_dice_5": 5.383267402648926, "train_loss_bbox_5": 11.288867950439453, "train_loss_giou_5": 5.718349456787109, "train_loss_ce_6": 3.4671928882598877, "train_loss_mask_6": 1.834014892578125, "train_loss_dice_6": 5.373318195343018, "train_loss_bbox_6": 11.115073204040527, "train_loss_giou_6": 5.795200347900391, "train_loss_ce_7": 3.4107251167297363, "train_loss_mask_7": 1.7916722297668457, "train_loss_dice_7": 5.38275146484375, "train_loss_bbox_7": 10.984912872314453, "train_loss_giou_7": 5.794860363006592, "train_loss_ce_8": 3.2362520694732666, "train_loss_mask_8": 1.8122690916061401, "train_loss_dice_8": 5.406858444213867, "train_loss_bbox_8": 11.132903099060059, "train_loss_giou_8": 5.928250789642334, "train_loss_ce_9": 3.352851152420044, "train_loss_mask_9": 1.8423798084259033, "train_loss_dice_9": 5.420221328735352, "train_loss_bbox_9": 11.08418083190918, "train_loss_giou_9": 5.6587677001953125, "train_loss_ce_10": 3.5516343116760254, "train_loss_mask_10": 1.8774244785308838, "train_loss_dice_10": 5.450547218322754, "train_loss_bbox_10": 10.991798400878906, "train_loss_giou_10": 5.986303329467773, "train_loss_ce_11": 3.6552186012268066, "train_loss_mask_11": 1.7804795503616333, "train_loss_dice_11": 5.4904632568359375, "train_loss_bbox_11": 11.205365180969238, "train_loss_giou_11": 5.8168487548828125, "train_mean_loss_ce": 3.576397657394409, "train_mean_loss_mask": 1.8399463891983032, "train_mean_loss_dice": 5.431393146514893, "epoch": 9, "train_loss_mean": 358.90521240234375}