{"val_mean_box_ap_25": 0.6159361365070265, "val_mean_box_ap_50": 0.48920173400336847, "val_chair_val_box_ap_50": 0.7912915525318506, "val_otherfurniture_val_box_ap_50": 0.48281764222192397, "val_sink_val_box_ap_50": 0.5397247516457963, "val_cabinet_val_box_ap_50": 0.36072033110151847, "val_door_val_box_ap_50": 0.40400739425509913, "val_counter_val_box_ap_50": 0.32871721366704654, "val_table_val_box_ap_50": 0.5563639820159654, "val_window_val_box_ap_50": 0.3341657294464294, "val_sofa_val_box_ap_50": 0.5420284695641125, "val_bookshelf_val_box_ap_50": 0.35896710765049084, "val_desk_val_box_ap_50": 0.4575856022760776, "val_picture_val_box_ap_50": 0.28911488621165987, "val_bathtub_val_box_ap_50": 0.8195937873357227, "val_toilet_val_box_ap_50": 0.7784399159517075, "val_shower_curtain_val_box_ap_50": 0.39080632252901154, "val_bed_val_box_ap_50": 0.5701713186616568, "val_curtain_val_box_ap_50": 0.4811038067283158, "val_refridgerator_val_box_ap_50": 0.3200113982662459, "val_chair_val_box_ap_25": 0.8607680475700324, "val_otherfurniture_val_box_ap_25": 0.5370114794068285, "val_sink_val_box_ap_25": 0.7199551514976935, "val_cabinet_val_box_ap_25": 0.5057040469380214, "val_door_val_box_ap_25": 0.47476433916957367, "val_counter_val_box_ap_25": 0.5384962248051801, "val_table_val_box_ap_25": 0.6177993874923402, "val_window_val_box_ap_25": 0.47839829134858236, "val_sofa_val_box_ap_25": 0.7454460490132251, "val_bookshelf_val_box_ap_25": 0.39311976771498003, "val_desk_val_box_ap_25": 0.7078287004402728, "val_picture_val_box_ap_25": 0.3230679279273613, "val_bathtub_val_box_ap_25": 0.8709677419354839, "val_toilet_val_box_ap_25": 0.8448275862068967, "val_shower_curtain_val_box_ap_25": 0.6793424716213323, "val_bed_val_box_ap_25": 0.6686348183932728, "val_curtain_val_box_ap_25": 0.6393657634554595, "val_refridgerator_val_box_ap_25": 0.48135266218994205, "val_cabinet_val_ap": 0.3752196729183197, "val_cabinet_val_ap_50": 0.5338026881217957, "val_cabinet_val_ap_25": 0.6110522150993347, "val_bed_val_ap": 0.47521477937698364, "val_bed_val_ap_50": 0.6581728458404541, "val_bed_val_ap_25": 0.7196902632713318, "val_chair_val_ap": 0.7713689208030701, "val_chair_val_ap_50": 0.879880428314209, "val_chair_val_ap_25": 0.8994497656822205, "val_sofa_val_ap": 0.44270768761634827, "val_sofa_val_ap_50": 0.6494253277778625, "val_sofa_val_ap_25": 0.7832220196723938, "val_table_val_ap": 0.5436791181564331, "val_table_val_ap_50": 0.703210711479187, "val_table_val_ap_25": 0.7553476691246033, "val_door_val_ap": 0.4097217917442322, "val_door_val_ap_50": 0.5454360842704773, "val_door_val_ap_25": 0.6201030015945435, "val_window_val_ap": 0.32549533247947693, "val_window_val_ap_50": 0.49723467230796814, "val_window_val_ap_25": 0.6471886038780212, "val_bookshelf_val_ap": 0.32041728496551514, "val_bookshelf_val_ap_50": 0.4946427643299103, "val_bookshelf_val_ap_25": 0.5980045795440674, "val_picture_val_ap": 0.3875565230846405, "val_picture_val_ap_50": 0.46888625621795654, "val_picture_val_ap_25": 0.4997381269931793, "val_counter_val_ap": 0.22686520218849182, "val_counter_val_ap_50": 0.43264421820640564, "val_counter_val_ap_25": 0.5489411950111389, "val_desk_val_ap": 0.3275509774684906, "val_desk_val_ap_50": 0.5826439261436462, "val_desk_val_ap_25": 0.7490022778511047, "val_curtain_val_ap": 0.4331786334514618, "val_curtain_val_ap_50": 0.5708838105201721, "val_curtain_val_ap_25": 0.6763403415679932, "val_refrigerator_val_ap": 0.3944092392921448, "val_refrigerator_val_ap_50": 0.5081770420074463, "val_refrigerator_val_ap_25": 0.5438596606254578, "val_shower curtain_val_ap": 0.49724119901657104, "val_shower curtain_val_ap_50": 0.6622975468635559, "val_shower curtain_val_ap_25": 0.7617304921150208, "val_toilet_val_ap": 0.8251153230667114, "val_toilet_val_ap_50": 0.8448275923728943, "val_toilet_val_ap_25": 0.8448275923728943, "val_sink_val_ap": 0.5155234932899475, "val_sink_val_ap_50": 0.6909944415092468, "val_sink_val_ap_25": 0.8692259192466736, "val_bathtub_val_ap": 0.7936928272247314, "val_bathtub_val_ap_50": 0.8709677457809448, "val_bathtub_val_ap_25": 0.8709677457809448, "val_otherfurniture_val_ap": 0.5158132910728455, "val_otherfurniture_val_ap_50": 0.6132304668426514, "val_otherfurniture_val_ap_25": 0.6578590869903564, "val_mean_ap": 0.4767095148563385, "val_mean_ap_50": 0.6226310133934021, "val_mean_ap_25": 0.7031416893005371, "val_loss_ce": 1.1828804016113281, "val_loss_mask": 0.17857174575328827, "val_loss_dice": 0.34992846846580505, "val_loss_ce_0": 3.8066720962524414, "val_loss_mask_0": 0.5978028774261475, "val_loss_dice_0": 1.875827670097351, "val_loss_ce_1": 1.6079516410827637, "val_loss_mask_1": 0.27964335680007935, "val_loss_dice_1": 0.7440886497497559, "val_loss_ce_2": 1.3600268363952637, "val_loss_mask_2": 0.2409745305776596, "val_loss_dice_2": 0.5232644081115723, "val_loss_ce_3": 1.2445929050445557, "val_loss_mask_3": 0.21627312898635864, "val_loss_dice_3": 0.437541663646698, "val_loss_ce_4": 1.1674232482910156, "val_loss_mask_4": 0.19373372197151184, "val_loss_dice_4": 0.39156174659729004, "val_loss_ce_5": 1.1703029870986938, "val_loss_mask_5": 0.19319163262844086, "val_loss_dice_5": 0.39194801449775696, "val_loss_ce_6": 1.1295238733291626, "val_loss_mask_6": 0.19550451636314392, "val_loss_dice_6": 0.3862021267414093, "val_loss_ce_7": 1.1619627475738525, "val_loss_mask_7": 0.18450245261192322, "val_loss_dice_7": 0.3724342882633209, "val_loss_ce_8": 1.1766622066497803, "val_loss_mask_8": 0.18317705392837524, "val_loss_dice_8": 0.35990628600120544, "val_loss_ce_9": 1.1848645210266113, "val_loss_mask_9": 0.1836366504430771, "val_loss_dice_9": 0.36250633001327515, "val_loss_ce_10": 1.1481430530548096, "val_loss_mask_10": 0.18726448714733124, "val_loss_dice_10": 0.3638336658477783, "val_loss_ce_11": 1.1726899147033691, "val_loss_mask_11": 0.18382737040519714, "val_loss_dice_11": 0.358651340007782, "val_mean_loss_ce": 1.4241304397583008, "val_mean_loss_mask": 0.23216180503368378, "val_mean_loss_dice": 0.5321303606033325, "epoch": 0, "trainer/global_step": 0, "_timestamp": 1685692279.3663783, "_runtime": 3222.1847722530365, "_step": 0, "_wandb": {"runtime": 3220}}