{"lr-AdamW": 4.049856132148073e-06, "trainer/global_step": 1049, "_timestamp": 1691380923.7343173, "_runtime": 1433.594482421875, "_step": 43, "train_loss_ce": 2.2358014583587646, "train_loss_mask": 1.7245519161224365, "train_loss_dice": 5.208002090454102, "train_loss_ce_0": 3.8321592807769775, "train_loss_mask_0": 1.6769776344299316, "train_loss_dice_0": 5.2525835037231445, "train_loss_ce_1": 4.486207008361816, "train_loss_mask_1": 1.6615116596221924, "train_loss_dice_1": 5.225205421447754, "train_loss_ce_2": 2.6502158641815186, "train_loss_mask_2": 1.720101237297058, "train_loss_dice_2": 5.217599868774414, "train_loss_ce_3": 2.374033212661743, "train_loss_mask_3": 1.7368303537368774, "train_loss_dice_3": 5.1879072189331055, "train_loss_ce_4": 2.3654308319091797, "train_loss_mask_4": 1.7311666011810303, "train_loss_dice_4": 5.172761917114258, "train_loss_ce_5": 2.338925361633301, "train_loss_mask_5": 1.7545385360717773, "train_loss_dice_5": 5.156558036804199, "train_loss_ce_6": 2.121687650680542, "train_loss_mask_6": 1.772241473197937, "train_loss_dice_6": 5.185732841491699, "train_loss_ce_7": 1.983229160308838, "train_loss_mask_7": 1.7371094226837158, "train_loss_dice_7": 5.187429428100586, "train_loss_ce_8": 2.0852813720703125, "train_loss_mask_8": 1.741237759590149, "train_loss_dice_8": 5.183737754821777, "train_loss_ce_9": 2.17142653465271, "train_loss_mask_9": 1.7315361499786377, "train_loss_dice_9": 5.1508378982543945, "train_loss_ce_10": 2.2078096866607666, "train_loss_mask_10": 1.700722575187683, "train_loss_dice_10": 5.15826940536499, "train_loss_ce_11": 2.136244535446167, "train_loss_mask_11": 1.7374223470687866, "train_loss_dice_11": 5.1587724685668945, "train_loss_ce_12": 2.074096202850342, "train_loss_mask_12": 1.6843003034591675, "train_loss_dice_12": 5.168540000915527, "train_loss_ce_13": 2.213467597961426, "train_loss_mask_13": 1.712470531463623, "train_loss_dice_13": 5.188647747039795, "train_loss_ce_14": 2.249903678894043, "train_loss_mask_14": 1.707935094833374, "train_loss_dice_14": 5.173735618591309, "train_mean_loss_ce": 2.470370054244995, "train_mean_loss_mask": 1.7206658124923706, "train_mean_loss_dice": 5.1860198974609375, "epoch": 2, "train_loss_mean": 166.59725952148438, "_wandb": {"runtime": 1490}}