{"val_mean_box_ap_25": 0.594142758250876, "val_mean_box_ap_50": 0.48183675666145753, "val_chair_val_box_ap_50": 0.7900905775487745, "val_otherfurniture_val_box_ap_50": 0.4567591282247143, "val_sink_val_box_ap_50": 0.5500723916613331, "val_cabinet_val_box_ap_50": 0.3494030026902667, "val_door_val_box_ap_50": 0.3725370662507517, "val_window_val_box_ap_50": 0.28625891651868646, "val_counter_val_box_ap_50": 0.2930466402422627, "val_table_val_box_ap_50": 0.5864506764643781, "val_sofa_val_box_ap_50": 0.5568020327402985, "val_bookshelf_val_box_ap_50": 0.29545784605977227, "val_desk_val_box_ap_50": 0.5272632743078756, "val_bathtub_val_box_ap_50": 0.7290881161848903, "val_picture_val_box_ap_50": 0.19578240116857187, "val_bed_val_box_ap_50": 0.673171535961263, "val_toilet_val_box_ap_50": 0.926411356182462, "val_curtain_val_box_ap_50": 0.449347151884323, "val_shower_curtain_val_box_ap_50": 0.22213915470494416, "val_refridgerator_val_box_ap_50": 0.41298035111066667, "val_chair_val_box_ap_25": 0.8680003069009328, "val_otherfurniture_val_box_ap_25": 0.5110987136692392, "val_sink_val_box_ap_25": 0.6893371666318925, "val_cabinet_val_box_ap_25": 0.45154168355828883, "val_door_val_box_ap_25": 0.4537871485998133, "val_window_val_box_ap_25": 0.46959462960755083, "val_counter_val_box_ap_25": 0.47788233072353875, "val_table_val_box_ap_25": 0.6607205340556591, "val_sofa_val_box_ap_25": 0.7455204922762431, "val_bookshelf_val_box_ap_25": 0.36163315593870765, "val_desk_val_box_ap_25": 0.7393026136477698, "val_bathtub_val_box_ap_25": 0.7290881161848903, "val_picture_val_box_ap_25": 0.20904218572844377, "val_bed_val_box_ap_25": 0.7657526157636462, "val_toilet_val_box_ap_25": 0.982461355529132, "val_curtain_val_box_ap_25": 0.5827427028369321, "val_shower_curtain_val_box_ap_25": 0.5178787878787878, "val_refridgerator_val_box_ap_25": 0.47918510898430106, "val_cabinet_val_ap": 0.34544432163238525, "val_cabinet_val_ap_50": 0.4880054295063019, "val_cabinet_val_ap_25": 0.5782454609870911, "val_bed_val_ap": 0.5698976516723633, "val_bed_val_ap_50": 0.7684431076049805, "val_bed_val_ap_25": 0.8212115168571472, "val_chair_val_ap": 0.7736230492591858, "val_chair_val_ap_50": 0.8873763680458069, "val_chair_val_ap_25": 0.9073479771614075, "val_sofa_val_ap": 0.458313524723053, "val_sofa_val_ap_50": 0.6615219116210938, "val_sofa_val_ap_25": 0.7713621258735657, "val_table_val_ap": 0.5477958917617798, "val_table_val_ap_50": 0.6872774362564087, "val_table_val_ap_25": 0.7429477572441101, "val_door_val_ap": 0.35410431027412415, "val_door_val_ap_50": 0.4852745234966278, "val_door_val_ap_25": 0.5732606649398804, "val_window_val_ap": 0.3196792006492615, "val_window_val_ap_50": 0.4934232234954834, "val_window_val_ap_25": 0.5921884179115295, "val_bookshelf_val_ap": 0.30919149518013, "val_bookshelf_val_ap_50": 0.4680834710597992, "val_bookshelf_val_ap_25": 0.5587411522865295, "val_picture_val_ap": 0.3007572591304779, "val_picture_val_ap_50": 0.36501407623291016, "val_picture_val_ap_25": 0.3702073395252228, "val_counter_val_ap": 0.2177669107913971, "val_counter_val_ap_50": 0.39739716053009033, "val_counter_val_ap_25": 0.5267829298973083, "val_desk_val_ap": 0.33750802278518677, "val_desk_val_ap_50": 0.6072348952293396, "val_desk_val_ap_25": 0.7429229617118835, "val_curtain_val_ap": 0.3672804832458496, "val_curtain_val_ap_50": 0.4712836742401123, "val_curtain_val_ap_25": 0.6215602159500122, "val_refrigerator_val_ap": 0.45225533843040466, "val_refrigerator_val_ap_50": 0.5263158082962036, "val_refrigerator_val_ap_25": 0.5263158082962036, "val_shower curtain_val_ap": 0.41385695338249207, "val_shower curtain_val_ap_50": 0.5828094482421875, "val_shower curtain_val_ap_25": 0.6560657024383545, "val_toilet_val_ap": 0.9514568448066711, "val_toilet_val_ap_50": 0.982758641242981, "val_toilet_val_ap_25": 0.982758641242981, "val_sink_val_ap": 0.4775563180446625, "val_sink_val_ap_50": 0.602351725101471, "val_sink_val_ap_25": 0.830233097076416, "val_bathtub_val_ap": 0.669468879699707, "val_bathtub_val_ap_50": 0.734396755695343, "val_bathtub_val_ap_25": 0.734396755695343, "val_otherfurniture_val_ap": 0.49864092469215393, "val_otherfurniture_val_ap_50": 0.5863034129142761, "val_otherfurniture_val_ap_25": 0.6169174909591675, "val_mean_ap": 0.4646998643875122, "val_mean_ap_50": 0.599737286567688, "val_mean_ap_25": 0.6751925349235535, "val_loss_ce": 1.1645773649215698, "val_loss_mask": 0.18006405234336853, "val_loss_dice": 0.37610936164855957, "val_loss_ce_0": 3.8059444427490234, "val_loss_mask_0": 0.6001172661781311, "val_loss_dice_0": 1.8768943548202515, "val_loss_ce_1": 1.8726752996444702, "val_loss_mask_1": 0.3072877824306488, "val_loss_dice_1": 0.7592282891273499, "val_loss_ce_2": 1.4447262287139893, "val_loss_mask_2": 0.2661604583263397, "val_loss_dice_2": 0.569905698299408, "val_loss_ce_3": 1.2821485996246338, "val_loss_mask_3": 0.23424990475177765, "val_loss_dice_3": 0.48480597138404846, "val_loss_ce_4": 1.2294126749038696, "val_loss_mask_4": 0.20600341260433197, "val_loss_dice_4": 0.4292294383049011, "val_loss_ce_5": 1.2500343322753906, "val_loss_mask_5": 0.20617160201072693, "val_loss_dice_5": 0.42674410343170166, "val_loss_ce_6": 1.169400691986084, "val_loss_mask_6": 0.20085850358009338, "val_loss_dice_6": 0.42036235332489014, "val_loss_ce_7": 1.1386231184005737, "val_loss_mask_7": 0.19026923179626465, "val_loss_dice_7": 0.40617504715919495, "val_loss_ce_8": 1.1728246212005615, "val_loss_mask_8": 0.1858162134885788, "val_loss_dice_8": 0.3875455856323242, "val_loss_ce_9": 1.1868524551391602, "val_loss_mask_9": 0.18656612932682037, "val_loss_dice_9": 0.3874783217906952, "val_loss_ce_10": 1.1373320817947388, "val_loss_mask_10": 0.18575896322727203, "val_loss_dice_10": 0.38895654678344727, "val_loss_ce_11": 1.1156840324401855, "val_loss_mask_11": 0.1841675490140915, "val_loss_dice_11": 0.3864634335041046, "val_mean_loss_ce": 1.4592489004135132, "val_mean_loss_mask": 0.2410377711057663, "val_mean_loss_dice": 0.5615306496620178, "epoch": 0, "trainer/global_step": 0, "_timestamp": 1686087132.0413682, "_runtime": 3315.9097261428833, "_step": 0, "_wandb": {"runtime": 3315}}