{"lr-AdamW": 1.3022763569800316e-05, "trainer/global_step": 201349, "_timestamp": 1691207053.458606, "_runtime": 71630.19350790977, "_step": 2186, "train_loss_ce": 0.018893837928771973, "train_loss_mask": 0.25382930040359497, "train_loss_dice": 0.7340496778488159, "train_loss_ce_0": 0.9489099383354187, "train_loss_mask_0": 0.4925057888031006, "train_loss_dice_0": 1.335647702217102, "train_loss_ce_1": 0.9489099383354187, "train_loss_mask_1": 0.4925057888031006, "train_loss_dice_1": 1.335647702217102, "train_loss_ce_2": 0.7279645204544067, "train_loss_mask_2": 0.36108142137527466, "train_loss_dice_2": 1.1601698398590088, "train_loss_ce_3": 0.3299269676208496, "train_loss_mask_3": 0.3423566222190857, "train_loss_dice_3": 1.0268945693969727, "train_loss_ce_4": 0.19811847805976868, "train_loss_mask_4": 0.28732430934906006, "train_loss_dice_4": 0.8401841521263123, "train_loss_ce_5": 0.08700795471668243, "train_loss_mask_5": 0.27643653750419617, "train_loss_dice_5": 0.7853900790214539, "train_loss_ce_6": 0.04890285059809685, "train_loss_mask_6": 0.2703983187675476, "train_loss_dice_6": 0.7593109607696533, "train_loss_ce_7": 0.062365490943193436, "train_loss_mask_7": 0.2610950171947479, "train_loss_dice_7": 0.7474653124809265, "train_loss_ce_8": 0.032669972628355026, "train_loss_mask_8": 0.26919984817504883, "train_loss_dice_8": 0.7714601755142212, "train_loss_ce_9": 0.03451443836092949, "train_loss_mask_9": 0.27194854617118835, "train_loss_dice_9": 0.7537829279899597, "train_loss_ce_10": 0.02027268148958683, "train_loss_mask_10": 0.27884799242019653, "train_loss_dice_10": 0.7496908903121948, "train_loss_ce_11": 0.024901198223233223, "train_loss_mask_11": 0.26056748628616333, "train_loss_dice_11": 0.7328745126724243, "train_loss_ce_12": 0.028955308720469475, "train_loss_mask_12": 0.2588823139667511, "train_loss_dice_12": 0.724947452545166, "train_loss_ce_13": 0.027068432420492172, "train_loss_mask_13": 0.26691311597824097, "train_loss_dice_13": 0.7553326487541199, "train_loss_ce_14": 0.022078879177570343, "train_loss_mask_14": 0.2697715759277344, "train_loss_dice_14": 0.7622402906417847, "train_mean_loss_ce": 0.2225913107395172, "train_mean_loss_mask": 0.3071039915084839, "train_mean_loss_dice": 0.873443067073822, "epoch": 502, "train_loss_mean": 28.574785232543945, "val_mean_box_ap_25": 0.6680281205196464, "val_mean_box_ap_50": 0.5055182358261809, "val_chair_val_box_ap_50": 0.8060864304817007, "val_sink_val_box_ap_50": 0.5803432286646084, "val_otherfurniture_val_box_ap_50": 0.5133090515065774, "val_counter_val_box_ap_50": 0.4405440134202525, "val_door_val_box_ap_50": 0.4404110633356121, "val_cabinet_val_box_ap_50": 0.3620882518673114, "val_table_val_box_ap_50": 0.5872113703467152, "val_window_val_box_ap_50": 0.2937675574160145, "val_picture_val_box_ap_50": 0.3049955591752744, "val_refridgerator_val_box_ap_50": 0.4002895176938657, "val_chair_val_box_ap_25": 0.8910950655830225, "val_sink_val_box_ap_25": 0.7417469473022051, "val_otherfurniture_val_box_ap_25": 0.5964301373312285, "val_counter_val_box_ap_25": 0.6197775469877029, "val_door_val_box_ap_25": 0.5662839593684212, "val_cabinet_val_box_ap_25": 0.5190717520728371, "val_table_val_box_ap_25": 0.7174873186834148, "val_window_val_box_ap_25": 0.5071644367759951, "val_picture_val_box_ap_25": 0.38574558608433307, "val_refridgerator_val_box_ap_25": 0.5971739717608437, "val_cabinet_val_ap": 0.3675401508808136, "val_cabinet_val_ap_50": 0.5561582446098328, "val_cabinet_val_ap_25": 0.7155480980873108, "val_bed_val_ap": 0.474527508020401, "val_bed_val_ap_50": 0.7455820441246033, "val_bed_val_ap_25": 0.8406495451927185, "val_chair_val_ap": 0.7860465049743652, "val_chair_val_ap_50": 0.9153817296028137, "val_chair_val_ap_25": 0.9473775625228882, "val_sofa_val_ap": 0.48259681463241577, "val_sofa_val_ap_50": 0.7201825976371765, "val_sofa_val_ap_25": 0.8710068464279175, "val_table_val_ap": 0.5908948183059692, "val_table_val_ap_50": 0.7837918996810913, "val_table_val_ap_25": 0.8544353246688843, "val_door_val_ap": 0.49699467420578003, "val_door_val_ap_50": 0.684027373790741, "val_door_val_ap_25": 0.8224573135375977, "val_window_val_ap": 0.357755184173584, "val_window_val_ap_50": 0.5752336382865906, "val_window_val_ap_25": 0.7534754872322083, "val_bookshelf_val_ap": 0.3073769509792328, "val_bookshelf_val_ap_50": 0.49276450276374817, "val_bookshelf_val_ap_25": 0.6736989617347717, "val_picture_val_ap": 0.5054795145988464, "val_picture_val_ap_50": 0.6431596279144287, "val_picture_val_ap_25": 0.7284489274024963, "val_counter_val_ap": 0.26142504811286926, "val_counter_val_ap_50": 0.5514307618141174, "val_counter_val_ap_25": 0.7054200172424316, "val_desk_val_ap": 0.3301539123058319, "val_desk_val_ap_50": 0.6570765376091003, "val_desk_val_ap_25": 0.82391357421875, "val_curtain_val_ap": 0.3569830656051636, "val_curtain_val_ap_50": 0.609484851360321, "val_curtain_val_ap_25": 0.7270349264144897, "val_refrigerator_val_ap": 0.5530924797058105, "val_refrigerator_val_ap_50": 0.7465325593948364, "val_refrigerator_val_ap_25": 0.8067249059677124, "val_shower curtain_val_ap": 0.5177723169326782, "val_shower curtain_val_ap_50": 0.6826422214508057, "val_shower curtain_val_ap_25": 0.8074845671653748, "val_toilet_val_ap": 0.8999695181846619, "val_toilet_val_ap_50": 0.9649013876914978, "val_toilet_val_ap_25": 0.9649013876914978, "val_sink_val_ap": 0.5091686248779297, "val_sink_val_ap_50": 0.6839346885681152, "val_sink_val_ap_25": 0.9048670530319214, "val_bathtub_val_ap": 0.7048230767250061, "val_bathtub_val_ap_50": 0.8673111200332642, "val_bathtub_val_ap_25": 0.8673111200332642, "val_otherfurniture_val_ap": 0.5746731162071228, "val_otherfurniture_val_ap_50": 0.7276022434234619, "val_otherfurniture_val_ap_25": 0.793066143989563, "val_mean_ap": 0.5042929649353027, "val_mean_ap_50": 0.7003998756408691, "val_mean_ap_25": 0.8115456700325012, "val_loss_ce": 0.9722469449043274, "val_loss_mask": 0.16646511852741241, "val_loss_dice": 0.35756370425224304, "val_loss_ce_0": 1.539057731628418, "val_loss_mask_0": 0.22251570224761963, "val_loss_dice_0": 0.6143199801445007, "val_loss_ce_1": 1.539057731628418, "val_loss_mask_1": 0.22251570224761963, "val_loss_dice_1": 0.6143199801445007, "val_loss_ce_2": 1.1043579578399658, "val_loss_mask_2": 0.2017487734556198, "val_loss_dice_2": 0.5561841130256653, "val_loss_ce_3": 0.9706231355667114, "val_loss_mask_3": 0.18834443390369415, "val_loss_dice_3": 0.4868694245815277, "val_loss_ce_4": 0.9075090289115906, "val_loss_mask_4": 0.17419812083244324, "val_loss_dice_4": 0.4356555938720703, "val_loss_ce_5": 0.8752152323722839, "val_loss_mask_5": 0.17131683230400085, "val_loss_dice_5": 0.4060586392879486, "val_loss_ce_6": 0.9239028096199036, "val_loss_mask_6": 0.17070196568965912, "val_loss_dice_6": 0.3852369487285614, "val_loss_ce_7": 0.9307724833488464, "val_loss_mask_7": 0.17177265882492065, "val_loss_dice_7": 0.3855019509792328, "val_loss_ce_8": 0.9233976602554321, "val_loss_mask_8": 0.17086711525917053, "val_loss_dice_8": 0.38481760025024414, "val_loss_ce_9": 0.9149792790412903, "val_loss_mask_9": 0.16906388103961945, "val_loss_dice_9": 0.3768357038497925, "val_loss_ce_10": 0.8982425332069397, "val_loss_mask_10": 0.1690135896205902, "val_loss_dice_10": 0.37217357754707336, "val_loss_ce_11": 0.9755925536155701, "val_loss_mask_11": 0.1687142550945282, "val_loss_dice_11": 0.3647764027118683, "val_loss_ce_12": 0.9694511890411377, "val_loss_mask_12": 0.17112205922603607, "val_loss_dice_12": 0.36597272753715515, "val_loss_ce_13": 0.9467995166778564, "val_loss_mask_13": 0.16879545152187347, "val_loss_dice_13": 0.3675916790962219, "val_loss_ce_14": 0.9289568066596985, "val_loss_mask_14": 0.1672799289226532, "val_loss_dice_14": 0.3656651973724365, "val_mean_loss_ce": 1.0200101137161255, "val_mean_loss_mask": 0.17965222895145416, "val_mean_loss_dice": 0.42747145891189575, "val_desk_val_box_ap_50": 0.527033746082611, "val_bookshelf_val_box_ap_50": 0.33468527162201306, "val_sofa_val_box_ap_50": 0.5696025898804339,