{"lr-AdamW": 4.172031070790052e-06, "trainer/global_step": 1949, "_timestamp": 1691375120.6268933, "_runtime": 2136.517563343048, "_step": 81, "train_loss_ce": 2.4999008178710938, "train_loss_mask": 2.9369916915893555, "train_loss_dice": 4.968912124633789, "train_loss_ce_0": 5.695800304412842, "train_loss_mask_0": 2.9457638263702393, "train_loss_dice_0": 4.9478840827941895, "train_loss_ce_1": 3.109001874923706, "train_loss_mask_1": 3.087048053741455, "train_loss_dice_1": 4.971739768981934, "train_loss_ce_2": 3.0284879207611084, "train_loss_mask_2": 3.095999240875244, "train_loss_dice_2": 4.925468921661377, "train_loss_ce_3": 2.7885560989379883, "train_loss_mask_3": 2.9786250591278076, "train_loss_dice_3": 4.852740287780762, "train_loss_ce_4": 2.891409397125244, "train_loss_mask_4": 2.9876959323883057, "train_loss_dice_4": 4.9689836502075195, "train_loss_ce_5": 2.6369822025299072, "train_loss_mask_5": 3.0011141300201416, "train_loss_dice_5": 4.996809482574463, "train_loss_ce_6": 2.564434051513672, "train_loss_mask_6": 2.9259300231933594, "train_loss_dice_6": 4.932092666625977, "train_loss_ce_7": 2.341184377670288, "train_loss_mask_7": 3.021095037460327, "train_loss_dice_7": 4.936059474945068, "train_loss_ce_8": 2.573869466781616, "train_loss_mask_8": 3.0784077644348145, "train_loss_dice_8": 5.008069038391113, "train_loss_ce_9": 2.7441203594207764, "train_loss_mask_9": 3.000549077987671, "train_loss_dice_9": 4.986556529998779, "train_loss_ce_10": 2.437716007232666, "train_loss_mask_10": 3.0432140827178955, "train_loss_dice_10": 5.029079914093018, "train_loss_ce_11": 2.665783405303955, "train_loss_mask_11": 2.9616105556488037, "train_loss_dice_11": 4.940565586090088, "train_loss_ce_12": 2.4922235012054443, "train_loss_mask_12": 2.9551572799682617, "train_loss_dice_12": 4.958587169647217, "train_loss_ce_13": 2.531538724899292, "train_loss_mask_13": 3.056776523590088, "train_loss_dice_13": 5.029539585113525, "train_loss_ce_14": 2.684004545211792, "train_loss_mask_14": 2.9411303997039795, "train_loss_dice_14": 4.960904598236084, "train_mean_loss_ce": 2.855313301086426, "train_mean_loss_mask": 3.0010693073272705, "train_mean_loss_dice": 4.963374614715576, "epoch": 4, "train_loss_mean": 166.269287109375}