{"lr-AdamW": 1.6879796211859708e-05, "trainer/global_step": 28749, "_timestamp": 1692926998.297493, "_runtime": 48153.96751189232, "_step": 1221, "train_loss_ce": 2.029423713684082, "train_loss_mask": 1.222735047340393, "train_loss_dice": 3.228196382522583, "train_loss_ce_0": 3.720841646194458, "train_loss_mask_0": 1.367027759552002, "train_loss_dice_0": 3.545820713043213, "train_loss_ce_1": 3.4623770713806152, "train_loss_mask_1": 1.3547046184539795, "train_loss_dice_1": 3.5444278717041016, "train_loss_ce_2": 2.238783836364746, "train_loss_mask_2": 1.1857738494873047, "train_loss_dice_2": 3.224104881286621, "train_loss_ce_3": 1.8055216073989868, "train_loss_mask_3": 1.1995877027511597, "train_loss_dice_3": 3.204878330230713, "train_loss_ce_4": 1.3675140142440796, "train_loss_mask_4": 1.310481071472168, "train_loss_dice_4": 3.277006149291992, "train_loss_ce_5": 1.3938616514205933, "train_loss_mask_5": 1.1894835233688354, "train_loss_dice_5": 3.1403884887695312, "train_loss_ce_6": 1.5632268190383911, "train_loss_mask_6": 1.1762975454330444, "train_loss_dice_6": 3.1316022872924805, "train_loss_ce_7": 1.695691704750061, "train_loss_mask_7": 1.1908398866653442, "train_loss_dice_7": 3.0781023502349854, "train_loss_ce_8": 1.5511128902435303, "train_loss_mask_8": 1.1906604766845703, "train_loss_dice_8": 3.22314190864563, "train_loss_ce_9": 1.4841243028640747, "train_loss_mask_9": 1.1774851083755493, "train_loss_dice_9": 3.15187406539917, "train_loss_ce_10": 1.5983295440673828, "train_loss_mask_10": 1.1677639484405518, "train_loss_dice_10": 3.1603453159332275, "train_loss_ce_11": 1.5266814231872559, "train_loss_mask_11": 1.2408193349838257, "train_loss_dice_11": 3.194192409515381, "train_mean_loss_ce": 1.9567300081253052, "train_mean_loss_mask": 1.228743076324463, "train_mean_loss_dice": 3.2387754917144775, "epoch": 71, "train_loss_mean": 72.84877014160156, "val_mean_box_ap_25": 0.049700708421992486, "val_mean_box_ap_50": 0.015379313864290669, "val_cabinet_val_box_ap_50": 0.002235279518830276, "val_table_val_box_ap_50": 0.009116182036086476, "val_chair_val_box_ap_50": 0.007875090150157013, "val_otherfurniture_val_box_ap_50": 0.005620657115712566, "val_refridgerator_val_box_ap_50": 0.0, "val_window_val_box_ap_50": 0.002319229651362453, "val_counter_val_box_ap_50": 0.015253496503496503, "val_sink_val_box_ap_50": 0.034539236335724116, "val_door_val_box_ap_50": 0.0007414859544206252, "val_cabinet_val_box_ap_25": 0.006759671197338334, "val_table_val_box_ap_25": 0.03298718787787235, "val_chair_val_box_ap_25": 0.034952524093217516, "val_otherfurniture_val_box_ap_25": 0.01234626046488187, "val_refridgerator_val_box_ap_25": 0.0, "val_window_val_box_ap_25": 0.022875296557630858, "val_counter_val_box_ap_25": 0.05602456844698939, "val_sink_val_box_ap_25": 0.10633886310540552, "val_door_val_box_ap_25": 0.004595839314683365, "val_cabinet_val_ap": 0.0006514671258628368, "val_cabinet_val_ap_50": 0.0037102859932929277, "val_cabinet_val_ap_25": 0.03014300763607025, "val_bed_val_ap": 0.00020601291907951236, "val_bed_val_ap_50": 0.0012130173854529858, "val_bed_val_ap_25": 0.06694455444812775, "val_chair_val_ap": 0.010109066031873226, "val_chair_val_ap_50": 0.030556274577975273, "val_chair_val_ap_25": 0.13187281787395477, "val_sofa_val_ap": 2.6713772967923433e-05, "val_sofa_val_ap_50": 8.18196713225916e-05, "val_sofa_val_ap_25": 0.053702570497989655, "val_table_val_ap": 0.015327838249504566, "val_table_val_ap_50": 0.04431232810020447, "val_table_val_ap_25": 0.11307858675718307, "val_door_val_ap": 0.002884689951315522, "val_door_val_ap_50": 0.006404331885278225, "val_door_val_ap_25": 0.030212601646780968, "val_window_val_ap": 0.004766212776303291, "val_window_val_ap_50": 0.01019508857280016, "val_window_val_ap_25": 0.0683150365948677, "val_bookshelf_val_ap": 2.4056706024566665e-05, "val_bookshelf_val_ap_50": 0.00011005943088093773, "val_bookshelf_val_ap_25": 0.03266993165016174, "val_picture_val_ap": 0.0, "val_picture_val_ap_50": 0.0, "val_picture_val_ap_25": 0.0, "val_counter_val_ap": 7.924981036921963e-05, "val_counter_val_ap_50": 0.0003631082072388381, "val_counter_val_ap_25": 0.0629839077591896, "val_desk_val_ap": 0.00037589427665807307, "val_desk_val_ap_50": 0.0010222223354503512, "val_desk_val_ap_25": 0.030178189277648926, "val_curtain_val_ap": 0.009943945333361626, "val_curtain_val_ap_50": 0.02430318482220173, "val_curtain_val_ap_25": 0.08728420734405518, "val_refrigerator_val_ap": 0.0, "val_refrigerator_val_ap_50": 0.0, "val_refrigerator_val_ap_25": 0.0, "val_shower curtain_val_ap": 0.027952712029218674, "val_shower curtain_val_ap_50": 0.048708997666835785, "val_shower curtain_val_ap_25": 0.11100568622350693, "val_toilet_val_ap": 0.08735594898462296, "val_toilet_val_ap_50": 0.15855537354946136, "val_toilet_val_ap_25": 0.25568610429763794, "val_sink_val_ap": 0.03541304171085358, "val_sink_val_ap_50": 0.09098093956708908, "val_sink_val_ap_25": 0.1635851263999939, "val_bathtub_val_ap": 0.014895392581820488, "val_bathtub_val_ap_50": 0.050937965512275696, "val_bathtub_val_ap_25": 0.12641653418540955, "val_otherfurniture_val_ap": 0.004738251678645611, "val_otherfurniture_val_ap_50": 0.013971449807286263, "val_otherfurniture_val_ap_25": 0.044994186609983444, "val_mean_ap": 0.011930583044886589, "val_mean_ap_50": 0.026968136429786682, "val_mean_ap_25": 0.07828183472156525, "val_loss_ce": 1.938652515411377, "val_loss_mask": 0.4246669113636017, "val_loss_dice": 1.4193952083587646, "val_loss_ce_0": 2.0669162273406982, "val_loss_mask_0": 0.4177743196487427, "val_loss_dice_0": 1.3841441869735718, "val_loss_ce_1": 2.0669162273406982, "val_loss_mask_1": 0.4177743196487427, "val_loss_dice_1": 1.3841441869735718, "val_loss_ce_2": 1.9598487615585327, "val_loss_mask_2": 0.4225737452507019, "val_loss_dice_2": 1.3984382152557373, "val_loss_ce_3": 1.9766918420791626, "val_loss_mask_3": 0.43105366826057434, "val_loss_dice_3": 1.3970582485198975, "val_loss_ce_4": 1.9755855798721313, "val_loss_mask_4": 0.42988768219947815, "val_loss_dice_4": 1.3904063701629639, "val_loss_ce_5": 2.028366804122925, "val_loss_mask_5": 0.42813393473625183, "val_loss_dice_5": 1.3846553564071655, "val_loss_ce_6": 1.9806506633758545, "val_loss_mask_6": 0.41286033391952515, "val_loss_dice_6": 1.3713443279266357, "val_loss_ce_7": 1.9909945726394653, "val_loss_mask_7": 0.417722225189209, "val_loss_dice_7": 1.399110198020935, "val_loss_ce_8": 1.9327949285507202, "val_loss_mask_8": 0.4288666546344757, "val_loss_dice_8": 1.4077415466308594, "val_loss_ce_9": 1.9924157857894897, "val_loss_mask_9": 0.4197303354740143, "val_loss_dice_9": 1.3951691389083862, "val_loss_ce_10": 1.9123239517211914, "val_loss_mask_10": 0.40780699253082275, "val_loss_dice_10": 1.3824337720870972, "val_loss_ce_11": 1.9053947925567627, "val_loss_mask_11": 0.41894036531448364, "val_loss_dice_11": 1.4191769361495972, "val_mean_loss_ce": 1.9790425300598145, "val_mean_loss_mask": 0.4213685691356659, "val_mean_loss_dice": 1.3948628902435303, "val_sofa_val_box_ap_50": 0.00227665560969061, "val_bookshelf_val_box_ap_50": 0.025443844333506105, "val_curtain_val_box_ap_50": 0.004284500608698134, "val_desk_val_box_ap_50": 0.002736106086696684, "val_bed_val_box_ap_50": 0.0027155053988988935, "val_picture_val_box_ap_50": 0.0, "val_bathtub_val_box_ap_50": 0.024193548387096774, "val_toilet_val_box_ap_50": 0.09550273453561461, "val_shower_curtain_val_box_ap_50": 0.04197409733124019, "val_sofa_val_box_ap_25": 0.05188106950925103, "val_bookshelf_val_box_ap_25": 0.048592427815969196, "val_curtain_val_box_ap_25": 0.06346189256452382, "val_desk_val_box_ap_25": 0.028453714188880697, "val_bed_val_box_ap_25": 0.09026058903863567, "val_picture_val_box_ap_25": 0.0, "val_bathtub_val_box_ap_25": 0.13259679388711645, "val_toilet_val_box_ap_25": 0.13202024631420636, "val_shower_curtain_val_box_ap_25": 0.07046580721926224}