{"val_mean_box_ap_25": 0.5190466715363974, "val_mean_box_ap_50": 0.4248381212932484, "val_chair_val_box_ap_50": 0.7916274812307098, "val_otherfurniture_val_box_ap_50": 0.37946664456564383, "val_sink_val_box_ap_50": 0.5808559998865286, "val_window_val_box_ap_50": 0.26926503655587425, "val_door_val_box_ap_50": 0.39631468138824627, "val_cabinet_val_box_ap_50": 0.22308495899933384, "val_table_val_box_ap_50": 0.44641277389680056, "val_refridgerator_val_box_ap_50": 0.13931527708617494, "val_desk_val_box_ap_50": 0.3516486130146477, "val_picture_val_box_ap_50": 0.22909661658952013, "val_sofa_val_box_ap_50": 0.5628135668549272, "val_bookshelf_val_box_ap_50": 0.16771006249389706, "val_bathtub_val_box_ap_50": 0.7658303464755077, "val_shower_curtain_val_box_ap_50": 0.23798076923076922, "val_curtain_val_box_ap_50": 0.4390355475873504, "val_bed_val_box_ap_50": 0.6622705301574255, "val_toilet_val_box_ap_50": 0.8573173074310271, "val_counter_val_box_ap_50": 0.14703996983408749, "val_chair_val_box_ap_25": 0.8629899448337086, "val_otherfurniture_val_box_ap_25": 0.4155767155653711, "val_sink_val_box_ap_25": 0.7244235305210334, "val_window_val_box_ap_25": 0.4238179272549849, "val_door_val_box_ap_25": 0.5015603189666475, "val_cabinet_val_box_ap_25": 0.30789553481455545, "val_table_val_box_ap_25": 0.4856291030372549, "val_refridgerator_val_box_ap_25": 0.23701079622132254, "val_desk_val_box_ap_25": 0.49816480534050683, "val_picture_val_box_ap_25": 0.25638016709268824, "val_sofa_val_box_ap_25": 0.73629786201726, "val_bookshelf_val_box_ap_25": 0.21283321941216676, "val_bathtub_val_box_ap_25": 0.8709677419354839, "val_shower_curtain_val_box_ap_25": 0.31220911441499677, "val_curtain_val_box_ap_25": 0.5784092270595922, "val_bed_val_box_ap_25": 0.7235051760625715, "val_toilet_val_box_ap_25": 0.9467364532019704, "val_counter_val_box_ap_25": 0.24843244990303814, "val_cabinet_val_ap": 0.20822618901729584, "val_cabinet_val_ap_50": 0.3329525589942932, "val_cabinet_val_ap_25": 0.4354950487613678, "val_bed_val_ap": 0.486776739358902, "val_bed_val_ap_50": 0.7165582776069641, "val_bed_val_ap_25": 0.7165582776069641, "val_chair_val_ap": 0.7591454982757568, "val_chair_val_ap_50": 0.87173992395401, "val_chair_val_ap_25": 0.8905509114265442, "val_sofa_val_ap": 0.4291737973690033, "val_sofa_val_ap_50": 0.5969368815422058, "val_sofa_val_ap_25": 0.758709728717804, "val_table_val_ap": 0.4144860506057739, "val_table_val_ap_50": 0.5218032002449036, "val_table_val_ap_25": 0.5519577264785767, "val_door_val_ap": 0.42048537731170654, "val_door_val_ap_50": 0.5601620674133301, "val_door_val_ap_25": 0.6365107297897339, "val_window_val_ap": 0.2841532230377197, "val_window_val_ap_50": 0.47111931443214417, "val_window_val_ap_25": 0.5781205892562866, "val_bookshelf_val_ap": 0.16412417590618134, "val_bookshelf_val_ap_50": 0.26071855425834656, "val_bookshelf_val_ap_25": 0.3049793243408203, "val_picture_val_ap": 0.37960726022720337, "val_picture_val_ap_50": 0.41748470067977905, "val_picture_val_ap_25": 0.45414793491363525, "val_counter_val_ap": 0.08876524865627289, "val_counter_val_ap_50": 0.17174915969371796, "val_counter_val_ap_25": 0.2527911365032196, "val_desk_val_ap": 0.22817100584506989, "val_desk_val_ap_50": 0.4069492220878601, "val_desk_val_ap_25": 0.5056958794593811, "val_curtain_val_ap": 0.34644797444343567, "val_curtain_val_ap_50": 0.504912793636322, "val_curtain_val_ap_25": 0.6542251706123352, "val_refrigerator_val_ap": 0.18629190325737, "val_refrigerator_val_ap_50": 0.27963751554489136, "val_refrigerator_val_ap_25": 0.2982456088066101, "val_shower curtain_val_ap": 0.3850860297679901, "val_shower curtain_val_ap_50": 0.6375353932380676, "val_shower curtain_val_ap_25": 0.640599250793457, "val_toilet_val_ap": 0.9019381999969482, "val_toilet_val_ap_50": 0.9482758641242981, "val_toilet_val_ap_25": 0.9655172228813171, "val_sink_val_ap": 0.5087039470672607, "val_sink_val_ap_50": 0.6814174652099609, "val_sink_val_ap_25": 0.8854166865348816, "val_bathtub_val_ap": 0.7151280641555786, "val_bathtub_val_ap_50": 0.8709677457809448, "val_bathtub_val_ap_25": 0.8709677457809448, "val_otherfurniture_val_ap": 0.41552838683128357, "val_otherfurniture_val_ap_50": 0.4886375367641449, "val_otherfurniture_val_ap_25": 0.5093801021575928, "val_mean_ap": 0.4067910611629486, "val_mean_ap_50": 0.5410865545272827, "val_mean_ap_25": 0.6061038374900818, "val_loss_ce": 1.123097538948059, "val_loss_mask": 0.1547563672065735, "val_loss_dice": 0.3338869512081146, "val_loss_ce_0": 1.2863922119140625, "val_loss_mask_0": 0.18389444053173065, "val_loss_dice_0": 0.5784767866134644, "val_loss_ce_1": 1.2863922119140625, "val_loss_mask_1": 0.18389444053173065, "val_loss_dice_1": 0.5784767866134644, "val_loss_ce_2": 2.6689646244049072, "val_loss_mask_2": 0.17503507435321808, "val_loss_dice_2": 0.5303760766983032, "val_loss_ce_3": 1.5867905616760254, "val_loss_mask_3": 0.16830243170261383, "val_loss_dice_3": 0.4701262414455414, "val_loss_ce_4": 1.3915265798568726, "val_loss_mask_4": 0.16306322813034058, "val_loss_dice_4": 0.4123061001300812, "val_loss_ce_5": 1.1341303586959839, "val_loss_mask_5": 0.1568434238433838, "val_loss_dice_5": 0.3801079988479614, "val_loss_ce_6": 1.1987292766571045, "val_loss_mask_6": 0.1500316560268402, "val_loss_dice_6": 0.3609468638896942, "val_loss_ce_7": 1.1920766830444336, "val_loss_mask_7": 0.1542050838470459, "val_loss_dice_7": 0.36071300506591797, "val_loss_ce_8": 1.101735234260559, "val_loss_mask_8": 0.15945589542388916, "val_loss_dice_8": 0.3620659410953522, "val_loss_ce_9": 1.061112880706787, "val_loss_mask_9": 0.15885673463344574, "val_loss_dice_9": 0.3518115282058716, "val_loss_ce_10": 1.0353866815567017, "val_loss_mask_10": 0.16216017305850983, "val_loss_dice_10": 0.3505801856517792, "val_loss_ce_11": 1.0873206853866577, "val_loss_mask_11": 0.15264131128787994, "val_loss_dice_11": 0.3411112427711487, "val_loss_ce_12": 1.1056307554244995, "val_loss_mask_12": 0.15859442949295044, "val_loss_dice_12": 0.3439546823501587, "val_loss_ce_13": 1.0648053884506226, "val_loss_mask_13": 0.15947225689888, "val_loss_dice_13": 0.34644851088523865, "val_loss_ce_14": 1.074324369430542, "val_loss_mask_14": 0.16037073731422424, "val_loss_dice_14": 0.3392502963542938, "val_mean_loss_ce": 1.274901032447815, "val_mean_loss_mask": 0.1625986099243164, "val_mean_loss_dice": 0.4025399386882782, "epoch": 0, "trainer/global_step": 0, "_timestamp": 1691957134.0668645, "_runtime": 5495.384462594986, "_step": 0, "_wandb": {"runtime": 5494}}