{"val_mean_box_ap_25": 0.5711860670118231, "val_mean_box_ap_50": 0.4698540865326845, "val_chair_val_box_ap_50": 0.7749823123643453, "val_sink_val_box_ap_50": 0.32938977468998343, "val_otherfurniture_val_box_ap_50": 0.4461096064363368, "val_door_val_box_ap_50": 0.45570390651563175, "val_cabinet_val_box_ap_50": 0.31390620652790574, "val_table_val_box_ap_50": 0.5511205998685789, "val_counter_val_box_ap_50": 0.42771831200623767, "val_window_val_box_ap_50": 0.30259587331572146, "val_sofa_val_box_ap_50": 0.5084053710501372, "val_desk_val_box_ap_50": 0.4707676928842007, "val_bookshelf_val_box_ap_50": 0.3208785793721437, "val_bathtub_val_box_ap_50": 0.7405913978494624, "val_picture_val_box_ap_50": 0.2513866524812587, "val_bed_val_box_ap_50": 0.6992528113633153, "val_curtain_val_box_ap_50": 0.335144209024806, "val_toilet_val_box_ap_50": 0.911236093183355, "val_shower_curtain_val_box_ap_50": 0.2416072649155356, "val_refridgerator_val_box_ap_50": 0.3765768937393651, "val_chair_val_box_ap_25": 0.8298524756583666, "val_sink_val_box_ap_25": 0.5386337198031838, "val_otherfurniture_val_box_ap_25": 0.49114875561424076, "val_door_val_box_ap_25": 0.5448026851901446, "val_cabinet_val_box_ap_25": 0.4215907609723306, "val_table_val_box_ap_25": 0.6221599228438632, "val_counter_val_box_ap_25": 0.5397537676949442, "val_window_val_box_ap_25": 0.4210455963314531, "val_sofa_val_box_ap_25": 0.7158851131037435, "val_desk_val_box_ap_25": 0.6969281085180545, "val_bookshelf_val_box_ap_25": 0.3363560951734319, "val_bathtub_val_box_ap_25": 0.7405913978494624, "val_picture_val_box_ap_25": 0.2879546765045111, "val_bed_val_box_ap_25": 0.7984431735657226, "val_curtain_val_box_ap_25": 0.47489823609226595, "val_toilet_val_box_ap_25": 0.911236093183355, "val_shower_curtain_val_box_ap_25": 0.47282166455098784, "val_refridgerator_val_box_ap_25": 0.437246963562753, "val_cabinet_val_ap": 0.30002644658088684, "val_cabinet_val_ap_50": 0.4191969633102417, "val_cabinet_val_ap_25": 0.49742257595062256, "val_bed_val_ap": 0.5187711119651794, "val_bed_val_ap_50": 0.7483124136924744, "val_bed_val_ap_25": 0.7999916076660156, "val_chair_val_ap": 0.7369895577430725, "val_chair_val_ap_50": 0.8414403796195984, "val_chair_val_ap_25": 0.8596915602684021, "val_sofa_val_ap": 0.3885488510131836, "val_sofa_val_ap_50": 0.5710852742195129, "val_sofa_val_ap_25": 0.7335418462753296, "val_table_val_ap": 0.5124170780181885, "val_table_val_ap_50": 0.6401097774505615, "val_table_val_ap_25": 0.6861922740936279, "val_door_val_ap": 0.4545765221118927, "val_door_val_ap_50": 0.5679992437362671, "val_door_val_ap_25": 0.6366944313049316, "val_window_val_ap": 0.2808004915714264, "val_window_val_ap_50": 0.41758447885513306, "val_window_val_ap_25": 0.5163655877113342, "val_bookshelf_val_ap": 0.19686612486839294, "val_bookshelf_val_ap_50": 0.3261052370071411, "val_bookshelf_val_ap_25": 0.39762651920318604, "val_picture_val_ap": 0.3352954685688019, "val_picture_val_ap_50": 0.41685181856155396, "val_picture_val_ap_25": 0.43672463297843933, "val_counter_val_ap": 0.29926082491874695, "val_counter_val_ap_50": 0.45371800661087036, "val_counter_val_ap_25": 0.5486887097358704, "val_desk_val_ap": 0.29928261041641235, "val_desk_val_ap_50": 0.5585960149765015, "val_desk_val_ap_25": 0.7015681862831116, "val_curtain_val_ap": 0.2720288336277008, "val_curtain_val_ap_50": 0.3855050802230835, "val_curtain_val_ap_25": 0.4906688928604126, "val_refrigerator_val_ap": 0.37531259655952454, "val_refrigerator_val_ap_50": 0.4385964870452881, "val_refrigerator_val_ap_25": 0.4385964870452881, "val_shower curtain_val_ap": 0.3339098393917084, "val_shower curtain_val_ap_50": 0.47749483585357666, "val_shower curtain_val_ap_25": 0.5303574800491333, "val_toilet_val_ap": 0.8913736343383789, "val_toilet_val_ap_50": 0.9128075242042542, "val_toilet_val_ap_25": 0.9128075242042542, "val_sink_val_ap": 0.3528522253036499, "val_sink_val_ap_50": 0.5283511281013489, "val_sink_val_ap_25": 0.6638697981834412, "val_bathtub_val_ap": 0.6682880520820618, "val_bathtub_val_ap_50": 0.7419354915618896, "val_bathtub_val_ap_25": 0.7419354915618896, "val_otherfurniture_val_ap": 0.4463970959186554, "val_otherfurniture_val_ap_50": 0.526517391204834, "val_otherfurniture_val_ap_25": 0.554054319858551, "val_mean_ap": 0.4257220923900604, "val_mean_ap_50": 0.5540115237236023, "val_mean_ap_25": 0.6192665696144104, "val_loss_ce": 1.9958486557006836, "val_loss_mask": 0.22427281737327576, "val_loss_dice": 0.39536547660827637, "val_loss_ce_0": 4.312595367431641, "val_loss_mask_0": 0.5958837270736694, "val_loss_dice_0": 1.8747307062149048, "val_loss_ce_1": 2.6442205905914307, "val_loss_mask_1": 0.41188257932662964, "val_loss_dice_1": 0.8395004272460938, "val_loss_ce_2": 2.5246474742889404, "val_loss_mask_2": 0.35812801122665405, "val_loss_dice_2": 0.616818904876709, "val_loss_ce_3": 2.2425074577331543, "val_loss_mask_3": 0.2871204912662506, "val_loss_dice_3": 0.5026267766952515, "val_loss_ce_4": 2.079061508178711, "val_loss_mask_4": 0.2469746619462967, "val_loss_dice_4": 0.44343873858451843, "val_loss_ce_5": 2.155811071395874, "val_loss_mask_5": 0.24838589131832123, "val_loss_dice_5": 0.44365498423576355, "val_loss_ce_6": 2.1160879135131836, "val_loss_mask_6": 0.24971292912960052, "val_loss_dice_6": 0.4345419108867645, "val_loss_ce_7": 2.054171085357666, "val_loss_mask_7": 0.23447614908218384, "val_loss_dice_7": 0.4186548888683319, "val_loss_ce_8": 2.050234317779541, "val_loss_mask_8": 0.22512032091617584, "val_loss_dice_8": 0.4067004323005676, "val_loss_ce_9": 2.113795280456543, "val_loss_mask_9": 0.2277362048625946, "val_loss_dice_9": 0.40804439783096313, "val_loss_ce_10": 2.0695645809173584, "val_loss_mask_10": 0.23630556464195251, "val_loss_dice_10": 0.4093502461910248, "val_loss_ce_11": 2.0253565311431885, "val_loss_mask_11": 0.23075281083583832, "val_loss_dice_11": 0.40346065163612366, "val_mean_loss_ce": 2.3372232913970947, "val_mean_loss_mask": 0.2905193865299225, "val_mean_loss_dice": 0.5843760371208191, "epoch": 0, "trainer/global_step": 0, "_timestamp": 1686802301.3850377, "_runtime": 2212.2016916275024, "_step": 0, "_wandb": {"runtime": 2211}}