{"lr-AdamW": 4.036619040241024e-06, "trainer/global_step": 899, "_timestamp": 1691381151.6243901, "_runtime": 150.19778203964233, "_step": 3, "train_loss_ce": 2.5490500926971436, "train_loss_mask": 2.562499523162842, "train_loss_dice": 5.196117401123047, "train_loss_ce_0": 4.0329670906066895, "train_loss_mask_0": 2.484593391418457, "train_loss_dice_0": 5.2105255126953125, "train_loss_ce_1": 4.61195182800293, "train_loss_mask_1": 2.4939396381378174, "train_loss_dice_1": 5.207086563110352, "train_loss_ce_2": 2.8935585021972656, "train_loss_mask_2": 2.5045158863067627, "train_loss_dice_2": 5.191995620727539, "train_loss_ce_3": 2.6545374393463135, "train_loss_mask_3": 2.4972667694091797, "train_loss_dice_3": 5.154406547546387, "train_loss_ce_4": 2.6499128341674805, "train_loss_mask_4": 2.4965314865112305, "train_loss_dice_4": 5.139831066131592, "train_loss_ce_5": 2.5891692638397217, "train_loss_mask_5": 2.525320053100586, "train_loss_dice_5": 5.147911071777344, "train_loss_ce_6": 2.4311723709106445, "train_loss_mask_6": 2.527681589126587, "train_loss_dice_6": 5.124944686889648, "train_loss_ce_7": 2.3728842735290527, "train_loss_mask_7": 2.5503835678100586, "train_loss_dice_7": 5.16666841506958, "train_loss_ce_8": 2.417191982269287, "train_loss_mask_8": 2.5699734687805176, "train_loss_dice_8": 5.164067268371582, "train_loss_ce_9": 2.44948148727417, "train_loss_mask_9": 2.580815553665161, "train_loss_dice_9": 5.137224197387695, "train_loss_ce_10": 2.5660579204559326, "train_loss_mask_10": 2.5795137882232666, "train_loss_dice_10": 5.148534297943115, "train_loss_ce_11": 2.4651217460632324, "train_loss_mask_11": 2.5689220428466797, "train_loss_dice_11": 5.156468391418457, "train_loss_ce_12": 2.4772346019744873, "train_loss_mask_12": 2.594430923461914, "train_loss_dice_12": 5.186853408813477, "train_loss_ce_13": 2.517733335494995, "train_loss_mask_13": 2.544605255126953, "train_loss_dice_13": 5.177619934082031, "train_loss_ce_14": 2.512535810470581, "train_loss_mask_14": 2.576955556869507, "train_loss_dice_14": 5.181918144226074, "train_mean_loss_ce": 2.7619099617004395, "train_mean_loss_mask": 2.5411217212677, "train_mean_loss_dice": 5.16826057434082, "epoch": 2, "_wandb": {"runtime": 185}}