{"lr-AdamW": 9.994141777116593e-05, "trainer/global_step": 74899, "_timestamp": 1691968394.199108, "_runtime": 1848.3447217941284, "_step": 47, "train_loss_ce": 0.2660762369632721, "train_loss_mask": 0.3519364893436432, "train_loss_dice": 0.8251444101333618, "train_loss_ce_0": 1.4223798513412476, "train_loss_mask_0": 0.5488214492797852, "train_loss_dice_0": 1.6937175989151, "train_loss_ce_1": 1.1109241247177124, "train_loss_mask_1": 0.5430783033370972, "train_loss_dice_1": 1.6786870956420898, "train_loss_ce_2": 0.6618787050247192, "train_loss_mask_2": 0.4475141763687134, "train_loss_dice_2": 1.3948707580566406, "train_loss_ce_3": 0.33074429631233215, "train_loss_mask_3": 0.46935588121414185, "train_loss_dice_3": 1.2351094484329224, "train_loss_ce_4": 0.22956329584121704, "train_loss_mask_4": 0.4211404621601105, "train_loss_dice_4": 1.0624512434005737, "train_loss_ce_5": 0.15874691307544708, "train_loss_mask_5": 0.4331813454627991, "train_loss_dice_5": 1.006130576133728, "train_loss_ce_6": 0.16262024641036987, "train_loss_mask_6": 0.4662018418312073, "train_loss_dice_6": 0.9686098694801331, "train_loss_ce_7": 0.17771776020526886, "train_loss_mask_7": 0.48654890060424805, "train_loss_dice_7": 1.0158897638320923, "train_loss_ce_8": 0.21553489565849304, "train_loss_mask_8": 0.4348289966583252, "train_loss_dice_8": 1.009108304977417, "train_loss_ce_9": 0.1845695972442627, "train_loss_mask_9": 0.417177677154541, "train_loss_dice_9": 1.0100337266921997, "train_loss_ce_10": 0.20101088285446167, "train_loss_mask_10": 0.3828592598438263, "train_loss_dice_10": 0.9554139375686646, "train_loss_ce_11": 0.21408912539482117, "train_loss_mask_11": 0.4021400213241577, "train_loss_dice_11": 0.9506577253341675, "train_loss_ce_12": 0.1987934559583664, "train_loss_mask_12": 0.42527881264686584, "train_loss_dice_12": 0.9610375165939331, "train_loss_ce_13": 0.22142678499221802, "train_loss_mask_13": 0.40578070282936096, "train_loss_dice_13": 1.0103390216827393, "train_loss_ce_14": 0.24535010755062103, "train_loss_mask_14": 0.3940252959728241, "train_loss_dice_14": 0.9640704989433289, "train_mean_loss_ce": 0.3750891387462616, "train_mean_loss_mask": 0.4393668472766876, "train_mean_loss_dice": 1.1088294982910156, "epoch": 186, "train_loss_mean": 37.70651626586914, "_wandb": {"runtime": 1869}}