{"lr-AdamW": 9.997918054426156e-05, "trainer/global_step": 73849, "_timestamp": 1691966391.802498, "_runtime": 130.67159414291382, "_step": 3, "train_loss_ce": 0.09297111630439758, "train_loss_mask": 0.5637692809104919, "train_loss_dice": 0.9981558322906494, "train_loss_ce_0": 1.3297362327575684, "train_loss_mask_0": 0.780692994594574, "train_loss_dice_0": 1.4397615194320679, "train_loss_ce_1": 1.0204224586486816, "train_loss_mask_1": 0.7806481122970581, "train_loss_dice_1": 1.419731855392456, "train_loss_ce_2": 0.3824908137321472, "train_loss_mask_2": 0.6593894958496094, "train_loss_dice_2": 1.339699387550354, "train_loss_ce_3": 0.28072279691696167, "train_loss_mask_3": 0.6088030338287354, "train_loss_dice_3": 1.1445780992507935, "train_loss_ce_4": 0.13768699765205383, "train_loss_mask_4": 0.6251903772354126, "train_loss_dice_4": 1.0740442276000977, "train_loss_ce_5": 0.13387948274612427, "train_loss_mask_5": 0.6067789793014526, "train_loss_dice_5": 1.0781067609786987, "train_loss_ce_6": 0.11078689992427826, "train_loss_mask_6": 0.5976841449737549, "train_loss_dice_6": 1.0027196407318115, "train_loss_ce_7": 0.0988197848200798, "train_loss_mask_7": 0.5860238075256348, "train_loss_dice_7": 1.0166096687316895, "train_loss_ce_8": 0.09865336120128632, "train_loss_mask_8": 0.5255061984062195, "train_loss_dice_8": 0.9939747452735901, "train_loss_ce_9": 0.09930180758237839, "train_loss_mask_9": 0.6095181107521057, "train_loss_dice_9": 0.9857633113861084, "train_loss_ce_10": 0.09295254945755005, "train_loss_mask_10": 0.6440412998199463, "train_loss_dice_10": 1.0368385314941406, "train_loss_ce_11": 0.0829329863190651, "train_loss_mask_11": 0.5858114957809448, "train_loss_dice_11": 1.0054550170898438, "train_loss_ce_12": 0.16997136175632477, "train_loss_mask_12": 0.5609034895896912, "train_loss_dice_12": 0.9687076210975647, "train_loss_ce_13": 0.1490694135427475, "train_loss_mask_13": 0.5152220129966736, "train_loss_dice_13": 0.9294086694717407, "train_loss_ce_14": 0.09159078449010849, "train_loss_mask_14": 0.6056535243988037, "train_loss_dice_14": 0.9706661701202393, "train_mean_loss_ce": 0.2732492983341217, "train_mean_loss_mask": 0.6159772872924805, "train_mean_loss_dice": 1.087763786315918, "epoch": 184}