{"lr-AdamW": 5.534600385614263e-06, "trainer/global_step": 97099, "_timestamp": 1692118333.9969401, "_runtime": 25490.405586242676, "_step": 771, "train_loss_ce": 0.4253295660018921, "train_loss_mask": 0.6819242238998413, "train_loss_dice": 2.5918922424316406, "train_loss_ce_0": 1.9661006927490234, "train_loss_mask_0": 0.9923812747001648, "train_loss_dice_0": 3.344459056854248, "train_loss_ce_1": 1.9750081300735474, "train_loss_mask_1": 0.9871553182601929, "train_loss_dice_1": 3.2330124378204346, "train_loss_ce_2": 0.49343642592430115, "train_loss_mask_2": 0.8864456415176392, "train_loss_dice_2": 3.2407236099243164, "train_loss_ce_3": 0.44924846291542053, "train_loss_mask_3": 0.8390402793884277, "train_loss_dice_3": 3.0740768909454346, "train_loss_ce_4": 0.5013888478279114, "train_loss_mask_4": 0.7297728061676025, "train_loss_dice_4": 2.8843164443969727, "train_loss_ce_5": 0.4942759871482849, "train_loss_mask_5": 0.73692786693573, "train_loss_dice_5": 2.827531337738037, "train_loss_ce_6": 0.47899162769317627, "train_loss_mask_6": 0.7040704488754272, "train_loss_dice_6": 2.753861665725708, "train_loss_ce_7": 0.5442061424255371, "train_loss_mask_7": 0.705808162689209, "train_loss_dice_7": 2.7709696292877197, "train_loss_ce_8": 0.4710176885128021, "train_loss_mask_8": 0.6675973534584045, "train_loss_dice_8": 2.7347443103790283, "train_loss_ce_9": 0.442874550819397, "train_loss_mask_9": 0.6476624011993408, "train_loss_dice_9": 2.693645715713501, "train_loss_ce_10": 0.44065654277801514, "train_loss_mask_10": 0.6765725612640381, "train_loss_dice_10": 2.701287269592285, "train_loss_ce_11": 0.4161083996295929, "train_loss_mask_11": 0.6666470766067505, "train_loss_dice_11": 2.6633434295654297, "train_loss_ce_12": 0.4625438451766968, "train_loss_mask_12": 0.6503744125366211, "train_loss_dice_12": 2.6891989707946777, "train_loss_ce_13": 0.4455564320087433, "train_loss_mask_13": 0.655563235282898, "train_loss_dice_13": 2.666306734085083, "train_loss_ce_14": 0.40576303005218506, "train_loss_mask_14": 0.6863425970077515, "train_loss_dice_14": 2.6324596405029297, "train_mean_loss_ce": 0.6507816314697266, "train_mean_loss_mask": 0.7446428537368774, "train_mean_loss_dice": 2.8438644409179688, "epoch": 242, "train_loss_mean": 72.95169830322266, "val_mean_box_ap_25": 0.08993767255144941, "val_mean_box_ap_50": 0.045451310621969616, "val_chair_val_box_ap_50": 0.09722416909687326, "val_otherfurniture_val_box_ap_50": 0.027332837104228788, "val_door_val_box_ap_50": 0.028383751606071653, "val_sink_val_box_ap_50": 0.06721451104216658, "val_table_val_box_ap_50": 0.04376330127034637, "val_counter_val_box_ap_50": 0.012241940966620056, "val_cabinet_val_box_ap_50": 0.007784052586534029, "val_desk_val_box_ap_50": 0.0007486905377392654, "val_bookshelf_val_box_ap_50": 0.010307386533801628, "val_refridgerator_val_box_ap_50": 0.0016063324101986954, "val_sofa_val_box_ap_50": 0.06382411660441828, "val_window_val_box_ap_50": 0.0030091617391219895, "val_curtain_val_box_ap_50": 0.004036620122491773, "val_shower_curtain_val_box_ap_50": 0.10532793991522232, "val_toilet_val_box_ap_50": 0.23645423071585503, "val_chair_val_box_ap_25": 0.16068156478016873, "val_otherfurniture_val_box_ap_25": 0.0509781924351357, "val_door_val_box_ap_25": 0.05640237659890978, "val_sink_val_box_ap_25": 0.17673064051666015, "val_table_val_box_ap_25": 0.07732288454106707, "val_counter_val_box_ap_25": 0.06262023013742928, "val_cabinet_val_box_ap_25": 0.03629735466829115, "val_desk_val_box_ap_25": 0.014055309480078385, "val_bookshelf_val_box_ap_25": 0.0466003936355142, "val_refridgerator_val_box_ap_25": 0.003415851368345572, "val_sofa_val_box_ap_25": 0.18558508558346723, "val_window_val_box_ap_25": 0.033660803182562274, "val_curtain_val_box_ap_25": 0.02515605055846371, "val_shower_curtain_val_box_ap_25": 0.15998448963200193, "val_toilet_val_box_ap_25": 0.32622139634262287, "val_cabinet_val_ap": 0.005560323596000671, "val_cabinet_val_ap_50": 0.022446442395448685, "val_cabinet_val_ap_25": 0.12866833806037903, "val_bed_val_ap": 0.00618119677528739, "val_bed_val_ap_50": 0.02295319363474846, "val_bed_val_ap_25": 0.0807032659649849, "val_chair_val_ap": 0.13814564049243927, "val_chair_val_ap_50": 0.2500075697898865, "val_chair_val_ap_25": 0.41546112298965454, "val_sofa_val_ap": 0.02566930279135704, "val_sofa_val_ap_50": 0.0945938304066658, "val_sofa_val_ap_25": 0.2565456032752991, "val_table_val_ap": 0.05311097577214241, "val_table_val_ap_50": 0.10041219741106033, "val_table_val_ap_25": 0.22576290369033813, "val_door_val_ap": 0.03883333504199982, "val_door_val_ap_50": 0.06729190796613693, "val_door_val_ap_25": 0.13278593122959137, "val_window_val_ap": 0.001890024053864181, "val_window_val_ap_50": 0.007817492820322514, "val_window_val_ap_25": 0.06895875930786133, "val_bookshelf_val_ap": 0.005387507379055023, "val_bookshelf_val_ap_50": 0.03974488005042076, "val_bookshelf_val_ap_25": 0.14090940356254578, "val_picture_val_ap": 0.000558486906811595, "val_picture_val_ap_50": 0.0006186824175529182, "val_picture_val_ap_25": 0.007773878984153271, "val_counter_val_ap": 0.0017280846368521452, "val_counter_val_ap_50": 0.011426923796534538, "val_counter_val_ap_25": 0.0797465518116951, "val_desk_val_ap": 0.0003772154450416565, "val_desk_val_ap_50": 0.002011603210121393, "val_desk_val_ap_25": 0.044216338545084, "val_curtain_val_ap": 0.0037195892073214054, "val_curtain_val_ap_50": 0.007170193828642368, "val_curtain_val_ap_25": 0.06672236323356628, "val_refrigerator_val_ap": 0.004651285707950592, "val_refrigerator_val_ap_50": 0.016540775075554848, "val_refrigerator_val_ap_25": 0.10058404505252838, "val_shower curtain_val_ap": 0.11036905646324158, "val_shower curtain_val_ap_50": 0.21642827987670898, "val_shower curtain_val_ap_25": 0.2946183979511261, "val_toilet_val_ap": 0.23112443089485168, "val_toilet_val_ap_50": 0.3491004705429077, "val_toilet_val_ap_25": 0.41532009840011597, "val_sink_val_ap": 0.05811266228556633, "val_sink_val_ap_50": 0.11525628715753555, "val_sink_val_ap_25": 0.2666965425014496, "val_bathtub_val_ap": 0.14198093116283417, "val_bathtub_val_ap_50": 0.27882471680641174, "val_bathtub_val_ap_25": 0.37792477011680603, "val_otherfurniture_val_ap": 0.0331866480410099, "val_otherfurniture_val_ap_50": 0.0677538514137268, "val_otherfurniture_val_ap_25": 0.15416987240314484, "val_mean_ap": 0.04781037196516991, "val_mean_ap_50": 0.09279996156692505, "val_mean_ap_25": 0.180976003408432, "val_loss_ce": 2.351796865463257, "val_loss_mask": 0.3683136999607086, "val_loss_dice": 1.1209574937820435, "val_loss_ce_0": 2.206866979598999, "val_loss_mask_0": 0.3559105396270752, "val_loss_dice_0": 1.176707148551941, "val_loss_ce_1": 2.206866979598999, "val_loss_mask_1": 0.3559105396270752, "val_loss_dice_1": 1.176707148551941, "val_loss_ce_2": 2.230928421020508, "val_loss_mask_2": 0.5378585457801819, "val_loss_dice_2": 1.479673147201538, "val_loss_ce_3": 2.310546636581421, "val_loss_mask_3": 0.49624374508857727, "val_loss_dice_3": 1.3969337940216064, "val_loss_ce_4": 2.4893226623535156, "val_loss_mask_4": 0.40505844354629517, "val_loss_dice_4": 1.2288411855697632, "val_loss_ce_5": 2.9536964893341064, "val_loss_mask_5": 0.37791532278060913, "val_loss_dice_5": 1.1872434616088867, "val_loss_ce_6": 3.2330470085144043, "val_loss_mask_6": 0.36204206943511963, "val_loss_dice_6": 1.1482645273208618, "val_loss_ce_7": 2.659226417541504, "val_loss_mask_7": 0.36819279193878174, "val_loss_dice_7": 1.1772441864013672, "val_loss_ce_8": 2.7321176528930664, "val_loss_mask_8": 0.3708013892173767, "val_loss_dice_8": 1.1266733407974243, "val_loss_ce_9": 2.669351577758789, "val_loss_mask_9": 0.36231398582458496, "val_loss_dice_9": 1.127584457397461, "val_loss_ce_10": 2.6916942596435547, "val_loss_mask_10": 0.3730318546295166, "val_loss_dice_10": 1.1565455198287964, "val_loss_ce_11": 2.834259033203125, "val_loss_mask_11": 0.3677046597003937, "val_loss_dice_11": 1.1351361274719238, "val_loss_ce_12": 2.4589309692382812, "val_loss_mask_12": 0.3862074911594391,