{"lr-AdamW": 5.064902972186454e-05, "trainer/global_step": 259749, "_timestamp": 1693877540.1097918, "_runtime": 209625.55195474625, "_step": 5828, "train_loss_ce": 0.04704746976494789, "train_loss_mask": 0.20757563412189484, "train_loss_dice": 0.5338752269744873, "train_loss_ce_0": 0.7107511162757874, "train_loss_mask_0": 0.34760749340057373, "train_loss_dice_0": 0.9475567936897278, "train_loss_ce_1": 0.6727372407913208, "train_loss_mask_1": 0.3331809937953949, "train_loss_dice_1": 0.9524813890457153, "train_loss_ce_2": 0.3945305049419403, "train_loss_mask_2": 0.2769567370414734, "train_loss_dice_2": 0.7893990278244019, "train_loss_ce_3": 0.21350988745689392, "train_loss_mask_3": 0.21625690162181854, "train_loss_dice_3": 0.6205923557281494, "train_loss_ce_4": 0.20407748222351074, "train_loss_mask_4": 0.21826967597007751, "train_loss_dice_4": 0.5501105785369873, "train_loss_ce_5": 0.08227656036615372, "train_loss_mask_5": 0.2513032853603363, "train_loss_dice_5": 0.5380955338478088, "train_loss_ce_6": 0.06923878937959671, "train_loss_mask_6": 0.24120774865150452, "train_loss_dice_6": 0.5654767751693726, "train_loss_ce_7": 0.0632941797375679, "train_loss_mask_7": 0.219532310962677, "train_loss_dice_7": 0.5541303157806396, "train_loss_ce_8": 0.04750733822584152, "train_loss_mask_8": 0.2159002125263214, "train_loss_dice_8": 0.5377952456474304, "train_loss_ce_9": 0.043401699513196945, "train_loss_mask_9": 0.20436763763427734, "train_loss_dice_9": 0.5188642144203186, "train_loss_ce_10": 0.049351319670677185, "train_loss_mask_10": 0.21345332264900208, "train_loss_dice_10": 0.5365282297134399, "train_loss_ce_11": 0.04996483772993088, "train_loss_mask_11": 0.2074497938156128, "train_loss_dice_11": 0.5532668828964233, "train_mean_loss_ce": 0.20366834104061127, "train_mean_loss_mask": 0.24254320561885834, "train_mean_loss_dice": 0.6306286454200745, "epoch": 647, "train_loss_mean": 21.348453521728516, "val_mean_box_ap_25": 0.6384241618053237, "val_mean_box_ap_50": 0.4743007724494229, "val_otherfurniture_val_box_ap_50": 0.48522349796335235, "val_chair_val_box_ap_50": 0.7648327191426525, "val_sink_val_box_ap_50": 0.6050315167941939, "val_cabinet_val_box_ap_50": 0.38308191119508994, "val_table_val_box_ap_50": 0.5731622118762036, "val_window_val_box_ap_50": 0.27046589753492484, "val_door_val_box_ap_50": 0.4218827486989154, "val_counter_val_box_ap_50": 0.44032032269271687, "val_refridgerator_val_box_ap_50": 0.3802828275389227, "val_picture_val_box_ap_50": 0.23531398903570488, "val_curtain_val_box_ap_50": 0.3950758840834201, "val_sofa_val_box_ap_50": 0.5125090787494544, "val_bookshelf_val_box_ap_50": 0.24016557016837817, "val_otherfurniture_val_box_ap_25": 0.5527311553692864, "val_chair_val_box_ap_25": 0.8785662623258482, "val_sink_val_box_ap_25": 0.727891273854191, "val_cabinet_val_box_ap_25": 0.5449187056858257, "val_table_val_box_ap_25": 0.6520354881242046, "val_window_val_box_ap_25": 0.5022211988579599, "val_door_val_box_ap_25": 0.5619056930843864, "val_counter_val_box_ap_25": 0.6634455932521139, "val_refridgerator_val_box_ap_25": 0.5919582516329294, "val_picture_val_box_ap_25": 0.285139002027958, "val_curtain_val_box_ap_25": 0.6184104179473703, "val_sofa_val_box_ap_25": 0.8050097095495942, "val_bookshelf_val_box_ap_25": 0.2890084458404965, "val_cabinet_val_ap": 0.39444759488105774, "val_cabinet_val_ap_50": 0.5950615406036377, "val_cabinet_val_ap_25": 0.7442238926887512, "val_bed_val_ap": 0.4727887511253357, "val_bed_val_ap_50": 0.7185043096542358, "val_bed_val_ap_25": 0.7960202097892761, "val_chair_val_ap": 0.7783711552619934, "val_chair_val_ap_50": 0.9141165018081665, "val_chair_val_ap_25": 0.9559940099716187, "val_sofa_val_ap": 0.44640499353408813, "val_sofa_val_ap_50": 0.6469978094100952, "val_sofa_val_ap_25": 0.8347848653793335, "val_table_val_ap": 0.5665662884712219, "val_table_val_ap_50": 0.7571576833724976, "val_table_val_ap_25": 0.8305637836456299, "val_door_val_ap": 0.47051554918289185, "val_door_val_ap_50": 0.6669920682907104, "val_door_val_ap_25": 0.7919487953186035, "val_window_val_ap": 0.2998966574668884, "val_window_val_ap_50": 0.5210841298103333, "val_window_val_ap_25": 0.7098743915557861, "val_bookshelf_val_ap": 0.2893010973930359, "val_bookshelf_val_ap_50": 0.4788111746311188, "val_bookshelf_val_ap_25": 0.6241552233695984, "val_picture_val_ap": 0.3948584198951721, "val_picture_val_ap_50": 0.5244293212890625, "val_picture_val_ap_25": 0.6498684883117676, "val_counter_val_ap": 0.29392677545547485, "val_counter_val_ap_50": 0.5855129361152649, "val_counter_val_ap_25": 0.7536543607711792, "val_desk_val_ap": 0.31263577938079834, "val_desk_val_ap_50": 0.5900070667266846, "val_desk_val_ap_25": 0.8266527652740479, "val_curtain_val_ap": 0.3072821795940399, "val_curtain_val_ap_50": 0.5717934966087341, "val_curtain_val_ap_25": 0.6940575242042542, "val_refrigerator_val_ap": 0.4599008858203888, "val_refrigerator_val_ap_50": 0.5910024642944336, "val_refrigerator_val_ap_25": 0.6968210935592651, "val_shower curtain_val_ap": 0.48359590768814087, "val_shower curtain_val_ap_50": 0.7225664854049683, "val_shower curtain_val_ap_25": 0.8300621509552002, "val_toilet_val_ap": 0.9032583236694336, "val_toilet_val_ap_50": 0.9809145927429199, "val_toilet_val_ap_25": 0.9978659749031067, "val_sink_val_ap": 0.5405164361000061, "val_sink_val_ap_50": 0.7339552640914917, "val_sink_val_ap_25": 0.8605273962020874, "val_bathtub_val_ap": 0.6747189164161682, "val_bathtub_val_ap_50": 0.774193525314331, "val_bathtub_val_ap_25": 0.774193525314331, "val_otherfurniture_val_ap": 0.5745928883552551, "val_otherfurniture_val_ap_50": 0.7146192789077759, "val_otherfurniture_val_ap_25": 0.775619387626648, "val_mean_ap": 0.4813099205493927, "val_mean_ap_50": 0.6715399622917175, "val_mean_ap_25": 0.7859382033348083, "val_loss_ce": 1.2289941310882568, "val_loss_mask": 0.18289905786514282, "val_loss_dice": 0.403315931558609, "val_loss_ce_0": 1.2064851522445679, "val_loss_mask_0": 0.21532297134399414, "val_loss_dice_0": 0.5774491429328918, "val_loss_ce_1": 1.2064851522445679, "val_loss_mask_1": 0.21532297134399414, "val_loss_dice_1": 0.5774491429328918, "val_loss_ce_2": 1.157737374305725, "val_loss_mask_2": 0.21483109891414642, "val_loss_dice_2": 0.5364695191383362, "val_loss_ce_3": 1.1509795188903809, "val_loss_mask_3": 0.20583182573318481, "val_loss_dice_3": 0.4864351153373718, "val_loss_ce_4": 1.1560747623443604, "val_loss_mask_4": 0.19705244898796082, "val_loss_dice_4": 0.45580950379371643, "val_loss_ce_5": 1.1901408433914185, "val_loss_mask_5": 0.19033832848072052, "val_loss_dice_5": 0.42334917187690735, "val_loss_ce_6": 1.2120987176895142, "val_loss_mask_6": 0.19012190401554108, "val_loss_dice_6": 0.4241120517253876, "val_loss_ce_7": 1.1900501251220703, "val_loss_mask_7": 0.19311240315437317, "val_loss_dice_7": 0.4236966371536255, "val_loss_ce_8": 1.1828482151031494, "val_loss_mask_8": 0.19254650175571442, "val_loss_dice_8": 0.42013782262802124, "val_loss_ce_9": 1.229095458984375, "val_loss_mask_9": 0.18493658304214478, "val_loss_dice_9": 0.40748754143714905, "val_loss_ce_10": 1.204725980758667, "val_loss_mask_10": 0.18765540421009064, "val_loss_dice_10": 0.4097864329814911, "val_loss_ce_11": 1.1919126510620117, "val_loss_mask_11": 0.18750332295894623, "val_loss_dice_11": 0.4106615483760834, "val_mean_loss_ce": 1.192894458770752, "val_mean_loss_mask": 0.19672882556915283, "val_mean_loss_dice": 0.45816612243652344, "val_desk_val_box_ap_50": 0.4608387058117738, "val_toilet_val_box_ap_50": 0.8102933799934039, "val_bed_val_box_ap_50": 0.6378748923335069, "val_shower_curtain_val_box_ap_50": 0.2167576752081814, "val_bathtub_val_box_ap_50": 0.7043010752688172, "val_desk_val_box_ap_25": 0.7088973690241629, "val_toilet_val_box_ap_25": 0.9579287942235779, "val_bed_val_box_ap_25": 0.7813412857291565, "val_shower_curtain_val_box_ap_25": 0.6309789541388059, "val_bathtub_val_box_ap_25": 0.739247311827957}