{"lr-AdamW": 4.000086697024714e-10, "trainer/global_step": 241000, "_timestamp": 1686730525.5831785, "_runtime": 259910.64756441116, "_step": 10252, "train_loss_ce": 0.009128882549703121, "train_loss_mask": 0.21960267424583435, "train_loss_dice": 0.435907244682312, "train_loss_ce_0": 3.4309940338134766, "train_loss_mask_0": 2.1920387744903564, "train_loss_dice_0": 5.5684404373168945, "train_loss_ce_1": 0.35102972388267517, "train_loss_mask_1": 0.36769285798072815, "train_loss_dice_1": 0.8888744115829468, "train_loss_ce_2": 0.10969017446041107, "train_loss_mask_2": 0.25980567932128906, "train_loss_dice_2": 0.6440615653991699, "train_loss_ce_3": 0.04341288283467293, "train_loss_mask_3": 0.2501281201839447, "train_loss_dice_3": 0.5393480062484741, "train_loss_ce_4": 0.019418129697442055, "train_loss_mask_4": 0.2197089046239853, "train_loss_dice_4": 0.46464601159095764, "train_loss_ce_5": 0.019877808168530464, "train_loss_mask_5": 0.21400564908981323, "train_loss_dice_5": 0.45567065477371216, "train_loss_ce_6": 0.01410894375294447, "train_loss_mask_6": 0.22030282020568848, "train_loss_dice_6": 0.4746164083480835, "train_loss_ce_7": 0.00813054945319891, "train_loss_mask_7": 0.2296358048915863, "train_loss_dice_7": 0.46064096689224243, "train_loss_ce_8": 0.00692406902089715, "train_loss_mask_8": 0.21942444145679474, "train_loss_dice_8": 0.45135217905044556, "train_loss_ce_9": 0.006605997681617737, "train_loss_mask_9": 0.21917536854743958, "train_loss_dice_9": 0.4420452117919922, "train_loss_ce_10": 0.009263898245990276, "train_loss_mask_10": 0.2181720733642578, "train_loss_dice_10": 0.44347870349884033, "train_loss_ce_11": 0.00771346827968955, "train_loss_mask_11": 0.22294722497463226, "train_loss_dice_11": 0.4492748975753784, "train_mean_loss_ce": 0.31048449873924255, "train_mean_loss_mask": 0.3886646330356598, "train_mean_loss_dice": 0.9014120697975159, "epoch": 600, "train_loss_mean": 22.438514709472656, "val_mean_box_ap_25": 0.7050344043829354, "val_mean_box_ap_50": 0.5645119396233627, "val_chair_val_box_ap_50": 0.8396723134979736, "val_cabinet_val_box_ap_50": 0.40229963222336373, "val_table_val_box_ap_50": 0.6506112970867727, "val_otherfurniture_val_box_ap_50": 0.5390567293578713, "val_refridgerator_val_box_ap_50": 0.5414837247776019, "val_window_val_box_ap_50": 0.3627558237894676, "val_counter_val_box_ap_50": 0.5037034135679496, "val_sink_val_box_ap_50": 0.5311882951182838, "val_door_val_box_ap_50": 0.527485606814704, "val_chair_val_box_ap_25": 0.9077247696594235, "val_cabinet_val_box_ap_25": 0.5774944679441755, "val_table_val_box_ap_25": 0.7408479761985303, "val_otherfurniture_val_box_ap_25": 0.5972954271372168, "val_refridgerator_val_box_ap_25": 0.6139181570859444, "val_window_val_box_ap_25": 0.5520607193543714, "val_counter_val_box_ap_25": 0.7479848325137198, "val_sink_val_box_ap_25": 0.7370219990170461, "val_door_val_box_ap_25": 0.6421902713714935, "val_cabinet_val_ap": 0.42945703864097595, "val_cabinet_val_ap_50": 0.6212971806526184, "val_cabinet_val_ap_25": 0.7528507113456726, "val_bed_val_ap": 0.5514471530914307, "val_bed_val_ap_50": 0.7685307264328003, "val_bed_val_ap_25": 0.8436803817749023, "val_chair_val_ap": 0.8126863837242126, "val_chair_val_ap_50": 0.9330723881721497, "val_chair_val_ap_25": 0.9688857793807983, "val_sofa_val_ap": 0.41868358850479126, "val_sofa_val_ap_50": 0.6552422642707825, "val_sofa_val_ap_25": 0.8296819925308228, "val_table_val_ap": 0.6136731505393982, "val_table_val_ap_50": 0.7826305627822876, "val_table_val_ap_25": 0.8433035612106323, "val_door_val_ap": 0.557803750038147, "val_door_val_ap_50": 0.739833414554596, "val_door_val_ap_25": 0.8341684341430664, "val_window_val_ap": 0.35140952467918396, "val_window_val_ap_50": 0.5491077303886414, "val_window_val_ap_25": 0.7732690572738647, "val_bookshelf_val_ap": 0.2933124005794525, "val_bookshelf_val_ap_50": 0.4616549611091614, "val_bookshelf_val_ap_25": 0.6643967628479004, "val_picture_val_ap": 0.5310444831848145, "val_picture_val_ap_50": 0.6514719724655151, "val_picture_val_ap_25": 0.721865177154541, "val_counter_val_ap": 0.3382628560066223, "val_counter_val_ap_50": 0.6008833646774292, "val_counter_val_ap_25": 0.7640162706375122, "val_desk_val_ap": 0.37868213653564453, "val_desk_val_ap_50": 0.6344762444496155, "val_desk_val_ap_25": 0.7928378582000732, "val_curtain_val_ap": 0.44941720366477966, "val_curtain_val_ap_50": 0.6174783110618591, "val_curtain_val_ap_25": 0.7922496199607849, "val_refrigerator_val_ap": 0.5694764256477356, "val_refrigerator_val_ap_50": 0.6968600153923035, "val_refrigerator_val_ap_25": 0.7489762306213379, "val_shower curtain_val_ap": 0.5823259353637695, "val_shower curtain_val_ap_50": 0.8272618651390076, "val_shower curtain_val_ap_25": 0.8721575736999512, "val_toilet_val_ap": 0.9401642084121704, "val_toilet_val_ap_50": 0.9974455833435059, "val_toilet_val_ap_25": 0.9974455833435059, "val_sink_val_ap": 0.5096226930618286, "val_sink_val_ap_50": 0.7228389382362366, "val_sink_val_ap_25": 0.8847443461418152, "val_bathtub_val_ap": 0.8018172979354858, "val_bathtub_val_ap_50": 0.8709677457809448, "val_bathtub_val_ap_25": 0.900052011013031, "val_otherfurniture_val_ap": 0.5872135162353516, "val_otherfurniture_val_ap_50": 0.7114639282226562, "val_otherfurniture_val_ap_25": 0.7877169847488403, "val_mean_ap": 0.53980553150177, "val_mean_ap_50": 0.7134731411933899, "val_mean_ap_25": 0.8206832408905029, "val_loss_ce": 1.2853306531906128, "val_loss_mask": 0.17545044422149658, "val_loss_dice": 0.3194639980792999, "val_loss_ce_0": 3.7430691719055176, "val_loss_mask_0": 0.5973168611526489, "val_loss_dice_0": 1.874255895614624, "val_loss_ce_1": 1.0132485628128052, "val_loss_mask_1": 0.22407951951026917, "val_loss_dice_1": 0.5434180498123169, "val_loss_ce_2": 0.9967201948165894, "val_loss_mask_2": 0.19978180527687073, "val_loss_dice_2": 0.4161514937877655, "val_loss_ce_3": 1.0573316812515259, "val_loss_mask_3": 0.1856546550989151, "val_loss_dice_3": 0.36664336919784546, "val_loss_ce_4": 1.1123868227005005, "val_loss_mask_4": 0.17784962058067322, "val_loss_dice_4": 0.33945199847221375, "val_loss_ce_5": 1.1569324731826782, "val_loss_mask_5": 0.18049748241901398, "val_loss_dice_5": 0.33983224630355835, "val_loss_ce_6": 1.2119008302688599, "val_loss_mask_6": 0.18413861095905304, "val_loss_dice_6": 0.3390084207057953, "val_loss_ce_7": 1.2167915105819702, "val_loss_mask_7": 0.1788472831249237, "val_loss_dice_7": 0.33126816153526306, "val_loss_ce_8": 1.2250008583068848, "val_loss_mask_8": 0.174530491232872, "val_loss_dice_8": 0.3231496810913086, "val_loss_ce_9": 1.2555088996887207, "val_loss_mask_9": 0.17852374911308289, "val_loss_dice_9": 0.32515352964401245, "val_loss_ce_10": 1.2913906574249268, "val_loss_mask_10": 0.17968694865703583, "val_loss_dice_10": 0.3278575539588928, "val_loss_ce_11": 1.2626062631607056, "val_loss_mask_11": 0.17932015657424927, "val_loss_dice_11": 0.3238754868507385, "val_mean_loss_ce": 1.3714014291763306, "val_mean_loss_mask": 0.21659058332443237, "val_mean_loss_dice": 0.47457921504974365, "val_desk_val_box_ap_50": 0.5434685384378898, "val_bed_val_box_ap_50": 0.6986077458096337, "val_picture_val_box_ap_50": 0.37587990537472843, "val_curtain_val_box_ap_50": 0.5381120818516277, "val_bookshelf_val_box_ap_50": 0.33499473814670183, "val_shower_curtain_val_box_ap_50": 0.48217385400902435, "val_sofa_val_box_ap_50": 0.528441307794983, "val_bathtub_val_box_ap_50": 0.8665183537263627, "val_toilet_val_box_ap_50": 0.8947615518355883, "val_desk_val_box_ap_25": 0.7647017991634835, "val_bed_val_box_ap_25": 0.8431681978987475, "val_picture_val_box_ap_25": 0.4271463528368462, "val_curtain_val_box_ap_25": 0.7199904730717352, "val_bookshelf_val_box_ap_25": 0.4541300568001706, "val_shower_curtain_val_box_ap_25": 0.7660985957592099, "val_sofa_val_box_ap_25": 0.7775062337787086, "val_bathtub_val_box_ap_25": 0.8665183537263627, "val_toilet_val_box_ap_25": 0.9548205955756491, "_wandb": {"runtime": 259911}}