{"lr-AdamW": 9.891646691598573e-05, "trainer/global_step": 83499, "_timestamp": 1692325784.0516384, "_runtime": 153.87892532348633, "_step": 3, "train_loss_ce": 0.4193795621395111, "train_loss_mask": 0.44634222984313965, "train_loss_dice": 1.6978490352630615, "train_loss_ce_0": 2.0937728881835938, "train_loss_mask_0": 0.867431104183197, "train_loss_dice_0": 3.1327028274536133, "train_loss_ce_1": 1.6171400547027588, "train_loss_mask_1": 0.7233114242553711, "train_loss_dice_1": 3.025803804397583, "train_loss_ce_2": 1.0966047048568726, "train_loss_mask_2": 0.5895789861679077, "train_loss_dice_2": 2.7116498947143555, "train_loss_ce_3": 0.8097783327102661, "train_loss_mask_3": 0.5881338119506836, "train_loss_dice_3": 2.380629062652588, "train_loss_ce_4": 0.6623520851135254, "train_loss_mask_4": 0.4993101954460144, "train_loss_dice_4": 2.0476107597351074, "train_loss_ce_5": 0.5966761708259583, "train_loss_mask_5": 0.5365268588066101, "train_loss_dice_5": 2.0165603160858154, "train_loss_ce_6": 0.6127818822860718, "train_loss_mask_6": 0.5165551900863647, "train_loss_dice_6": 1.9366174936294556, "train_loss_ce_7": 0.6719765067100525, "train_loss_mask_7": 0.48840516805648804, "train_loss_dice_7": 1.8444499969482422, "train_loss_ce_8": 0.5838148593902588, "train_loss_mask_8": 0.4776773452758789, "train_loss_dice_8": 1.787818193435669, "train_loss_ce_9": 0.485782265663147, "train_loss_mask_9": 0.4699137806892395, "train_loss_dice_9": 1.8063201904296875, "train_loss_ce_10": 0.47723084688186646, "train_loss_mask_10": 0.48123103380203247, "train_loss_dice_10": 1.764399766921997, "train_loss_ce_11": 0.49465224146842957, "train_loss_mask_11": 0.46560877561569214, "train_loss_dice_11": 1.7481807470321655, "train_loss_ce_12": 0.5479806661605835, "train_loss_mask_12": 0.4428842067718506, "train_loss_dice_12": 1.731001615524292, "train_loss_ce_13": 0.49938318133354187, "train_loss_mask_13": 0.4370909333229065, "train_loss_dice_13": 1.7136521339416504, "train_loss_ce_14": 0.42698806524276733, "train_loss_mask_14": 0.4353543519973755, "train_loss_dice_14": 1.707240343093872, "train_mean_loss_ce": 0.7560184001922607, "train_mean_loss_mask": 0.5290846824645996, "train_mean_loss_dice": 2.0657804012298584, "epoch": 208, "_wandb": {"runtime": 217}}