{"val_mean_box_ap_25": 0.5104928467421286, "val_mean_box_ap_50": 0.42306242388145177, "val_chair_val_box_ap_50": 0.789382095923784, "val_sink_val_box_ap_50": 0.5520624630487787, "val_otherfurniture_val_box_ap_50": 0.37675977413237566, "val_window_val_box_ap_50": 0.25267854584244787, "val_door_val_box_ap_50": 0.3938245690344064, "val_cabinet_val_box_ap_50": 0.22624457266968803, "val_table_val_box_ap_50": 0.43245277578377883, "val_refridgerator_val_box_ap_50": 0.12531328320802004, "val_desk_val_box_ap_50": 0.350933642687541, "val_picture_val_box_ap_50": 0.22115974667998478, "val_sofa_val_box_ap_50": 0.5601738287105495, "val_bookshelf_val_box_ap_50": 0.1261775261775262, "val_bathtub_val_box_ap_50": 0.8148148148148147, "val_shower_curtain_val_box_ap_50": 0.27529761904761907, "val_curtain_val_box_ap_50": 0.4426507766718118, "val_bed_val_box_ap_50": 0.6558747248170304, "val_toilet_val_box_ap_50": 0.8718869731800766, "val_counter_val_box_ap_50": 0.1474358974358974, "val_chair_val_box_ap_25": 0.8611970887544976, "val_sink_val_box_ap_25": 0.7231771796127652, "val_otherfurniture_val_box_ap_25": 0.41997283065623914, "val_window_val_box_ap_25": 0.4110757085361798, "val_door_val_box_ap_25": 0.4979679420242764, "val_cabinet_val_box_ap_25": 0.3000492376613124, "val_table_val_box_ap_25": 0.4755134204650857, "val_refridgerator_val_box_ap_25": 0.19895224171539955, "val_desk_val_box_ap_25": 0.5071658236248818, "val_picture_val_box_ap_25": 0.23931203605302553, "val_sofa_val_box_ap_25": 0.7533666328479977, "val_bookshelf_val_box_ap_25": 0.1467051467051467, "val_bathtub_val_box_ap_25": 0.8709677419354839, "val_shower_curtain_val_box_ap_25": 0.3400297619047619, "val_curtain_val_box_ap_25": 0.5662688470656003, "val_bed_val_box_ap_25": 0.7341836915883717, "val_toilet_val_box_ap_25": 0.9121966794380587, "val_counter_val_box_ap_25": 0.23076923076923078, "val_cabinet_val_ap": 0.22163400053977966, "val_cabinet_val_ap_50": 0.34415316581726074, "val_cabinet_val_ap_25": 0.4425216019153595, "val_bed_val_ap": 0.4913980960845947, "val_bed_val_ap_50": 0.7256736159324646, "val_bed_val_ap_25": 0.7256736159324646, "val_chair_val_ap": 0.7558247447013855, "val_chair_val_ap_50": 0.871547520160675, "val_chair_val_ap_25": 0.8889512419700623, "val_sofa_val_ap": 0.43830639123916626, "val_sofa_val_ap_50": 0.6301553249359131, "val_sofa_val_ap_25": 0.7746261358261108, "val_table_val_ap": 0.4131513237953186, "val_table_val_ap_50": 0.5076726078987122, "val_table_val_ap_25": 0.5371046662330627, "val_door_val_ap": 0.4139150083065033, "val_door_val_ap_50": 0.5516650676727295, "val_door_val_ap_25": 0.6206222176551819, "val_window_val_ap": 0.2844403088092804, "val_window_val_ap_50": 0.45593684911727905, "val_window_val_ap_25": 0.5592893958091736, "val_bookshelf_val_ap": 0.13056856393814087, "val_bookshelf_val_ap_50": 0.19590702652931213, "val_bookshelf_val_ap_25": 0.20612959563732147, "val_picture_val_ap": 0.3454684317111969, "val_picture_val_ap_50": 0.38777780532836914, "val_picture_val_ap_25": 0.4148356318473816, "val_counter_val_ap": 0.08961019665002823, "val_counter_val_ap_50": 0.14626304805278778, "val_counter_val_ap_25": 0.2549019753932953, "val_desk_val_ap": 0.230020672082901, "val_desk_val_ap_50": 0.40758538246154785, "val_desk_val_ap_25": 0.5099266767501831, "val_curtain_val_ap": 0.3452504575252533, "val_curtain_val_ap_50": 0.5160369873046875, "val_curtain_val_ap_25": 0.6372291445732117, "val_refrigerator_val_ap": 0.16720692813396454, "val_refrigerator_val_ap_50": 0.24561403691768646, "val_refrigerator_val_ap_25": 0.2631579041481018, "val_shower curtain_val_ap": 0.40584397315979004, "val_shower curtain_val_ap_50": 0.6807605624198914, "val_shower curtain_val_ap_25": 0.6839951276779175, "val_toilet_val_ap": 0.8908553123474121, "val_toilet_val_ap_50": 0.9137930870056152, "val_toilet_val_ap_25": 0.931034505367279, "val_sink_val_ap": 0.49967554211616516, "val_sink_val_ap_50": 0.6960976123809814, "val_sink_val_ap_25": 0.875, "val_bathtub_val_ap": 0.7197461128234863, "val_bathtub_val_ap_50": 0.8709677457809448, "val_bathtub_val_ap_25": 0.8709677457809448, "val_otherfurniture_val_ap": 0.4125730097293854, "val_otherfurniture_val_ap_50": 0.48985737562179565, "val_otherfurniture_val_ap_25": 0.5112386345863342, "val_mean_ap": 0.4030827283859253, "val_mean_ap_50": 0.5354146957397461, "val_mean_ap_25": 0.5948447585105896, "val_loss_ce": 1.1437875032424927, "val_loss_mask": 0.15557558834552765, "val_loss_dice": 0.33355364203453064, "val_loss_ce_0": 1.2869699001312256, "val_loss_mask_0": 0.18179748952388763, "val_loss_dice_0": 0.5788246393203735, "val_loss_ce_1": 1.2869699001312256, "val_loss_mask_1": 0.18179748952388763, "val_loss_dice_1": 0.5788246393203735, "val_loss_ce_2": 2.7047133445739746, "val_loss_mask_2": 0.17342552542686462, "val_loss_dice_2": 0.5295692682266235, "val_loss_ce_3": 1.6087995767593384, "val_loss_mask_3": 0.16698794066905975, "val_loss_dice_3": 0.46994805335998535, "val_loss_ce_4": 1.4665361642837524, "val_loss_mask_4": 0.16417540609836578, "val_loss_dice_4": 0.40654829144477844, "val_loss_ce_5": 1.1870355606079102, "val_loss_mask_5": 0.15543295443058014, "val_loss_dice_5": 0.37746480107307434, "val_loss_ce_6": 1.2607531547546387, "val_loss_mask_6": 0.1490441858768463, "val_loss_dice_6": 0.36025503277778625, "val_loss_ce_7": 1.2343240976333618, "val_loss_mask_7": 0.15092188119888306, "val_loss_dice_7": 0.3618311882019043, "val_loss_ce_8": 1.131888508796692, "val_loss_mask_8": 0.15956518054008484, "val_loss_dice_8": 0.3591327965259552, "val_loss_ce_9": 1.0977001190185547, "val_loss_mask_9": 0.16082485020160675, "val_loss_dice_9": 0.34963029623031616, "val_loss_ce_10": 1.0735974311828613, "val_loss_mask_10": 0.16378535330295563, "val_loss_dice_10": 0.3506750464439392, "val_loss_ce_11": 1.1292883157730103, "val_loss_mask_11": 0.1556202918291092, "val_loss_dice_11": 0.34152698516845703, "val_loss_ce_12": 1.176900029182434, "val_loss_mask_12": 0.15463700890541077, "val_loss_dice_12": 0.34440502524375916, "val_loss_ce_13": 1.0884480476379395, "val_loss_mask_13": 0.1638326346874237, "val_loss_dice_13": 0.34626510739326477, "val_loss_ce_14": 1.1126123666763306, "val_loss_mask_14": 0.16296812891960144, "val_loss_dice_14": 0.3385251462459564, "val_mean_loss_ce": 1.3118952512741089, "val_mean_loss_mask": 0.1625244915485382, "val_mean_loss_dice": 0.40168625116348267, "epoch": 0, "trainer/global_step": 0, "_timestamp": 1691965785.6634204, "_runtime": 5943.981573343277, "_step": 0, "_wandb": {"runtime": 5943}}