{"val_mean_box_ap_25": 0.44418356616242793, "val_mean_box_ap_50": 0.37080170568411197, "val_chair_val_box_ap_50": 0.7682571407017971, "val_otherfurniture_val_box_ap_50": 0.3675345835117343, "val_sink_val_box_ap_50": 0.5492189242937233, "val_cabinet_val_box_ap_50": 0.14613554960719996, "val_door_val_box_ap_50": 0.4025347276759389, "val_table_val_box_ap_50": 0.4475576441406376, "val_window_val_box_ap_50": 0.1112068018103034, "val_sofa_val_box_ap_50": 0.5671644381185803, "val_desk_val_box_ap_50": 0.16664494390354317, "val_bookshelf_val_box_ap_50": 0.23624000354920893, "val_bathtub_val_box_ap_50": 0.7115654331643111, "val_picture_val_box_ap_50": 0.1896390264855583, "val_shower_curtain_val_box_ap_50": 0.24804921968787516, "val_toilet_val_box_ap_50": 0.8919371269124964, "val_curtain_val_box_ap_50": 0.14498933901918976, "val_counter_val_box_ap_50": 0.16203155818540435, "val_bed_val_box_ap_50": 0.345679012345679, "val_refridgerator_val_box_ap_50": 0.21804522920083563, "val_chair_val_box_ap_25": 0.8321196855386727, "val_otherfurniture_val_box_ap_25": 0.39801413064233515, "val_sink_val_box_ap_25": 0.6924351707423821, "val_cabinet_val_box_ap_25": 0.21733538149153586, "val_door_val_box_ap_25": 0.49249398844379233, "val_table_val_box_ap_25": 0.49332205205223695, "val_window_val_box_ap_25": 0.20789609151306268, "val_sofa_val_box_ap_25": 0.6974960278061242, "val_desk_val_box_ap_25": 0.300770742341071, "val_bookshelf_val_box_ap_25": 0.25909361578688317, "val_bathtub_val_box_ap_25": 0.771712158808933, "val_picture_val_box_ap_25": 0.19796716108721588, "val_shower_curtain_val_box_ap_25": 0.48095238095238096, "val_toilet_val_box_ap_25": 0.9102182300458165, "val_curtain_val_box_ap_25": 0.17448471926083867, "val_counter_val_box_ap_25": 0.2152366863905326, "val_bed_val_box_ap_25": 0.345679012345679, "val_refridgerator_val_box_ap_25": 0.30807695567420973, "val_cabinet_val_ap": 0.13485990464687347, "val_cabinet_val_ap_50": 0.224771648645401, "val_cabinet_val_ap_25": 0.28918999433517456, "val_bed_val_ap": 0.2351871281862259, "val_bed_val_ap_50": 0.34567901492118835, "val_bed_val_ap_25": 0.34567901492118835, "val_chair_val_ap": 0.7369928359985352, "val_chair_val_ap_50": 0.8448511958122253, "val_chair_val_ap_25": 0.8646752238273621, "val_sofa_val_ap": 0.4349188804626465, "val_sofa_val_ap_50": 0.6211720108985901, "val_sofa_val_ap_25": 0.7132445573806763, "val_table_val_ap": 0.42022520303726196, "val_table_val_ap_50": 0.5420336723327637, "val_table_val_ap_25": 0.5757016539573669, "val_door_val_ap": 0.4397886097431183, "val_door_val_ap_50": 0.6033468246459961, "val_door_val_ap_25": 0.7012903690338135, "val_window_val_ap": 0.144829660654068, "val_window_val_ap_50": 0.20620547235012054, "val_window_val_ap_25": 0.2328786849975586, "val_bookshelf_val_ap": 0.14506050944328308, "val_bookshelf_val_ap_50": 0.27190178632736206, "val_bookshelf_val_ap_25": 0.32641205191612244, "val_picture_val_ap": 0.23319704830646515, "val_picture_val_ap_50": 0.26244452595710754, "val_picture_val_ap_25": 0.28717949986457825, "val_counter_val_ap": 0.11853015422821045, "val_counter_val_ap_50": 0.19266191124916077, "val_counter_val_ap_25": 0.24829646944999695, "val_desk_val_ap": 0.10757704824209213, "val_desk_val_ap_50": 0.2065952718257904, "val_desk_val_ap_25": 0.27595359086990356, "val_curtain_val_ap": 0.06225138530135155, "val_curtain_val_ap_50": 0.10888497531414032, "val_curtain_val_ap_25": 0.1751835197210312, "val_refrigerator_val_ap": 0.2306114286184311, "val_refrigerator_val_ap_50": 0.29617804288864136, "val_refrigerator_val_ap_25": 0.31578946113586426, "val_shower curtain_val_ap": 0.37671688199043274, "val_shower curtain_val_ap_50": 0.45749956369400024, "val_shower curtain_val_ap_25": 0.45749956369400024, "val_toilet_val_ap": 0.895616352558136, "val_toilet_val_ap_50": 0.9482758641242981, "val_toilet_val_ap_25": 0.9482758641242981, "val_sink_val_ap": 0.4965639114379883, "val_sink_val_ap_50": 0.6381633877754211, "val_sink_val_ap_25": 0.8036338090896606, "val_bathtub_val_ap": 0.5802308917045593, "val_bathtub_val_ap_50": 0.7728763222694397, "val_bathtub_val_ap_25": 0.7728763222694397, "val_otherfurniture_val_ap": 0.3962275981903076, "val_otherfurniture_val_ap_50": 0.4636203646659851, "val_otherfurniture_val_ap_25": 0.49128347635269165, "val_mean_ap": 0.34385475516319275, "val_mean_ap_50": 0.4448423385620117, "val_mean_ap_25": 0.4902801811695099, "val_loss_ce": 1.786052942276001, "val_loss_mask": 0.16246406733989716, "val_loss_dice": 0.3455747365951538, "val_loss_ce_0": 1.4801884889602661, "val_loss_mask_0": 0.2116527408361435, "val_loss_dice_0": 0.6447128057479858, "val_loss_ce_1": 1.4801884889602661, "val_loss_mask_1": 0.2116527408361435, "val_loss_dice_1": 0.6447128057479858, "val_loss_ce_2": 3.399366855621338, "val_loss_mask_2": 0.21550942957401276, "val_loss_dice_2": 0.57862788438797, "val_loss_ce_3": 1.9052767753601074, "val_loss_mask_3": 0.18783923983573914, "val_loss_dice_3": 0.4920854866504669, "val_loss_ce_4": 1.9819973707199097, "val_loss_mask_4": 0.1657438427209854, "val_loss_dice_4": 0.43095502257347107, "val_loss_ce_5": 1.8083641529083252, "val_loss_mask_5": 0.15967710316181183, "val_loss_dice_5": 0.3997716009616852, "val_loss_ce_6": 1.9813005924224854, "val_loss_mask_6": 0.1628507822751999, "val_loss_dice_6": 0.37375426292419434, "val_loss_ce_7": 1.89143967628479, "val_loss_mask_7": 0.1702340990304947, "val_loss_dice_7": 0.3725985288619995, "val_loss_ce_8": 1.7625492811203003, "val_loss_mask_8": 0.17151588201522827, "val_loss_dice_8": 0.36843985319137573, "val_loss_ce_9": 1.7203909158706665, "val_loss_mask_9": 0.16787433624267578, "val_loss_dice_9": 0.36205166578292847, "val_loss_ce_10": 1.7063498497009277, "val_loss_mask_10": 0.16557998955249786, "val_loss_dice_10": 0.35857781767845154, "val_loss_ce_11": 1.8232851028442383, "val_loss_mask_11": 0.1626623272895813, "val_loss_dice_11": 0.35218456387519836, "val_loss_ce_12": 1.8102200031280518, "val_loss_mask_12": 0.1671910434961319, "val_loss_dice_12": 0.353410929441452, "val_loss_ce_13": 1.696904182434082, "val_loss_mask_13": 0.1712730973958969, "val_loss_dice_13": 0.3541833460330963, "val_loss_ce_14": 1.7158724069595337, "val_loss_mask_14": 0.16726063191890717, "val_loss_dice_14": 0.3510666489601135, "val_mean_loss_ce": 1.8718591928482056, "val_mean_loss_mask": 0.17631132900714874, "val_mean_loss_dice": 0.4239192306995392, "epoch": 0, "trainer/global_step": 0, "_timestamp": 1692585934.2192624, "_runtime": 3576.5374624729156, "_step": 0, "_wandb": {"runtime": 3576}}