{"val_mean_box_ap_25": 0.630603505161115, "val_mean_box_ap_50": 0.49652064149019853, "val_chair_val_box_ap_50": 0.7518413153071701, "val_otherfurniture_val_box_ap_50": 0.4700593403634918, "val_sink_val_box_ap_50": 0.5822929078957662, "val_door_val_box_ap_50": 0.4077491227606673, "val_counter_val_box_ap_50": 0.42870367513593693, "val_cabinet_val_box_ap_50": 0.33690610838503543, "val_table_val_box_ap_50": 0.6002175544415347, "val_window_val_box_ap_50": 0.320506112164426, "val_refridgerator_val_box_ap_50": 0.3716271878375536, "val_sofa_val_box_ap_50": 0.5265982075492339, "val_bookshelf_val_box_ap_50": 0.29089200076749167, "val_desk_val_box_ap_50": 0.39611252602006264, "val_bathtub_val_box_ap_50": 0.8564396061794606, "val_picture_val_box_ap_50": 0.2528684798305152, "val_shower_curtain_val_box_ap_50": 0.20711580086580086, "val_bed_val_box_ap_50": 0.7028056851156267, "val_toilet_val_box_ap_50": 0.9289037586232802, "val_curtain_val_box_ap_50": 0.5057321575805185, "val_chair_val_box_ap_25": 0.8617898182474024, "val_otherfurniture_val_box_ap_25": 0.5293616187120558, "val_sink_val_box_ap_25": 0.7460387781018869, "val_door_val_box_ap_25": 0.503263674706928, "val_counter_val_box_ap_25": 0.67007523602841, "val_cabinet_val_box_ap_25": 0.4724832491895143, "val_table_val_box_ap_25": 0.689397823051594, "val_window_val_box_ap_25": 0.4851063959877939, "val_refridgerator_val_box_ap_25": 0.48974600408210855, "val_sofa_val_box_ap_25": 0.7484153211863713, "val_bookshelf_val_box_ap_25": 0.3219289216504476, "val_desk_val_box_ap_25": 0.6045534437098693, "val_bathtub_val_box_ap_25": 0.8564396061794606, "val_picture_val_box_ap_25": 0.30611046239547085, "val_shower_curtain_val_box_ap_25": 0.5776184463684465, "val_bed_val_box_ap_25": 0.7806910978552769, "val_toilet_val_box_ap_25": 1.0, "val_curtain_val_box_ap_25": 0.707843195447032, "val_cabinet_val_ap": 0.3645811080932617, "val_cabinet_val_ap_50": 0.5340518951416016, "val_cabinet_val_ap_25": 0.643269956111908, "val_bed_val_ap": 0.5023084282875061, "val_bed_val_ap_50": 0.7360382080078125, "val_bed_val_ap_25": 0.7733945846557617, "val_chair_val_ap": 0.7465077638626099, "val_chair_val_ap_50": 0.883328378200531, "val_chair_val_ap_25": 0.9245362281799316, "val_sofa_val_ap": 0.3759228587150574, "val_sofa_val_ap_50": 0.5466946959495544, "val_sofa_val_ap_25": 0.7903545498847961, "val_table_val_ap": 0.5635502338409424, "val_table_val_ap_50": 0.732658326625824, "val_table_val_ap_25": 0.7754724025726318, "val_door_val_ap": 0.47095558047294617, "val_door_val_ap_50": 0.650911271572113, "val_door_val_ap_25": 0.7353171706199646, "val_window_val_ap": 0.3283567428588867, "val_window_val_ap_50": 0.5264323949813843, "val_window_val_ap_25": 0.67316734790802, "val_bookshelf_val_ap": 0.2716742157936096, "val_bookshelf_val_ap_50": 0.4654778838157654, "val_bookshelf_val_ap_25": 0.5657826066017151, "val_picture_val_ap": 0.3742660582065582, "val_picture_val_ap_50": 0.45469266176223755, "val_picture_val_ap_25": 0.5334150195121765, "val_counter_val_ap": 0.3392499089241028, "val_counter_val_ap_50": 0.5657230615615845, "val_counter_val_ap_25": 0.7276536226272583, "val_desk_val_ap": 0.2637830078601837, "val_desk_val_ap_50": 0.4684044122695923, "val_desk_val_ap_25": 0.6403489708900452, "val_curtain_val_ap": 0.4253639578819275, "val_curtain_val_ap_50": 0.645197331905365, "val_curtain_val_ap_25": 0.8101769685745239, "val_refrigerator_val_ap": 0.43166524171829224, "val_refrigerator_val_ap_50": 0.5038493871688843, "val_refrigerator_val_ap_25": 0.5038493871688843, "val_shower curtain_val_ap": 0.47517499327659607, "val_shower curtain_val_ap_50": 0.6927253007888794, "val_shower curtain_val_ap_25": 0.7803168892860413, "val_toilet_val_ap": 0.9489494562149048, "val_toilet_val_ap_50": 1.0, "val_toilet_val_ap_25": 1.0, "val_sink_val_ap": 0.5432098507881165, "val_sink_val_ap_50": 0.7255969643592834, "val_sink_val_ap_25": 0.8846737146377563, "val_bathtub_val_ap": 0.7421690225601196, "val_bathtub_val_ap_50": 0.8709677457809448, "val_bathtub_val_ap_25": 0.8709677457809448, "val_otherfurniture_val_ap": 0.5378089547157288, "val_otherfurniture_val_ap_50": 0.6324850916862488, "val_otherfurniture_val_ap_25": 0.6773683428764343, "val_mean_ap": 0.483638733625412, "val_mean_ap_50": 0.6464019417762756, "val_mean_ap_25": 0.739448070526123, "val_loss_ce": 0.9565730094909668, "val_loss_mask": 0.1720176488161087, "val_loss_dice": 0.36118391156196594, "val_loss_ce_0": 1.0202221870422363, "val_loss_mask_0": 0.1914004683494568, "val_loss_dice_0": 0.5141089558601379, "val_loss_ce_1": 1.0202221870422363, "val_loss_mask_1": 0.1914004683494568, "val_loss_dice_1": 0.5141089558601379, "val_loss_ce_2": 0.9602678418159485, "val_loss_mask_2": 0.1867317408323288, "val_loss_dice_2": 0.477463036775589, "val_loss_ce_3": 0.9251461029052734, "val_loss_mask_3": 0.17798161506652832, "val_loss_dice_3": 0.43493807315826416, "val_loss_ce_4": 0.9372362494468689, "val_loss_mask_4": 0.1753809154033661, "val_loss_dice_4": 0.4091089069843292, "val_loss_ce_5": 0.9394921660423279, "val_loss_mask_5": 0.17099863290786743, "val_loss_dice_5": 0.38182562589645386, "val_loss_ce_6": 0.9512637853622437, "val_loss_mask_6": 0.17194856703281403, "val_loss_dice_6": 0.3803517818450928, "val_loss_ce_7": 0.9430532455444336, "val_loss_mask_7": 0.17286495864391327, "val_loss_dice_7": 0.3780307471752167, "val_loss_ce_8": 0.9466400742530823, "val_loss_mask_8": 0.1757165938615799, "val_loss_dice_8": 0.376105934381485, "val_loss_ce_9": 0.9474478363990784, "val_loss_mask_9": 0.17075371742248535, "val_loss_dice_9": 0.3655555248260498, "val_loss_ce_10": 0.950122594833374, "val_loss_mask_10": 0.17347602546215057, "val_loss_dice_10": 0.366554319858551, "val_loss_ce_11": 0.9299610257148743, "val_loss_mask_11": 0.17468425631523132, "val_loss_dice_11": 0.36771708726882935, "val_mean_loss_ce": 0.9559729695320129, "val_mean_loss_mask": 0.17733503878116608, "val_mean_loss_dice": 0.4097732901573181, "epoch": 0, "trainer/global_step": 0, "_timestamp": 1693395567.0913095, "_runtime": 3651.326236486435, "_step": 0, "_wandb": {"runtime": 3650}}