{"lr-AdamW": 4.0028095531968516e-06, "trainer/global_step": 249, "_timestamp": 1690925945.805351, "_runtime": 356.0025329589844, "_step": 9, "train_loss_ce": 4.343918800354004, "train_loss_mask": 1.3594536781311035, "train_loss_dice": 5.776922225952148, "train_loss_ce_0": 4.154350280761719, "train_loss_mask_0": 1.1903753280639648, "train_loss_dice_0": 5.721764087677002, "train_loss_ce_1": 4.154350280761719, "train_loss_mask_1": 1.1903753280639648, "train_loss_dice_1": 5.721764087677002, "train_loss_ce_2": 3.958296298980713, "train_loss_mask_2": 1.275712251663208, "train_loss_dice_2": 5.730378150939941, "train_loss_ce_3": 4.248079299926758, "train_loss_mask_3": 1.1686267852783203, "train_loss_dice_3": 5.702358722686768, "train_loss_ce_4": 4.082602024078369, "train_loss_mask_4": 1.1577918529510498, "train_loss_dice_4": 5.7060747146606445, "train_loss_ce_5": 4.109030723571777, "train_loss_mask_5": 1.1993577480316162, "train_loss_dice_5": 5.7397918701171875, "train_loss_ce_6": 4.184919357299805, "train_loss_mask_6": 1.2451879978179932, "train_loss_dice_6": 5.746878147125244, "train_loss_ce_7": 4.332989692687988, "train_loss_mask_7": 1.292210340499878, "train_loss_dice_7": 5.746550559997559, "train_loss_ce_8": 4.516811847686768, "train_loss_mask_8": 1.2225964069366455, "train_loss_dice_8": 5.731650352478027, "train_loss_ce_9": 4.419461250305176, "train_loss_mask_9": 1.3011778593063354, "train_loss_dice_9": 5.768668174743652, "train_loss_ce_10": 4.457196235656738, "train_loss_mask_10": 1.3375638723373413, "train_loss_dice_10": 5.779674530029297, "train_loss_ce_11": 4.344424247741699, "train_loss_mask_11": 1.3272786140441895, "train_loss_dice_11": 5.769213676452637, "train_loss_ce_12": 4.3691511154174805, "train_loss_mask_12": 1.4065120220184326, "train_loss_dice_12": 5.7619500160217285, "train_loss_ce_13": 4.536445140838623, "train_loss_mask_13": 1.2978079319000244, "train_loss_dice_13": 5.7522783279418945, "train_loss_ce_14": 4.500190258026123, "train_loss_mask_14": 1.3336379528045654, "train_loss_dice_14": 5.7742462158203125, "train_mean_loss_ce": 4.294513702392578, "train_mean_loss_mask": 1.2691041231155396, "train_mean_loss_dice": 5.745635032653809, "epoch": 0, "_wandb": {"runtime": 379}}