{"lr-AdamW": 4.068564495877087e-06, "trainer/global_step": 2049, "_timestamp": 1692942273.813802, "_runtime": 3311.3373079299927, "_step": 86, "train_loss_ce": 3.0790674686431885, "train_loss_mask": 1.6784018278121948, "train_loss_dice": 5.385074138641357, "train_loss_ce_0": 2.785311460494995, "train_loss_mask_0": 1.7374749183654785, "train_loss_dice_0": 5.42860746383667, "train_loss_ce_1": 3.147268056869507, "train_loss_mask_1": 1.693081259727478, "train_loss_dice_1": 5.419097900390625, "train_loss_ce_2": 2.814311981201172, "train_loss_mask_2": 1.625136375427246, "train_loss_dice_2": 5.378688812255859, "train_loss_ce_3": 2.8122167587280273, "train_loss_mask_3": 1.64863920211792, "train_loss_dice_3": 5.390556335449219, "train_loss_ce_4": 2.8191394805908203, "train_loss_mask_4": 1.643552541732788, "train_loss_dice_4": 5.386519908905029, "train_loss_ce_5": 2.844858169555664, "train_loss_mask_5": 1.658351182937622, "train_loss_dice_5": 5.392475128173828, "train_loss_ce_6": 2.678972005844116, "train_loss_mask_6": 1.5879095792770386, "train_loss_dice_6": 5.373002529144287, "train_loss_ce_7": 2.6066837310791016, "train_loss_mask_7": 1.621749997138977, "train_loss_dice_7": 5.381759166717529, "train_loss_ce_8": 2.7173802852630615, "train_loss_mask_8": 1.7220726013183594, "train_loss_dice_8": 5.393842697143555, "train_loss_ce_9": 2.862654447555542, "train_loss_mask_9": 1.7225760221481323, "train_loss_dice_9": 5.370262622833252, "train_loss_ce_10": 2.7902252674102783, "train_loss_mask_10": 1.6282198429107666, "train_loss_dice_10": 5.351240634918213, "train_loss_ce_11": 2.6975290775299072, "train_loss_mask_11": 1.6843163967132568, "train_loss_dice_11": 5.372164726257324, "train_mean_loss_ce": 2.8196630477905273, "train_mean_loss_mask": 1.6654986143112183, "train_mean_loss_dice": 5.386406898498535, "epoch": 5, "train_loss_mean": 123.98221588134766}