{"lr-AdamW": 1.1511563138528748e-05, "trainer/global_step": 13049, "_timestamp": 1684781044.8537753, "_runtime": 12916.49493932724, "_step": 553, "train_loss_ce": 1.805283546447754, "train_loss_mask": 1.0917308330535889, "train_loss_dice": 4.186880111694336, "train_loss_ce_0": 5.6524224281311035, "train_loss_mask_0": 1.7338377237319946, "train_loss_dice_0": 5.64594841003418, "train_loss_ce_1": 2.087369918823242, "train_loss_mask_1": 1.1659682989120483, "train_loss_dice_1": 4.2951250076293945, "train_loss_ce_2": 1.7442651987075806, "train_loss_mask_2": 1.1512112617492676, "train_loss_dice_2": 4.25196647644043, "train_loss_ce_3": 1.6271754503250122, "train_loss_mask_3": 1.1827833652496338, "train_loss_dice_3": 4.174269676208496, "train_loss_ce_4": 1.662031650543213, "train_loss_mask_4": 1.2154028415679932, "train_loss_dice_4": 4.15916109085083, "train_loss_ce_5": 1.7487034797668457, "train_loss_mask_5": 1.21591317653656, "train_loss_dice_5": 4.288599967956543, "train_loss_ce_6": 1.6033304929733276, "train_loss_mask_6": 1.2072731256484985, "train_loss_dice_6": 4.3592705726623535, "train_loss_ce_7": 2.0137548446655273, "train_loss_mask_7": 1.138589859008789, "train_loss_dice_7": 4.240886211395264, "train_loss_ce_8": 1.651581883430481, "train_loss_mask_8": 1.195143699645996, "train_loss_dice_8": 4.2947998046875, "train_loss_ce_9": 2.083740472793579, "train_loss_mask_9": 1.1962894201278687, "train_loss_dice_9": 4.351367473602295, "train_loss_ce_10": 1.8547828197479248, "train_loss_mask_10": 1.1047412157058716, "train_loss_dice_10": 4.302323818206787, "train_loss_ce_11": 2.006237268447876, "train_loss_mask_11": 1.1083347797393799, "train_loss_dice_11": 4.227590560913086, "train_mean_loss_ce": 2.118513822555542, "train_mean_loss_mask": 1.2082476615905762, "train_mean_loss_dice": 4.367553234100342, "epoch": 32, "train_loss_mean": 101.85173797607422}