{"lr-AdamW": 4.001460356758591e-06, "trainer/global_step": 299, "_timestamp": 1692685865.3140316, "_runtime": 535.7939674854279, "_step": 11, "train_loss_ce": 4.629424095153809, "train_loss_mask": 1.6586544513702393, "train_loss_dice": 5.479729652404785, "train_loss_ce_0": 4.4354143142700195, "train_loss_mask_0": 1.5857841968536377, "train_loss_dice_0": 5.262580871582031, "train_loss_ce_1": 4.793962478637695, "train_loss_mask_1": 1.579791784286499, "train_loss_dice_1": 5.2512712478637695, "train_loss_ce_2": 4.0110392570495605, "train_loss_mask_2": 1.5659016370773315, "train_loss_dice_2": 5.22767448425293, "train_loss_ce_3": 3.738194227218628, "train_loss_mask_3": 1.5903468132019043, "train_loss_dice_3": 5.228219032287598, "train_loss_ce_4": 3.651179313659668, "train_loss_mask_4": 1.5822176933288574, "train_loss_dice_4": 5.279407024383545, "train_loss_ce_5": 3.437798261642456, "train_loss_mask_5": 1.5969271659851074, "train_loss_dice_5": 5.262729644775391, "train_loss_ce_6": 3.449612855911255, "train_loss_mask_6": 1.5881013870239258, "train_loss_dice_6": 5.2788262367248535, "train_loss_ce_7": 3.483283042907715, "train_loss_mask_7": 1.6166831254959106, "train_loss_dice_7": 5.264659404754639, "train_loss_ce_8": 3.6279139518737793, "train_loss_mask_8": 1.6048023700714111, "train_loss_dice_8": 5.306601524353027, "train_loss_ce_9": 3.4899373054504395, "train_loss_mask_9": 1.6279239654541016, "train_loss_dice_9": 5.296207427978516, "train_loss_ce_10": 3.5349948406219482, "train_loss_mask_10": 1.6372771263122559, "train_loss_dice_10": 5.269037246704102, "train_loss_ce_11": 3.6200785636901855, "train_loss_mask_11": 1.6367549896240234, "train_loss_dice_11": 5.2838969230651855, "train_mean_loss_ce": 3.838679313659668, "train_mean_loss_mask": 1.6054743528366089, "train_mean_loss_dice": 5.283910751342773, "epoch": 0, "_wandb": {"runtime": 604}}