{"lr-AdamW": 9.202588616808484e-06, "trainer/global_step": 207899, "_timestamp": 1692515889.5825658, "_runtime": 3122.1585807800293, "_step": 92, "train_loss_ce": 0.0473937913775444, "train_loss_mask": 0.16979874670505524, "train_loss_dice": 0.7767459154129028, "train_loss_ce_0": 1.6724478006362915, "train_loss_mask_0": 0.34494084119796753, "train_loss_dice_0": 1.829747200012207, "train_loss_ce_1": 1.243525743484497, "train_loss_mask_1": 0.31457141041755676, "train_loss_dice_1": 1.7696990966796875, "train_loss_ce_2": 0.4853176474571228, "train_loss_mask_2": 0.3333646357059479, "train_loss_dice_2": 1.5613796710968018, "train_loss_ce_3": 0.32559800148010254, "train_loss_mask_3": 0.24677115678787231, "train_loss_dice_3": 1.3336634635925293, "train_loss_ce_4": 0.1645117998123169, "train_loss_mask_4": 0.19691625237464905, "train_loss_dice_4": 1.047145128250122, "train_loss_ce_5": 0.12145382165908813, "train_loss_mask_5": 0.1848379671573639, "train_loss_dice_5": 0.930469274520874, "train_loss_ce_6": 0.0801108255982399, "train_loss_mask_6": 0.17615428566932678, "train_loss_dice_6": 0.853015661239624, "train_loss_ce_7": 0.06888510286808014, "train_loss_mask_7": 0.181939959526062, "train_loss_dice_7": 0.8715187311172485, "train_loss_ce_8": 0.06413105875253677, "train_loss_mask_8": 0.18654850125312805, "train_loss_dice_8": 0.8812321424484253, "train_loss_ce_9": 0.0637269988656044, "train_loss_mask_9": 0.1856236755847931, "train_loss_dice_9": 0.8541872501373291, "train_loss_ce_10": 0.04201800003647804, "train_loss_mask_10": 0.1714422106742859, "train_loss_dice_10": 0.8240038156509399, "train_loss_ce_11": 0.04001493752002716, "train_loss_mask_11": 0.16700120270252228, "train_loss_dice_11": 0.789934515953064, "train_loss_ce_12": 0.0335429310798645, "train_loss_mask_12": 0.17689591646194458, "train_loss_dice_12": 0.8102558851242065, "train_loss_ce_13": 0.04343879967927933, "train_loss_mask_13": 0.18077856302261353, "train_loss_dice_13": 0.8256673812866211, "train_loss_ce_14": 0.04544607922434807, "train_loss_mask_14": 0.17192620038986206, "train_loss_dice_14": 0.8015737533569336, "train_mean_loss_ce": 0.28384771943092346, "train_mean_loss_mask": 0.21184447407722473, "train_mean_loss_dice": 1.0475149154663086, "epoch": 518, "train_loss_mean": 27.616497039794922}