{"val_mean_box_ap_25": 0.6451508786327815, "val_mean_box_ap_50": 0.5049440669312215, "val_chair_val_box_ap_50": 0.7579588997475415, "val_otherfurniture_val_box_ap_50": 0.4802718233717013, "val_sink_val_box_ap_50": 0.5822929078957662, "val_door_val_box_ap_50": 0.4132324298403645, "val_counter_val_box_ap_50": 0.43599810484415974, "val_cabinet_val_box_ap_50": 0.3509360188754165, "val_table_val_box_ap_50": 0.6100405372007912, "val_window_val_box_ap_50": 0.32818407455212195, "val_refridgerator_val_box_ap_50": 0.4047952355485376, "val_sofa_val_box_ap_50": 0.5265982075492339, "val_bookshelf_val_box_ap_50": 0.3070350406084974, "val_desk_val_box_ap_50": 0.41892502172117685, "val_picture_val_box_ap_50": 0.2605034048460732, "val_bathtub_val_box_ap_50": 0.8564396061794606, "val_shower_curtain_val_box_ap_50": 0.21834029066171923, "val_bed_val_box_ap_50": 0.7028056851156267, "val_toilet_val_box_ap_50": 0.9289037586232802, "val_curtain_val_box_ap_50": 0.5057321575805185, "val_chair_val_box_ap_25": 0.8668916321921383, "val_otherfurniture_val_box_ap_25": 0.5437443768665283, "val_sink_val_box_ap_25": 0.7460387781018869, "val_door_val_box_ap_25": 0.5123393547343565, "val_counter_val_box_ap_25": 0.6793590556570572, "val_cabinet_val_box_ap_25": 0.49102624431670044, "val_table_val_box_ap_25": 0.7091712770675656, "val_window_val_box_ap_25": 0.5050727644524925, "val_refridgerator_val_box_ap_25": 0.5293046295133101, "val_sofa_val_box_ap_25": 0.7484153211863713, "val_bookshelf_val_box_ap_25": 0.3436206927611557, "val_desk_val_box_ap_25": 0.6254556603244061, "val_picture_val_box_ap_25": 0.3152464698486348, "val_bathtub_val_box_ap_25": 0.8564396061794606, "val_shower_curtain_val_box_ap_25": 0.6235049259602832, "val_bed_val_box_ap_25": 0.7905676410651534, "val_toilet_val_box_ap_25": 1.0, "val_curtain_val_box_ap_25": 0.7265173851625667, "val_cabinet_val_ap": 0.3794987201690674, "val_cabinet_val_ap_50": 0.5621899962425232, "val_cabinet_val_ap_25": 0.6769570112228394, "val_bed_val_ap": 0.5023084282875061, "val_bed_val_ap_50": 0.7360382080078125, "val_bed_val_ap_25": 0.7733945846557617, "val_chair_val_ap": 0.7529512047767639, "val_chair_val_ap_50": 0.8935316205024719, "val_chair_val_ap_25": 0.9351478219032288, "val_sofa_val_ap": 0.37589722871780396, "val_sofa_val_ap_50": 0.5466946959495544, "val_sofa_val_ap_25": 0.7903545498847961, "val_table_val_ap": 0.570625364780426, "val_table_val_ap_50": 0.7451110482215881, "val_table_val_ap_25": 0.79973965883255, "val_door_val_ap": 0.48034021258354187, "val_door_val_ap_50": 0.669642448425293, "val_door_val_ap_25": 0.7584364414215088, "val_window_val_ap": 0.34237372875213623, "val_window_val_ap_50": 0.5538398027420044, "val_window_val_ap_25": 0.7208691239356995, "val_bookshelf_val_ap": 0.2890588045120239, "val_bookshelf_val_ap_50": 0.5031113028526306, "val_bookshelf_val_ap_25": 0.6007773876190186, "val_picture_val_ap": 0.39342036843299866, "val_picture_val_ap_50": 0.47780925035476685, "val_picture_val_ap_25": 0.5778975486755371, "val_counter_val_ap": 0.345184862613678, "val_counter_val_ap_50": 0.5763023495674133, "val_counter_val_ap_25": 0.7399258017539978, "val_desk_val_ap": 0.2783685624599457, "val_desk_val_ap_50": 0.49633726477622986, "val_desk_val_ap_25": 0.6647428870201111, "val_curtain_val_ap": 0.4275912046432495, "val_curtain_val_ap_50": 0.6555467844009399, "val_curtain_val_ap_25": 0.8353164792060852, "val_refrigerator_val_ap": 0.4623365104198456, "val_refrigerator_val_ap_50": 0.5508494973182678, "val_refrigerator_val_ap_25": 0.5532392859458923, "val_shower curtain_val_ap": 0.5015688538551331, "val_shower curtain_val_ap_50": 0.7221719622612, "val_shower curtain_val_ap_25": 0.8122705817222595, "val_toilet_val_ap": 0.9489494562149048, "val_toilet_val_ap_50": 1.0, "val_toilet_val_ap_25": 1.0, "val_sink_val_ap": 0.5432098507881165, "val_sink_val_ap_50": 0.7255969643592834, "val_sink_val_ap_25": 0.8941990733146667, "val_bathtub_val_ap": 0.7421690225601196, "val_bathtub_val_ap_50": 0.8709677457809448, "val_bathtub_val_ap_25": 0.8709677457809448, "val_otherfurniture_val_ap": 0.5514503121376038, "val_otherfurniture_val_ap_50": 0.6569616198539734, "val_otherfurniture_val_ap_25": 0.7082014083862305, "val_mean_ap": 0.4937390387058258, "val_mean_ap_50": 0.6634835004806519, "val_mean_ap_25": 0.761802077293396, "val_loss_ce": 0.9565753936767578, "val_loss_mask": 0.17201833426952362, "val_loss_dice": 0.361192911863327, "val_loss_ce_0": 1.0202221870422363, "val_loss_mask_0": 0.1914004683494568, "val_loss_dice_0": 0.5141089558601379, "val_loss_ce_1": 1.0202221870422363, "val_loss_mask_1": 0.1914004683494568, "val_loss_dice_1": 0.5141089558601379, "val_loss_ce_2": 0.9602681398391724, "val_loss_mask_2": 0.1867317110300064, "val_loss_dice_2": 0.477463036775589, "val_loss_ce_3": 0.9251457452774048, "val_loss_mask_3": 0.1779816746711731, "val_loss_dice_3": 0.4349380135536194, "val_loss_ce_4": 0.9372329115867615, "val_loss_mask_4": 0.17538098990917206, "val_loss_dice_4": 0.40910881757736206, "val_loss_ce_5": 0.9394888877868652, "val_loss_mask_5": 0.17099836468696594, "val_loss_dice_5": 0.38182562589645386, "val_loss_ce_6": 0.9512633085250854, "val_loss_mask_6": 0.1719483733177185, "val_loss_dice_6": 0.38035160303115845, "val_loss_ce_7": 0.9430485963821411, "val_loss_mask_7": 0.17286403477191925, "val_loss_dice_7": 0.3780299425125122, "val_loss_ce_8": 0.9466270208358765, "val_loss_mask_8": 0.1757161170244217, "val_loss_dice_8": 0.37610700726509094, "val_loss_ce_9": 0.9474397897720337, "val_loss_mask_9": 0.1707536280155182, "val_loss_dice_9": 0.36555567383766174, "val_loss_ce_10": 0.9501326680183411, "val_loss_mask_10": 0.17347730696201324, "val_loss_dice_10": 0.36655503511428833, "val_loss_ce_11": 0.9299671053886414, "val_loss_mask_11": 0.17468422651290894, "val_loss_dice_11": 0.3677172064781189, "val_mean_loss_ce": 0.9559718370437622, "val_mean_loss_mask": 0.17733505368232727, "val_mean_loss_dice": 0.4097740650177002, "epoch": 0, "trainer/global_step": 0, "_timestamp": 1693458387.5450737, "_runtime": 4461.677808761597, "_step": 0, "_wandb": {"runtime": 4461}}