{"lr-AdamW": 4.041759254446651e-06, "trainer/global_step": 1603, "_timestamp": 1692692455.809946, "_runtime": 2785.9052591323853, "_step": 67, "train_loss_ce": 3.6833689212799072, "train_loss_mask": 1.599811315536499, "train_loss_dice": 4.783544063568115, "train_loss_ce_0": 3.8492228984832764, "train_loss_mask_0": 1.5790241956710815, "train_loss_dice_0": 4.888998508453369, "train_loss_ce_1": 4.489826202392578, "train_loss_mask_1": 1.586929440498352, "train_loss_dice_1": 4.885970592498779, "train_loss_ce_2": 2.4326045513153076, "train_loss_mask_2": 1.6011722087860107, "train_loss_dice_2": 4.802643775939941, "train_loss_ce_3": 2.1755287647247314, "train_loss_mask_3": 1.617263674736023, "train_loss_dice_3": 4.7963409423828125, "train_loss_ce_4": 2.112536668777466, "train_loss_mask_4": 1.6054432392120361, "train_loss_dice_4": 4.801986217498779, "train_loss_ce_5": 2.1530895233154297, "train_loss_mask_5": 1.597806692123413, "train_loss_dice_5": 4.773118495941162, "train_loss_ce_6": 2.2201318740844727, "train_loss_mask_6": 1.601132869720459, "train_loss_dice_6": 4.779151916503906, "train_loss_ce_7": 2.1821179389953613, "train_loss_mask_7": 1.6096915006637573, "train_loss_dice_7": 4.777491569519043, "train_loss_ce_8": 2.073378562927246, "train_loss_mask_8": 1.6075084209442139, "train_loss_dice_8": 4.7913384437561035, "train_loss_ce_9": 2.1465604305267334, "train_loss_mask_9": 1.607994794845581, "train_loss_dice_9": 4.786455154418945, "train_loss_ce_10": 2.3107433319091797, "train_loss_mask_10": 1.5994796752929688, "train_loss_dice_10": 4.791517734527588, "train_loss_ce_11": 2.291576385498047, "train_loss_mask_11": 1.5979948043823242, "train_loss_dice_11": 4.796222686767578, "train_mean_loss_ce": 2.6246681213378906, "train_mean_loss_mask": 1.6008656024932861, "train_mean_loss_dice": 4.804214000701904, "epoch": 3, "train_loss_mean": 120.78329467773438}