{"lr-AdamW": 4.000001603850884e-06, "trainer/global_step": 99, "_timestamp": 1691974918.1598065, "_runtime": 250.9174144268036, "_step": 3, "train_loss_ce": 5.193283557891846, "train_loss_mask": 3.208374500274658, "train_loss_dice": 5.663898468017578, "train_loss_ce_0": 5.631775379180908, "train_loss_mask_0": 2.3693065643310547, "train_loss_dice_0": 5.458012580871582, "train_loss_ce_1": 5.778631687164307, "train_loss_mask_1": 2.3693065643310547, "train_loss_dice_1": 5.458012580871582, "train_loss_ce_2": 5.422087669372559, "train_loss_mask_2": 2.114591121673584, "train_loss_dice_2": 5.389967441558838, "train_loss_ce_3": 5.332167625427246, "train_loss_mask_3": 2.158219575881958, "train_loss_dice_3": 5.43485689163208, "train_loss_ce_4": 5.537496566772461, "train_loss_mask_4": 2.1018354892730713, "train_loss_dice_4": 5.393352508544922, "train_loss_ce_5": 5.050053596496582, "train_loss_mask_5": 2.1284046173095703, "train_loss_dice_5": 5.42348575592041, "train_loss_ce_6": 5.474007606506348, "train_loss_mask_6": 2.3574821949005127, "train_loss_dice_6": 5.522415637969971, "train_loss_ce_7": 5.020802974700928, "train_loss_mask_7": 3.2365827560424805, "train_loss_dice_7": 5.582883358001709, "train_loss_ce_8": 5.001379013061523, "train_loss_mask_8": 3.3587770462036133, "train_loss_dice_8": 5.6018524169921875, "train_loss_ce_9": 5.252109050750732, "train_loss_mask_9": 3.022250175476074, "train_loss_dice_9": 5.619976997375488, "train_loss_ce_10": 4.816495418548584, "train_loss_mask_10": 3.222451686859131, "train_loss_dice_10": 5.6256818771362305, "train_loss_ce_11": 5.190618515014648, "train_loss_mask_11": 3.3061885833740234, "train_loss_dice_11": 5.636661052703857, "train_loss_ce_12": 5.169205665588379, "train_loss_mask_12": 2.8633382320404053, "train_loss_dice_12": 5.647375106811523, "train_loss_ce_13": 5.068593978881836, "train_loss_mask_13": 3.324759006500244, "train_loss_dice_13": 5.666257381439209, "train_loss_ce_14": 5.258985996246338, "train_loss_mask_14": 3.273939847946167, "train_loss_dice_14": 5.670584678649902, "train_mean_loss_ce": 5.262355804443359, "train_mean_loss_mask": 2.7759881019592285, "train_mean_loss_dice": 5.549704551696777, "epoch": 0, "_wandb": {"runtime": 315}}