{"lr-AdamW": 1.042072638533425e-05, "trainer/global_step": 205712, "_timestamp": 1692512511.1971781, "_runtime": 68887.70885014534, "_step": 1807, "train_loss_ce": 0.3095402717590332, "train_loss_mask": 0.23704437911510468, "train_loss_dice": 0.7731690406799316, "train_loss_ce_0": 1.764464020729065, "train_loss_mask_0": 0.5000770688056946, "train_loss_dice_0": 2.2374424934387207, "train_loss_ce_1": 1.5163291692733765, "train_loss_mask_1": 0.4195244610309601, "train_loss_dice_1": 2.0340750217437744, "train_loss_ce_2": 1.046466588973999, "train_loss_mask_2": 0.3344303369522095, "train_loss_dice_2": 1.599543809890747, "train_loss_ce_3": 0.6868200302124023, "train_loss_mask_3": 0.3010743260383606, "train_loss_dice_3": 1.3276028633117676, "train_loss_ce_4": 0.57383793592453, "train_loss_mask_4": 0.26621556282043457, "train_loss_dice_4": 1.100603461265564, "train_loss_ce_5": 0.4992356598377228, "train_loss_mask_5": 0.2310117781162262, "train_loss_dice_5": 0.9715085625648499, "train_loss_ce_6": 0.3741784393787384, "train_loss_mask_6": 0.23805150389671326, "train_loss_dice_6": 0.9070550203323364, "train_loss_ce_7": 0.3636765480041504, "train_loss_mask_7": 0.25362569093704224, "train_loss_dice_7": 0.8785932064056396, "train_loss_ce_8": 0.2845340371131897, "train_loss_mask_8": 0.27230677008628845, "train_loss_dice_8": 0.8886976838111877, "train_loss_ce_9": 0.29578205943107605, "train_loss_mask_9": 0.26498258113861084, "train_loss_dice_9": 0.8654258251190186, "train_loss_ce_10": 0.2797980010509491, "train_loss_mask_10": 0.24913260340690613, "train_loss_dice_10": 0.8474910855293274, "train_loss_ce_11": 0.26134198904037476, "train_loss_mask_11": 0.2390449047088623, "train_loss_dice_11": 0.7996951341629028, "train_loss_ce_12": 0.2763611972332001, "train_loss_mask_12": 0.24651452898979187, "train_loss_dice_12": 0.8048926591873169, "train_loss_ce_13": 0.2657489776611328, "train_loss_mask_13": 0.252087265253067, "train_loss_dice_13": 0.8161285519599915, "train_loss_ce_14": 0.2740631103515625, "train_loss_mask_14": 0.2562181353569031, "train_loss_dice_14": 0.8293650150299072, "train_mean_loss_ce": 0.5670111179351807, "train_mean_loss_mask": 0.2850838601589203, "train_mean_loss_dice": 1.1050806045532227, "epoch": 512, "train_loss_mean": 27.916223526000977, "val_mean_box_ap_25": 0.5450178108701502, "val_mean_box_ap_50": 0.4205473480679458, "val_otherfurniture_val_box_ap_50": 0.3683004239444122, "val_chair_val_box_ap_50": 0.7851078286928301, "val_door_val_box_ap_50": 0.40532451062789404, "val_sink_val_box_ap_50": 0.5300343242681347, "val_table_val_box_ap_50": 0.5251063161646691, "val_counter_val_box_ap_50": 0.20561932574324185, "val_window_val_box_ap_50": 0.20102453950569243, "val_cabinet_val_box_ap_50": 0.22071917134842609, "val_refridgerator_val_box_ap_50": 0.36278528872120985, "val_sofa_val_box_ap_50": 0.5152602506709254, "val_picture_val_box_ap_50": 0.209241877602896, "val_desk_val_box_ap_50": 0.32607439658759974, "val_otherfurniture_val_box_ap_25": 0.4305557342722251, "val_chair_val_box_ap_25": 0.8642570085236654, "val_door_val_box_ap_25": 0.5167060503204495, "val_sink_val_box_ap_25": 0.7632853662779361, "val_table_val_box_ap_25": 0.6116792417421985, "val_counter_val_box_ap_25": 0.3448573575887442, "val_window_val_box_ap_25": 0.37491576139282234, "val_cabinet_val_box_ap_25": 0.34271136188464857, "val_refridgerator_val_box_ap_25": 0.43101202145102474, "val_sofa_val_box_ap_25": 0.7394380661844965, "val_picture_val_box_ap_25": 0.23353640317341415, "val_desk_val_box_ap_25": 0.4817678469640265, "val_cabinet_val_ap": 0.2131788283586502, "val_cabinet_val_ap_50": 0.383739709854126, "val_cabinet_val_ap_25": 0.5062616467475891, "val_bed_val_ap": 0.3917492926120758, "val_bed_val_ap_50": 0.6305340528488159, "val_bed_val_ap_25": 0.6648439764976501, "val_chair_val_ap": 0.7598587274551392, "val_chair_val_ap_50": 0.8885172605514526, "val_chair_val_ap_25": 0.9297172427177429, "val_sofa_val_ap": 0.41272062063217163, "val_sofa_val_ap_50": 0.6048175692558289, "val_sofa_val_ap_25": 0.7761958837509155, "val_table_val_ap": 0.5159664154052734, "val_table_val_ap_50": 0.67673659324646, "val_table_val_ap_25": 0.7675138115882874, "val_door_val_ap": 0.45820337533950806, "val_door_val_ap_50": 0.6400978565216064, "val_door_val_ap_25": 0.7478780746459961, "val_window_val_ap": 0.23061694204807281, "val_window_val_ap_50": 0.4053959548473358, "val_window_val_ap_25": 0.5663897395133972, "val_bookshelf_val_ap": 0.20211048424243927, "val_bookshelf_val_ap_50": 0.3439628481864929, "val_bookshelf_val_ap_25": 0.49183428287506104, "val_picture_val_ap": 0.3647739291191101, "val_picture_val_ap_50": 0.43736591935157776, "val_picture_val_ap_25": 0.530428946018219, "val_counter_val_ap": 0.15803387761116028, "val_counter_val_ap_50": 0.3043087422847748, "val_counter_val_ap_25": 0.4651091396808624, "val_desk_val_ap": 0.1726170778274536, "val_desk_val_ap_50": 0.3441024124622345, "val_desk_val_ap_25": 0.5436848998069763, "val_curtain_val_ap": 0.227008655667305, "val_curtain_val_ap_50": 0.3567216992378235, "val_curtain_val_ap_25": 0.5065630078315735, "val_refrigerator_val_ap": 0.47979503870010376, "val_refrigerator_val_ap_50": 0.6150946617126465, "val_refrigerator_val_ap_25": 0.6373447179794312, "val_shower curtain_val_ap": 0.5572815537452698, "val_shower curtain_val_ap_50": 0.6994203925132751, "val_shower curtain_val_ap_25": 0.7893718481063843, "val_toilet_val_ap": 0.9412460327148438, "val_toilet_val_ap_50": 0.9946227073669434, "val_toilet_val_ap_25": 0.9949287176132202, "val_sink_val_ap": 0.5281350612640381, "val_sink_val_ap_50": 0.6947394609451294, "val_sink_val_ap_25": 0.8798028230667114, "val_bathtub_val_ap": 0.5160182118415833, "val_bathtub_val_ap_50": 0.6558256149291992, "val_bathtub_val_ap_25": 0.7982696294784546, "val_otherfurniture_val_ap": 0.45183977484703064, "val_otherfurniture_val_ap_50": 0.572593629360199, "val_otherfurniture_val_ap_25": 0.6397780776023865, "val_mean_ap": 0.4211752116680145, "val_mean_ap_50": 0.5693665146827698, "val_mean_ap_25": 0.6797731518745422, "val_loss_ce": 2.446096658706665, "val_loss_mask": 0.17885249853134155, "val_loss_dice": 0.3953656554222107, "val_loss_ce_0": 1.7482165098190308, "val_loss_mask_0": 0.2503295838832855, "val_loss_dice_0": 0.7340085506439209, "val_loss_ce_1": 1.7482165098190308, "val_loss_mask_1": 0.2503295838832855, "val_loss_dice_1": 0.7340085506439209, "val_loss_ce_2": 4.441563606262207, "val_loss_mask_2": 0.25278592109680176, "val_loss_dice_2": 0.6685620546340942, "val_loss_ce_3": 2.535414695739746, "val_loss_mask_3": 0.22099889814853668, "val_loss_dice_3": 0.5606196522712708, "val_loss_ce_4": 2.946308135986328, "val_loss_mask_4": 0.1970190405845642, "val_loss_dice_4": 0.49097755551338196, "val_loss_ce_5": 2.656310558319092, "val_loss_mask_5": 0.19031764566898346, "val_loss_dice_5": 0.4566853940486908, "val_loss_ce_6": 2.7739791870117188, "val_loss_mask_6": 0.18714874982833862, "val_loss_dice_6": 0.4310622811317444, "val_loss_ce_7": 2.5987062454223633, "val_loss_mask_7": 0.19465559720993042, "val_loss_dice_7": 0.430114209651947, "val_loss_ce_8": 2.4476940631866455, "val_loss_mask_8": 0.19519682228565216, "val_loss_dice_8": 0.4256984293460846, "val_loss_ce_9": 2.426868200302124, "val_loss_mask_9": 0.19056251645088196, "val_loss_dice_9": 0.4173060655593872, "val_loss_ce_10": 2.3947806358337402, "val_loss_mask_10": 0.18458636105060577, "val_loss_dice_10": 0.4121488630771637, "val_loss_ce_11": 2.559845447540283, "val_loss_mask_11": 0.1821001172065735, "val_loss_dice_11": 0.40617865324020386, "val_loss_ce_12": 2.510277032852173, "val_loss_mask_12": 0.18712776899337769, "val_loss_dice_12": 0.4067143499851227, "val_loss_ce_13": 2.394740581512451, "val_loss_mask_13": 0.18709369003772736, "val_loss_dice_13": 0.40682023763656616, "val_loss_ce_14": 2.4228415489196777, "val_loss_mask_14": 0.1846628338098526, "val_loss_dice_14": 0.40227919816970825, "val_mean_loss_ce": 2.5657413005828857, "val_mean_loss_mask": 0.20211046934127808,