{"lr-AdamW": 8.78480263821982e-06, "trainer/global_step": 172449, "_timestamp": 1692246908.6395261, "_runtime": 70930.98186612129, "_step": 2115, "train_loss_ce": 0.5996555089950562, "train_loss_mask": 0.42908668518066406, "train_loss_dice": 1.5065723657608032, "train_loss_ce_0": 1.8471242189407349, "train_loss_mask_0": 0.6545525789260864, "train_loss_dice_0": 2.738978624343872, "train_loss_ce_1": 1.5450726747512817, "train_loss_mask_1": 0.6178006529808044, "train_loss_dice_1": 2.6417527198791504, "train_loss_ce_2": 0.971925675868988, "train_loss_mask_2": 0.6278215646743774, "train_loss_dice_2": 2.3860585689544678, "train_loss_ce_3": 0.8349367380142212, "train_loss_mask_3": 0.5958788394927979, "train_loss_dice_3": 2.1406848430633545, "train_loss_ce_4": 0.6829396486282349, "train_loss_mask_4": 0.5506199598312378, "train_loss_dice_4": 1.9422221183776855, "train_loss_ce_5": 0.6200805902481079, "train_loss_mask_5": 0.5352386832237244, "train_loss_dice_5": 1.841142177581787, "train_loss_ce_6": 0.6358646750450134, "train_loss_mask_6": 0.510613203048706, "train_loss_dice_6": 1.7133376598358154, "train_loss_ce_7": 0.5857324004173279, "train_loss_mask_7": 0.47272956371307373, "train_loss_dice_7": 1.7121522426605225, "train_loss_ce_8": 0.5576523542404175, "train_loss_mask_8": 0.4596305191516876, "train_loss_dice_8": 1.673288106918335, "train_loss_ce_9": 0.5277758836746216, "train_loss_mask_9": 0.46776556968688965, "train_loss_dice_9": 1.6580733060836792, "train_loss_ce_10": 0.5926998257637024, "train_loss_mask_10": 0.484439492225647, "train_loss_dice_10": 1.606147050857544, "train_loss_ce_11": 0.6104243397712708, "train_loss_mask_11": 0.4597533941268921, "train_loss_dice_11": 1.5297670364379883, "train_loss_ce_12": 0.623806357383728, "train_loss_mask_12": 0.44997429847717285, "train_loss_dice_12": 1.5650008916854858, "train_loss_ce_13": 0.5530800223350525, "train_loss_mask_13": 0.443422794342041, "train_loss_dice_13": 1.5801949501037598, "train_loss_ce_14": 0.5816470384597778, "train_loss_mask_14": 0.43212682008743286, "train_loss_dice_14": 1.5490447282791138, "train_mean_loss_ce": 0.7731510996818542, "train_mean_loss_mask": 0.5119659304618835, "train_mean_loss_dice": 1.8615261316299438, "epoch": 430, "train_loss_mean": 53.18708038330078, "val_mean_box_ap_25": 0.2961674571907087, "val_mean_box_ap_50": 0.18141190911152327, "val_chair_val_box_ap_50": 0.4493844075478822, "val_otherfurniture_val_box_ap_50": 0.1547175114737494, "val_sink_val_box_ap_50": 0.33430828157155046, "val_desk_val_box_ap_50": 0.03818880100263035, "val_counter_val_box_ap_50": 0.11512071605165296, "val_door_val_box_ap_50": 0.08961235199020003, "val_window_val_box_ap_50": 0.02374634707439504, "val_cabinet_val_box_ap_50": 0.07685948081052225, "val_curtain_val_box_ap_50": 0.010375856240301337, "val_shower_curtain_val_box_ap_50": 0.30981847320852174, "val_sofa_val_box_ap_50": 0.18352722842091848, "val_table_val_box_ap_50": 0.21441036826215404, "val_refridgerator_val_box_ap_50": 0.027331001256165752, "val_toilet_val_box_ap_50": 0.5993666773839188, "val_picture_val_box_ap_50": 0.03296891177669815, "val_bathtub_val_box_ap_50": 0.4643635210044747, "val_chair_val_box_ap_25": 0.547168571691666, "val_otherfurniture_val_box_ap_25": 0.20440607566760302, "val_sink_val_box_ap_25": 0.5456903038416748, "val_desk_val_box_ap_25": 0.14294898138458353, "val_counter_val_box_ap_25": 0.2873870361916948, "val_door_val_box_ap_25": 0.14081360227577133, "val_window_val_box_ap_25": 0.0687271455510125, "val_cabinet_val_box_ap_25": 0.12079666868489777, "val_curtain_val_box_ap_25": 0.04156914423435804, "val_shower_curtain_val_box_ap_25": 0.5447344070805646, "val_sofa_val_box_ap_25": 0.46947859663106145, "val_table_val_box_ap_25": 0.304750131999457, "val_refridgerator_val_box_ap_25": 0.12063351190351641, "val_toilet_val_box_ap_25": 0.6835319189777616, "val_picture_val_box_ap_25": 0.03964305426466147, "val_bathtub_val_box_ap_25": 0.5998257760194766, "val_cabinet_val_ap": 0.07214421778917313, "val_cabinet_val_ap_50": 0.13155323266983032, "val_cabinet_val_ap_25": 0.27574294805526733, "val_bed_val_ap": 0.0354297049343586, "val_bed_val_ap_50": 0.16142500936985016, "val_bed_val_ap_25": 0.386964350938797, "val_chair_val_ap": 0.47696635127067566, "val_chair_val_ap_50": 0.6346856951713562, "val_chair_val_ap_25": 0.7236875295639038, "val_sofa_val_ap": 0.16695314645767212, "val_sofa_val_ap_50": 0.347255140542984, "val_sofa_val_ap_25": 0.690706193447113, "val_table_val_ap": 0.2161039113998413, "val_table_val_ap_50": 0.3662742078304291, "val_table_val_ap_25": 0.5273458361625671, "val_door_val_ap": 0.12885282933712006, "val_door_val_ap_50": 0.22815561294555664, "val_door_val_ap_25": 0.3506143093109131, "val_window_val_ap": 0.023592177778482437, "val_window_val_ap_50": 0.057921309024095535, "val_window_val_ap_25": 0.22846713662147522, "val_bookshelf_val_ap": 0.0649578720331192, "val_bookshelf_val_ap_50": 0.1880788952112198, "val_bookshelf_val_ap_25": 0.37805378437042236, "val_picture_val_ap": 0.06783079355955124, "val_picture_val_ap_50": 0.09198080748319626, "val_picture_val_ap_25": 0.14706853032112122, "val_counter_val_ap": 0.04364985227584839, "val_counter_val_ap_50": 0.13927926123142242, "val_counter_val_ap_25": 0.45085617899894714, "val_desk_val_ap": 0.02642858773469925, "val_desk_val_ap_50": 0.07519560307264328, "val_desk_val_ap_25": 0.28976041078567505, "val_curtain_val_ap": 0.002995156217366457, "val_curtain_val_ap_50": 0.011640690267086029, "val_curtain_val_ap_25": 0.13053180277347565, "val_refrigerator_val_ap": 0.07987862080335617, "val_refrigerator_val_ap_50": 0.2230919748544693, "val_refrigerator_val_ap_25": 0.26758047938346863, "val_shower curtain_val_ap": 0.35909849405288696, "val_shower curtain_val_ap_50": 0.5840529203414917, "val_shower curtain_val_ap_25": 0.6769092082977295, "val_toilet_val_ap": 0.6477742791175842, "val_toilet_val_ap_50": 0.7521125078201294, "val_toilet_val_ap_25": 0.8389522433280945, "val_sink_val_ap": 0.30587238073349, "val_sink_val_ap_50": 0.5006558299064636, "val_sink_val_ap_25": 0.6847308874130249, "val_bathtub_val_ap": 0.5924972295761108, "val_bathtub_val_ap_50": 0.7212983965873718, "val_bathtub_val_ap_25": 0.808696448802948, "val_otherfurniture_val_ap": 0.20753255486488342, "val_otherfurniture_val_ap_50": 0.3329141438007355, "val_otherfurniture_val_ap_25": 0.4362517297267914, "val_mean_ap": 0.19547545909881592, "val_mean_ap_50": 0.30819839239120483, "val_mean_ap_25": 0.4607177674770355, "val_loss_ce": 1.9776955842971802, "val_loss_mask": 0.29885655641555786, "val_loss_dice": 0.7649822235107422, "val_loss_ce_0": 2.0292203426361084, "val_loss_mask_0": 0.32154130935668945, "val_loss_dice_0": 0.9890835285186768, "val_loss_ce_1": 2.0292203426361084, "val_loss_mask_1": 0.32154130935668945, "val_loss_dice_1": 0.9890835285186768, "val_loss_ce_2": 2.33536958694458, "val_loss_mask_2": 0.42309385538101196, "val_loss_dice_2": 1.2322081327438354, "val_loss_ce_3": 2.249077081680298, "val_loss_mask_3": 0.32929304242134094, "val_loss_dice_3": 1.0009400844573975, "val_loss_ce_4": 2.203681468963623, "val_loss_mask_4": 0.30188944935798645, "val_loss_dice_4": 0.8976072072982788, "val_loss_ce_5": 2.409074306488037, "val_loss_mask_5": 0.29470375180244446, "val_loss_dice_5": 0.8486437201499939, "val_loss_ce_6": 2.3685057163238525, "val_loss_mask_6": 0.3054104447364807, "val_loss_dice_6": 0.8124550580978394, "val_loss_ce_7": 2.104174852371216, "val_loss_mask_7": 0.29623544216156006, "val_loss_dice_7": 0.8142291307449341, "val_loss_ce_8": 2.104862928390503, "val_loss_mask_8": 0.2998722195625305, "val_loss_dice_8": 0.8029482364654541, "val_loss_ce_9": 1.9963299036026, "val_loss_mask_9": 0.2920851707458496, "val_loss_dice_9": 0.7962182760238647, "val_loss_ce_10": 2.089003562927246, "val_loss_mask_10": 0.2983934283256531, "val_loss_dice_10": 0.796487033367157, "val_loss_ce_11": 2.128047466278076, "val_loss_mask_11": 0.3046083450317383, "val_loss_dice_11": 0.7836670279502869, "val_loss_ce_12": 1.9847135543823242,