{"val_mean_box_ap_25": 0.622263098312842, "val_mean_box_ap_50": 0.5098151573934104, "val_chair_val_box_ap_50": 0.8030954704852821, "val_otherfurniture_val_box_ap_50": 0.49525326541971254, "val_door_val_box_ap_50": 0.49355642497873725, "val_refridgerator_val_box_ap_50": 0.31637396313055716, "val_counter_val_box_ap_50": 0.4683835357886116, "val_cabinet_val_box_ap_50": 0.34408286975995295, "val_window_val_box_ap_50": 0.3198177781639154, "val_sink_val_box_ap_50": 0.5237216907688433, "val_table_val_box_ap_50": 0.6026616795233946, "val_sofa_val_box_ap_50": 0.5141026755917979, "val_bookshelf_val_box_ap_50": 0.3629137779513719, "val_desk_val_box_ap_50": 0.5086375002284395, "val_picture_val_box_ap_50": 0.27898775551066785, "val_bathtub_val_box_ap_50": 0.7907066052227342, "val_toilet_val_box_ap_50": 0.909282153210075, "val_shower_curtain_val_box_ap_50": 0.3499763794406651, "val_bed_val_box_ap_50": 0.6530268132317001, "val_curtain_val_box_ap_50": 0.442092494674931, "val_chair_val_box_ap_25": 0.8772264291048233, "val_otherfurniture_val_box_ap_25": 0.5370533932493171, "val_door_val_box_ap_25": 0.5637132703746601, "val_refridgerator_val_box_ap_25": 0.437378725226491, "val_counter_val_box_ap_25": 0.5529732802585374, "val_cabinet_val_box_ap_25": 0.47136216079507964, "val_window_val_box_ap_25": 0.4939361140522427, "val_sink_val_box_ap_25": 0.7403247773160764, "val_table_val_box_ap_25": 0.675769712814784, "val_sofa_val_box_ap_25": 0.7193536155436054, "val_bookshelf_val_box_ap_25": 0.3923016326838702, "val_desk_val_box_ap_25": 0.7530023148478664, "val_picture_val_box_ap_25": 0.3098383686142727, "val_bathtub_val_box_ap_25": 0.7907066052227342, "val_toilet_val_box_ap_25": 0.9818668252080857, "val_shower_curtain_val_box_ap_25": 0.507711038961039, "val_bed_val_box_ap_25": 0.7912193369603495, "val_curtain_val_box_ap_25": 0.6049981683973208, "val_cabinet_val_ap": 0.3502277731895447, "val_cabinet_val_ap_50": 0.5138943791389465, "val_cabinet_val_ap_25": 0.589874267578125, "val_bed_val_ap": 0.5066950917243958, "val_bed_val_ap_50": 0.7391102313995361, "val_bed_val_ap_25": 0.8024691343307495, "val_chair_val_ap": 0.7762728333473206, "val_chair_val_ap_50": 0.8879064321517944, "val_chair_val_ap_25": 0.9168782830238342, "val_sofa_val_ap": 0.38829660415649414, "val_sofa_val_ap_50": 0.5645846128463745, "val_sofa_val_ap_25": 0.7465724945068359, "val_table_val_ap": 0.5692880153656006, "val_table_val_ap_50": 0.7184438109397888, "val_table_val_ap_25": 0.7680791616439819, "val_door_val_ap": 0.4873564839363098, "val_door_val_ap_50": 0.6114611625671387, "val_door_val_ap_25": 0.6844621896743774, "val_window_val_ap": 0.30863991379737854, "val_window_val_ap_50": 0.48661381006240845, "val_window_val_ap_25": 0.6335822939872742, "val_bookshelf_val_ap": 0.294362872838974, "val_bookshelf_val_ap_50": 0.4667190611362457, "val_bookshelf_val_ap_25": 0.5421557426452637, "val_picture_val_ap": 0.40464773774147034, "val_picture_val_ap_50": 0.4750271439552307, "val_picture_val_ap_25": 0.5021701455116272, "val_counter_val_ap": 0.2690298855304718, "val_counter_val_ap_50": 0.5400297045707703, "val_counter_val_ap_25": 0.5922247767448425, "val_desk_val_ap": 0.3363339900970459, "val_desk_val_ap_50": 0.6285688281059265, "val_desk_val_ap_25": 0.7459024786949158, "val_curtain_val_ap": 0.39512938261032104, "val_curtain_val_ap_50": 0.5321112275123596, "val_curtain_val_ap_25": 0.6444647312164307, "val_refrigerator_val_ap": 0.3563552796840668, "val_refrigerator_val_ap_50": 0.4476720690727234, "val_refrigerator_val_ap_25": 0.49061229825019836, "val_shower curtain_val_ap": 0.4374672770500183, "val_shower curtain_val_ap_50": 0.6245003342628479, "val_shower curtain_val_ap_25": 0.6612302660942078, "val_toilet_val_ap": 0.9320412874221802, "val_toilet_val_ap_50": 0.9649013876914978, "val_toilet_val_ap_25": 0.9818428754806519, "val_sink_val_ap": 0.5045432448387146, "val_sink_val_ap_50": 0.6924614310264587, "val_sink_val_ap_25": 0.8537893295288086, "val_bathtub_val_ap": 0.7109517455101013, "val_bathtub_val_ap_50": 0.8064516186714172, "val_bathtub_val_ap_25": 0.8064516186714172, "val_otherfurniture_val_ap": 0.509312629699707, "val_otherfurniture_val_ap_50": 0.6009589433670044, "val_otherfurniture_val_ap_25": 0.6376997828483582, "val_mean_ap": 0.4742751121520996, "val_mean_ap_50": 0.627856433391571, "val_mean_ap_25": 0.7000256776809692, "val_loss_ce": 1.1722609996795654, "val_loss_mask": 0.1757265329360962, "val_loss_dice": 0.341247022151947, "val_loss_ce_0": 3.806396722793579, "val_loss_mask_0": 0.5979230403900146, "val_loss_dice_0": 1.8764418363571167, "val_loss_ce_1": 1.5585267543792725, "val_loss_mask_1": 0.28476160764694214, "val_loss_dice_1": 0.7377417683601379, "val_loss_ce_2": 1.2426304817199707, "val_loss_mask_2": 0.24450606107711792, "val_loss_dice_2": 0.5238303542137146, "val_loss_ce_3": 1.1245388984680176, "val_loss_mask_3": 0.20633739233016968, "val_loss_dice_3": 0.4421709179878235, "val_loss_ce_4": 1.0620249509811401, "val_loss_mask_4": 0.19168293476104736, "val_loss_dice_4": 0.3985382616519928, "val_loss_ce_5": 1.0496079921722412, "val_loss_mask_5": 0.18623816967010498, "val_loss_dice_5": 0.37293604016304016, "val_loss_ce_6": 1.0507744550704956, "val_loss_mask_6": 0.18374617397785187, "val_loss_dice_6": 0.37268275022506714, "val_loss_ce_7": 1.0258517265319824, "val_loss_mask_7": 0.18185032904148102, "val_loss_dice_7": 0.37085041403770447, "val_loss_ce_8": 1.0607566833496094, "val_loss_mask_8": 0.1773081123828888, "val_loss_dice_8": 0.36357077956199646, "val_loss_ce_9": 1.0577484369277954, "val_loss_mask_9": 0.17403970658779144, "val_loss_dice_9": 0.3551251292228699, "val_loss_ce_10": 1.1367379426956177, "val_loss_mask_10": 0.17195700109004974, "val_loss_dice_10": 0.34599748253822327, "val_loss_ce_11": 1.1142933368682861, "val_loss_mask_11": 0.17470762133598328, "val_loss_dice_11": 0.3474196195602417, "val_loss_ce_12": 1.0800673961639404, "val_loss_mask_12": 0.17497149109840393, "val_loss_dice_12": 0.3494437336921692, "val_loss_ce_13": 1.0883772373199463, "val_loss_mask_13": 0.1759060174226761, "val_loss_dice_13": 0.3492033779621124, "val_loss_ce_14": 1.109316110610962, "val_loss_mask_14": 0.17252644896507263, "val_loss_dice_14": 0.3457404673099518, "val_mean_loss_ce": 1.2962443828582764, "val_mean_loss_mask": 0.21713678538799286, "val_mean_loss_dice": 0.49330875277519226, "epoch": 0, "trainer/global_step": 0, "_timestamp": 1687686054.4861026, "_runtime": 3483.4993965625763, "_step": 0, "_wandb": {"runtime": 3482}}