{"val_mean_box_ap_25": 0.6319712763181695, "val_mean_box_ap_50": 0.5104686897561834, "val_chair_val_box_ap_50": 0.8181928161341224, "val_otherfurniture_val_box_ap_50": 0.4767812500420882, "val_sink_val_box_ap_50": 0.5691875771232786, "val_door_val_box_ap_50": 0.410891265392037, "val_cabinet_val_box_ap_50": 0.3836662703726156, "val_table_val_box_ap_50": 0.6055768148075515, "val_counter_val_box_ap_50": 0.38437066265446096, "val_window_val_box_ap_50": 0.2887453387965532, "val_refridgerator_val_box_ap_50": 0.38728690771425467, "val_sofa_val_box_ap_50": 0.5529883518735937, "val_bookshelf_val_box_ap_50": 0.3987718843246198, "val_desk_val_box_ap_50": 0.4498582216456657, "val_picture_val_box_ap_50": 0.26656331264732824, "val_bathtub_val_box_ap_50": 0.8126684577448585, "val_shower_curtain_val_box_ap_50": 0.4351216244073387, "val_curtain_val_box_ap_50": 0.49594171649298985, "val_bed_val_box_ap_50": 0.6043477501452267, "val_toilet_val_box_ap_50": 0.8474761932927192, "val_chair_val_box_ap_25": 0.8852404892361878, "val_otherfurniture_val_box_ap_25": 0.5349820581707588, "val_sink_val_box_ap_25": 0.7281253462274481, "val_door_val_box_ap_25": 0.5119055257678051, "val_cabinet_val_box_ap_25": 0.5321245249454372, "val_table_val_box_ap_25": 0.6872118658537174, "val_counter_val_box_ap_25": 0.6309871250408963, "val_window_val_box_ap_25": 0.4611089393448461, "val_refridgerator_val_box_ap_25": 0.5269171179544281, "val_sofa_val_box_ap_25": 0.7409768853150657, "val_bookshelf_val_box_ap_25": 0.4289463086593343, "val_desk_val_box_ap_25": 0.6816943820052235, "val_picture_val_box_ap_25": 0.3032825835147303, "val_bathtub_val_box_ap_25": 0.8126684577448585, "val_shower_curtain_val_box_ap_25": 0.6363206898921184, "val_curtain_val_box_ap_25": 0.5755178698408216, "val_bed_val_box_ap_25": 0.7491969421444082, "val_toilet_val_box_ap_25": 0.9482758620689655, "val_cabinet_val_ap": 0.36115115880966187, "val_cabinet_val_ap_50": 0.5253467559814453, "val_cabinet_val_ap_25": 0.6506747603416443, "val_bed_val_ap": 0.46824726462364197, "val_bed_val_ap_50": 0.7379035353660583, "val_bed_val_ap_25": 0.7634207606315613, "val_chair_val_ap": 0.7825092077255249, "val_chair_val_ap_50": 0.8978216648101807, "val_chair_val_ap_25": 0.9131283760070801, "val_sofa_val_ap": 0.4463382959365845, "val_sofa_val_ap_50": 0.6163473725318909, "val_sofa_val_ap_25": 0.7837496399879456, "val_table_val_ap": 0.5690953135490417, "val_table_val_ap_50": 0.7236220240592957, "val_table_val_ap_25": 0.7713388800621033, "val_door_val_ap": 0.4371415078639984, "val_door_val_ap_50": 0.567033052444458, "val_door_val_ap_25": 0.6702307462692261, "val_window_val_ap": 0.28861191868782043, "val_window_val_ap_50": 0.430608332157135, "val_window_val_ap_25": 0.5614339709281921, "val_bookshelf_val_ap": 0.33268776535987854, "val_bookshelf_val_ap_50": 0.5312342643737793, "val_bookshelf_val_ap_25": 0.6012308597564697, "val_picture_val_ap": 0.4076879024505615, "val_picture_val_ap_50": 0.4772094786167145, "val_picture_val_ap_25": 0.4928547143936157, "val_counter_val_ap": 0.2896465063095093, "val_counter_val_ap_50": 0.5435502529144287, "val_counter_val_ap_25": 0.631865918636322, "val_desk_val_ap": 0.3034573793411255, "val_desk_val_ap_50": 0.5567964315414429, "val_desk_val_ap_25": 0.7092819213867188, "val_curtain_val_ap": 0.3303426504135132, "val_curtain_val_ap_50": 0.5077037215232849, "val_curtain_val_ap_25": 0.596603274345398, "val_refrigerator_val_ap": 0.46214979887008667, "val_refrigerator_val_ap_50": 0.5628936886787415, "val_refrigerator_val_ap_25": 0.6140350699424744, "val_shower curtain_val_ap": 0.48024529218673706, "val_shower curtain_val_ap_50": 0.6093703508377075, "val_shower curtain_val_ap_25": 0.6926391124725342, "val_toilet_val_ap": 0.8790518641471863, "val_toilet_val_ap_50": 0.9482758641242981, "val_toilet_val_ap_25": 0.9482758641242981, "val_sink_val_ap": 0.5178970694541931, "val_sink_val_ap_50": 0.6854700446128845, "val_sink_val_ap_25": 0.8640826940536499, "val_bathtub_val_ap": 0.6962999105453491, "val_bathtub_val_ap_50": 0.8374919295310974, "val_bathtub_val_ap_25": 0.8374919295310974, "val_otherfurniture_val_ap": 0.5063264966011047, "val_otherfurniture_val_ap_50": 0.6031153798103333, "val_otherfurniture_val_ap_25": 0.6407206058502197, "val_mean_ap": 0.47549372911453247, "val_mean_ap_50": 0.6312108039855957, "val_mean_ap_25": 0.7079477310180664, "val_loss_ce": 1.034324288368225, "val_loss_mask": 0.1659834384918213, "val_loss_dice": 0.3520042300224304, "val_loss_ce_0": 1.4909021854400635, "val_loss_mask_0": 0.21602082252502441, "val_loss_dice_0": 0.5987240076065063, "val_loss_ce_1": 1.4909021854400635, "val_loss_mask_1": 0.21602082252502441, "val_loss_dice_1": 0.5987240076065063, "val_loss_ce_2": 1.0578744411468506, "val_loss_mask_2": 0.1981995701789856, "val_loss_dice_2": 0.5429163575172424, "val_loss_ce_3": 0.9408056735992432, "val_loss_mask_3": 0.18630164861679077, "val_loss_dice_3": 0.4795842468738556, "val_loss_ce_4": 0.8992159962654114, "val_loss_mask_4": 0.17487969994544983, "val_loss_dice_4": 0.42779427766799927, "val_loss_ce_5": 0.8786052465438843, "val_loss_mask_5": 0.17015686631202698, "val_loss_dice_5": 0.39930260181427, "val_loss_ce_6": 0.9628663063049316, "val_loss_mask_6": 0.16894522309303284, "val_loss_dice_6": 0.3776254951953888, "val_loss_ce_7": 0.9681980609893799, "val_loss_mask_7": 0.16829439997673035, "val_loss_dice_7": 0.3767676055431366, "val_loss_ce_8": 0.9539728760719299, "val_loss_mask_8": 0.17013390362262726, "val_loss_dice_8": 0.3771224319934845, "val_loss_ce_9": 0.9191576838493347, "val_loss_mask_9": 0.17077621817588806, "val_loss_dice_9": 0.37067702412605286, "val_loss_ce_10": 0.930718183517456, "val_loss_mask_10": 0.17012646794319153, "val_loss_dice_10": 0.3664979040622711, "val_loss_ce_11": 1.0109905004501343, "val_loss_mask_11": 0.1708492934703827, "val_loss_dice_11": 0.35921400785446167, "val_loss_ce_12": 1.0033608675003052, "val_loss_mask_12": 0.16999304294586182, "val_loss_dice_12": 0.36031585931777954, "val_loss_ce_13": 0.9865047335624695, "val_loss_mask_13": 0.16900159418582916, "val_loss_dice_13": 0.361175000667572, "val_loss_ce_14": 0.9526337385177612, "val_loss_mask_14": 0.16497677564620972, "val_loss_dice_14": 0.3588080108165741, "val_mean_loss_ce": 1.030064582824707, "val_mean_loss_mask": 0.1781662404537201, "val_mean_loss_dice": 0.4192033112049103, "epoch": 0, "trainer/global_step": 0, "_timestamp": 1691355850.258102, "_runtime": 3839.490166902542, "_step": 0, "_wandb": {"runtime": 3839}}