{"lr-AdamW": 9.993682521330275e-05, "trainer/global_step": 74999, "_timestamp": 1691974294.5529773, "_runtime": 704.4332683086395, "_step": 18, "train_loss_ce": 0.10420972853899002, "train_loss_mask": 0.4262015223503113, "train_loss_dice": 1.3375990390777588, "train_loss_ce_0": 1.3758831024169922, "train_loss_mask_0": 0.6452553272247314, "train_loss_dice_0": 2.220931053161621, "train_loss_ce_1": 1.171341061592102, "train_loss_mask_1": 0.63820481300354, "train_loss_dice_1": 2.195647716522217, "train_loss_ce_2": 0.5619953870773315, "train_loss_mask_2": 0.6217247247695923, "train_loss_dice_2": 1.9707510471343994, "train_loss_ce_3": 0.3194934129714966, "train_loss_mask_3": 0.5232245326042175, "train_loss_dice_3": 1.7212706804275513, "train_loss_ce_4": 0.20278511941432953, "train_loss_mask_4": 0.4714319705963135, "train_loss_dice_4": 1.520946741104126, "train_loss_ce_5": 0.15476857125759125, "train_loss_mask_5": 0.4574379026889801, "train_loss_dice_5": 1.4912397861480713, "train_loss_ce_6": 0.13298213481903076, "train_loss_mask_6": 0.4374619126319885, "train_loss_dice_6": 1.4166038036346436, "train_loss_ce_7": 0.11566092818975449, "train_loss_mask_7": 0.45799219608306885, "train_loss_dice_7": 1.4315414428710938, "train_loss_ce_8": 0.09036692976951599, "train_loss_mask_8": 0.4597681760787964, "train_loss_dice_8": 1.4236143827438354, "train_loss_ce_9": 0.07786422222852707, "train_loss_mask_9": 0.45184972882270813, "train_loss_dice_9": 1.4133234024047852, "train_loss_ce_10": 0.1551433950662613, "train_loss_mask_10": 0.4109881818294525, "train_loss_dice_10": 1.3908904790878296, "train_loss_ce_11": 0.06749017536640167, "train_loss_mask_11": 0.4429415464401245, "train_loss_dice_11": 1.423080563545227, "train_loss_ce_12": 0.06822709739208221, "train_loss_mask_12": 0.4493406414985657, "train_loss_dice_12": 1.4250905513763428, "train_loss_ce_13": 0.06484322249889374, "train_loss_mask_13": 0.46545159816741943, "train_loss_dice_13": 1.4359925985336304, "train_loss_ce_14": 0.13405272364616394, "train_loss_mask_14": 0.40647608041763306, "train_loss_dice_14": 1.3382319211959839, "train_mean_loss_ce": 0.2998192012310028, "train_mean_loss_mask": 0.48535943031311035, "train_mean_loss_dice": 1.572297215461731, "epoch": 187, "train_loss_mean": 38.580223083496094, "_wandb": {"runtime": 764}}