{"lr-AdamW": 4.0003626525874736e-06, "trainer/global_step": 149, "_timestamp": 1692689536.0691407, "_runtime": 315.36340165138245, "_step": 5, "train_loss_ce": 5.0467753410339355, "train_loss_mask": 1.328490972518921, "train_loss_dice": 5.751160144805908, "train_loss_ce_0": 4.278415679931641, "train_loss_mask_0": 1.3205115795135498, "train_loss_dice_0": 5.718955039978027, "train_loss_ce_1": 4.7161784172058105, "train_loss_mask_1": 1.3168705701828003, "train_loss_dice_1": 5.718109130859375, "train_loss_ce_2": 3.7272136211395264, "train_loss_mask_2": 1.248133897781372, "train_loss_dice_2": 5.692104816436768, "train_loss_ce_3": 3.748347520828247, "train_loss_mask_3": 1.2354332208633423, "train_loss_dice_3": 5.686343669891357, "train_loss_ce_4": 3.582625389099121, "train_loss_mask_4": 1.2368096113204956, "train_loss_dice_4": 5.670658588409424, "train_loss_ce_5": 3.787167549133301, "train_loss_mask_5": 1.233557939529419, "train_loss_dice_5": 5.660534858703613, "train_loss_ce_6": 3.739586591720581, "train_loss_mask_6": 1.2453835010528564, "train_loss_dice_6": 5.694282531738281, "train_loss_ce_7": 3.988823413848877, "train_loss_mask_7": 1.2593363523483276, "train_loss_dice_7": 5.716797828674316, "train_loss_ce_8": 3.9715583324432373, "train_loss_mask_8": 1.2754076719284058, "train_loss_dice_8": 5.718423843383789, "train_loss_ce_9": 4.063107013702393, "train_loss_mask_9": 1.2872276306152344, "train_loss_dice_9": 5.725833892822266, "train_loss_ce_10": 3.9265365600585938, "train_loss_mask_10": 1.3054146766662598, "train_loss_dice_10": 5.741518497467041, "train_loss_ce_11": 4.199036598205566, "train_loss_mask_11": 1.3657734394073486, "train_loss_dice_11": 5.757664203643799, "train_mean_loss_ce": 4.0596442222595215, "train_mean_loss_mask": 1.2814116477966309, "train_mean_loss_dice": 5.711721897125244, "epoch": 0}