{"val_mean_box_ap_25": 0.6087708550254589, "val_mean_box_ap_50": 0.4802101376225184, "val_chair_val_box_ap_50": 0.7319757469234127, "val_otherfurniture_val_box_ap_50": 0.4528624456502779, "val_sink_val_box_ap_50": 0.5905616348959729, "val_door_val_box_ap_50": 0.40397757691604635, "val_counter_val_box_ap_50": 0.4207998954873955, "val_cabinet_val_box_ap_50": 0.34412666931029334, "val_refridgerator_val_box_ap_50": 0.35335011505371616, "val_table_val_box_ap_50": 0.5699066408831432, "val_window_val_box_ap_50": 0.2925224264871119, "val_sofa_val_box_ap_50": 0.4790855368315205, "val_bookshelf_val_box_ap_50": 0.262969584298605, "val_desk_val_box_ap_50": 0.38811504855053075, "val_picture_val_box_ap_50": 0.23332529257101484, "val_bathtub_val_box_ap_50": 0.8556366977801422, "val_shower_curtain_val_box_ap_50": 0.1967058562555457, "val_bed_val_box_ap_50": 0.6899313037524835, "val_curtain_val_box_ap_50": 0.46605657445757676, "val_toilet_val_box_ap_50": 0.9118734311005415, "val_chair_val_box_ap_25": 0.8400639442993477, "val_otherfurniture_val_box_ap_25": 0.505606253070309, "val_sink_val_box_ap_25": 0.7442173725517902, "val_door_val_box_ap_25": 0.49313876438859694, "val_counter_val_box_ap_25": 0.6464510005320704, "val_cabinet_val_box_ap_25": 0.46463881255078787, "val_refridgerator_val_box_ap_25": 0.4735207193611267, "val_table_val_box_ap_25": 0.656511661092201, "val_window_val_box_ap_25": 0.4574739802987777, "val_sofa_val_box_ap_25": 0.7239965294397773, "val_bookshelf_val_box_ap_25": 0.3067305390401764, "val_desk_val_box_ap_25": 0.565881423528122, "val_picture_val_box_ap_25": 0.2969455780490131, "val_bathtub_val_box_ap_25": 0.8556366977801422, "val_shower_curtain_val_box_ap_25": 0.48294143744454304, "val_bed_val_box_ap_25": 0.7899189247449837, "val_curtain_val_box_ap_25": 0.6723349270784118, "val_toilet_val_box_ap_25": 0.9818668252080857, "val_cabinet_val_ap": 0.3615739941596985, "val_cabinet_val_ap_50": 0.5317881107330322, "val_cabinet_val_ap_25": 0.6285030841827393, "val_bed_val_ap": 0.512242317199707, "val_bed_val_ap_50": 0.7577356696128845, "val_bed_val_ap_25": 0.784233033657074, "val_chair_val_ap": 0.7369401454925537, "val_chair_val_ap_50": 0.8745632767677307, "val_chair_val_ap_25": 0.9027793407440186, "val_sofa_val_ap": 0.3597463071346283, "val_sofa_val_ap_50": 0.5206242799758911, "val_sofa_val_ap_25": 0.7732637524604797, "val_table_val_ap": 0.5437455177307129, "val_table_val_ap_50": 0.6989304423332214, "val_table_val_ap_25": 0.7421326637268066, "val_door_val_ap": 0.4638390839099884, "val_door_val_ap_50": 0.63248610496521, "val_door_val_ap_25": 0.7084847688674927, "val_window_val_ap": 0.3099912106990814, "val_window_val_ap_50": 0.4952229857444763, "val_window_val_ap_25": 0.63045334815979, "val_bookshelf_val_ap": 0.2692679762840271, "val_bookshelf_val_ap_50": 0.43070295453071594, "val_bookshelf_val_ap_25": 0.5228648781776428, "val_picture_val_ap": 0.3524121642112732, "val_picture_val_ap_50": 0.43620333075523376, "val_picture_val_ap_25": 0.5196890234947205, "val_counter_val_ap": 0.33454668521881104, "val_counter_val_ap_50": 0.553619921207428, "val_counter_val_ap_25": 0.6917824745178223, "val_desk_val_ap": 0.245756596326828, "val_desk_val_ap_50": 0.4388901889324188, "val_desk_val_ap_25": 0.5888256430625916, "val_curtain_val_ap": 0.38373327255249023, "val_curtain_val_ap_50": 0.64369136095047, "val_curtain_val_ap_25": 0.7669035196304321, "val_refrigerator_val_ap": 0.4114893078804016, "val_refrigerator_val_ap_50": 0.4895019829273224, "val_refrigerator_val_ap_25": 0.4895019829273224, "val_shower curtain_val_ap": 0.4391144812107086, "val_shower curtain_val_ap_50": 0.6488993167877197, "val_shower curtain_val_ap_25": 0.7753598690032959, "val_toilet_val_ap": 0.9433504343032837, "val_toilet_val_ap_50": 1.0, "val_toilet_val_ap_25": 1.0, "val_sink_val_ap": 0.5510010719299316, "val_sink_val_ap_50": 0.7258968353271484, "val_sink_val_ap_25": 0.8934836387634277, "val_bathtub_val_ap": 0.7468191385269165, "val_bathtub_val_ap_50": 0.8709677457809448, "val_bathtub_val_ap_25": 0.8709677457809448, "val_otherfurniture_val_ap": 0.5252310037612915, "val_otherfurniture_val_ap_50": 0.6199230551719666, "val_otherfurniture_val_ap_25": 0.6595496535301208, "val_mean_ap": 0.4717111587524414, "val_mean_ap_50": 0.6316471099853516, "val_mean_ap_25": 0.7193765640258789, "val_loss_ce": 0.8040724992752075, "val_loss_mask": 0.16430407762527466, "val_loss_dice": 0.3487241864204407, "val_loss_ce_0": 0.8771654367446899, "val_loss_mask_0": 0.18113625049591064, "val_loss_dice_0": 0.4943573474884033, "val_loss_ce_1": 0.8771654367446899, "val_loss_mask_1": 0.18113625049591064, "val_loss_dice_1": 0.4943573474884033, "val_loss_ce_2": 0.8399831652641296, "val_loss_mask_2": 0.17877943813800812, "val_loss_dice_2": 0.45963314175605774, "val_loss_ce_3": 0.812414824962616, "val_loss_mask_3": 0.16877800226211548, "val_loss_dice_3": 0.417888343334198, "val_loss_ce_4": 0.8081626296043396, "val_loss_mask_4": 0.16753219068050385, "val_loss_dice_4": 0.39150652289390564, "val_loss_ce_5": 0.7986727356910706, "val_loss_mask_5": 0.16549047827720642, "val_loss_dice_5": 0.36538469791412354, "val_loss_ce_6": 0.8182284832000732, "val_loss_mask_6": 0.16496646404266357, "val_loss_dice_6": 0.3655593693256378, "val_loss_ce_7": 0.8036535978317261, "val_loss_mask_7": 0.1657578945159912, "val_loss_dice_7": 0.36387982964515686, "val_loss_ce_8": 0.8054552674293518, "val_loss_mask_8": 0.16719307005405426, "val_loss_dice_8": 0.3635917603969574, "val_loss_ce_9": 0.8036962151527405, "val_loss_mask_9": 0.1655002236366272, "val_loss_dice_9": 0.3521524965763092, "val_loss_ce_10": 0.8230507373809814, "val_loss_mask_10": 0.16439487040042877, "val_loss_dice_10": 0.3532992899417877, "val_loss_ce_11": 0.7998697757720947, "val_loss_mask_11": 0.165314719080925, "val_loss_dice_11": 0.35614514350891113, "val_mean_loss_ce": 0.8208916187286377, "val_mean_loss_mask": 0.16925260424613953, "val_mean_loss_dice": 0.3943445682525635, "epoch": 0, "trainer/global_step": 0, "_timestamp": 1693373306.28575, "_runtime": 4935.2806668281555, "_step": 0, "_wandb": {"runtime": 4934}}