{"lr-AdamW": 4.000086697024714e-10, "trainer/global_step": 241000, "_timestamp": 1685384922.2605376, "_runtime": 252104.29219770432, "_step": 10252, "train_loss_ce": 0.08890534192323685, "train_loss_mask": 0.18127946555614471, "train_loss_dice": 0.7182333469390869, "train_loss_ce_0": 4.771459102630615, "train_loss_mask_0": 1.5924365520477295, "train_loss_dice_0": 5.680119514465332, "train_loss_ce_1": 0.5254866480827332, "train_loss_mask_1": 0.3395417034626007, "train_loss_dice_1": 1.4684302806854248, "train_loss_ce_2": 0.3313841223716736, "train_loss_mask_2": 0.23224510252475739, "train_loss_dice_2": 1.142471432685852, "train_loss_ce_3": 0.16945627331733704, "train_loss_mask_3": 0.20750150084495544, "train_loss_dice_3": 0.9711406826972961, "train_loss_ce_4": 0.1583716869354248, "train_loss_mask_4": 0.1840471625328064, "train_loss_dice_4": 0.8181344270706177, "train_loss_ce_5": 0.16340486705303192, "train_loss_mask_5": 0.18220356106758118, "train_loss_dice_5": 0.8194196820259094, "train_loss_ce_6": 0.10348370671272278, "train_loss_mask_6": 0.19230090081691742, "train_loss_dice_6": 0.8238670825958252, "train_loss_ce_7": 0.10869025439023972, "train_loss_mask_7": 0.17076095938682556, "train_loss_dice_7": 0.7520420551300049, "train_loss_ce_8": 0.08665572106838226, "train_loss_mask_8": 0.17391324043273926, "train_loss_dice_8": 0.7175704836845398, "train_loss_ce_9": 0.08799006044864655, "train_loss_mask_9": 0.17392598092556, "train_loss_dice_9": 0.7094805836677551, "train_loss_ce_10": 0.09556923806667328, "train_loss_mask_10": 0.1806020885705948, "train_loss_dice_10": 0.7401037216186523, "train_loss_ce_11": 0.09133774042129517, "train_loss_mask_11": 0.17810481786727905, "train_loss_dice_11": 0.7455127239227295, "train_mean_loss_ce": 0.52170729637146, "train_mean_loss_mask": 0.3068356215953827, "train_mean_loss_dice": 1.2389634847640991, "epoch": 600, "train_loss_mean": 24.041961669921875, "val_mean_box_ap_25": 0.6838518883174481, "val_mean_box_ap_50": 0.5492989447693053, "val_cabinet_val_box_ap_50": 0.42579365704829797, "val_table_val_box_ap_50": 0.6554351575783661, "val_chair_val_box_ap_50": 0.835640273361638, "val_otherfurniture_val_box_ap_50": 0.507295445042369, "val_refridgerator_val_box_ap_50": 0.46762460708751336, "val_window_val_box_ap_50": 0.34691733132445035, "val_counter_val_box_ap_50": 0.4060246138870576, "val_sink_val_box_ap_50": 0.5863242068758311, "val_door_val_box_ap_50": 0.47840413883818916, "val_cabinet_val_box_ap_25": 0.5692874867593957, "val_table_val_box_ap_25": 0.7487908733530064, "val_chair_val_box_ap_25": 0.9072000914324316, "val_otherfurniture_val_box_ap_25": 0.5854852549763229, "val_refridgerator_val_box_ap_25": 0.6026783518439988, "val_window_val_box_ap_25": 0.5490728338977366, "val_counter_val_box_ap_25": 0.651459039415415, "val_sink_val_box_ap_25": 0.7420656247733515, "val_door_val_box_ap_25": 0.6028236394794959, "val_cabinet_val_ap": 0.427712082862854, "val_cabinet_val_ap_50": 0.6101754307746887, "val_cabinet_val_ap_25": 0.7530199885368347, "val_bed_val_ap": 0.5511879324913025, "val_bed_val_ap_50": 0.7602910995483398, "val_bed_val_ap_25": 0.8276377320289612, "val_chair_val_ap": 0.803576648235321, "val_chair_val_ap_50": 0.9292870163917542, "val_chair_val_ap_25": 0.9575526714324951, "val_sofa_val_ap": 0.4662725627422333, "val_sofa_val_ap_50": 0.6741560101509094, "val_sofa_val_ap_25": 0.8342958092689514, "val_table_val_ap": 0.6380686163902283, "val_table_val_ap_50": 0.8107765316963196, "val_table_val_ap_25": 0.8670397400856018, "val_door_val_ap": 0.517301619052887, "val_door_val_ap_50": 0.7047819495201111, "val_door_val_ap_25": 0.8128295540809631, "val_window_val_ap": 0.3785342276096344, "val_window_val_ap_50": 0.5997724533081055, "val_window_val_ap_25": 0.7746773362159729, "val_bookshelf_val_ap": 0.29715919494628906, "val_bookshelf_val_ap_50": 0.48214489221572876, "val_bookshelf_val_ap_25": 0.6187882423400879, "val_picture_val_ap": 0.48084530234336853, "val_picture_val_ap_50": 0.5908542275428772, "val_picture_val_ap_25": 0.6717687249183655, "val_counter_val_ap": 0.2611251771450043, "val_counter_val_ap_50": 0.5872219800949097, "val_counter_val_ap_25": 0.6913373470306396, "val_desk_val_ap": 0.3656376898288727, "val_desk_val_ap_50": 0.626538097858429, "val_desk_val_ap_25": 0.8040217161178589, "val_curtain_val_ap": 0.4181026518344879, "val_curtain_val_ap_50": 0.6510851383209229, "val_curtain_val_ap_25": 0.7893999814987183, "val_refrigerator_val_ap": 0.5557023286819458, "val_refrigerator_val_ap_50": 0.7265627980232239, "val_refrigerator_val_ap_25": 0.7360048294067383, "val_shower curtain_val_ap": 0.5912600159645081, "val_shower curtain_val_ap_50": 0.7746270895004272, "val_shower curtain_val_ap_25": 0.8485941886901855, "val_toilet_val_ap": 0.9779768586158752, "val_toilet_val_ap_50": 0.9994204044342041, "val_toilet_val_ap_25": 0.9994204044342041, "val_sink_val_ap": 0.5257025361061096, "val_sink_val_ap_50": 0.7203671336174011, "val_sink_val_ap_25": 0.8827449679374695, "val_bathtub_val_ap": 0.7666013240814209, "val_bathtub_val_ap_50": 0.8709677457809448, "val_bathtub_val_ap_25": 0.9032257795333862, "val_otherfurniture_val_ap": 0.562801718711853, "val_otherfurniture_val_ap_50": 0.7070100903511047, "val_otherfurniture_val_ap_25": 0.7731910943984985, "val_mean_ap": 0.5325315594673157, "val_mean_ap_50": 0.7125577926635742, "val_mean_ap_25": 0.808086097240448, "val_loss_ce": 1.455196499824524, "val_loss_mask": 0.19597266614437103, "val_loss_dice": 0.3595001697540283, "val_loss_ce_0": 4.260061740875244, "val_loss_mask_0": 0.5964296460151672, "val_loss_dice_0": 1.8743492364883423, "val_loss_ce_1": 1.195802927017212, "val_loss_mask_1": 0.23970450460910797, "val_loss_dice_1": 0.6042004823684692, "val_loss_ce_2": 1.1901215314865112, "val_loss_mask_2": 0.20317624509334564, "val_loss_dice_2": 0.4668806493282318, "val_loss_ce_3": 1.282631278038025, "val_loss_mask_3": 0.20243066549301147, "val_loss_dice_3": 0.4102835953235626, "val_loss_ce_4": 1.2883906364440918, "val_loss_mask_4": 0.1951533406972885, "val_loss_dice_4": 0.3824900686740875, "val_loss_ce_5": 1.332084059715271, "val_loss_mask_5": 0.20153598487377167, "val_loss_dice_5": 0.38083696365356445, "val_loss_ce_6": 1.3517231941223145, "val_loss_mask_6": 0.19895288348197937, "val_loss_dice_6": 0.3812706470489502, "val_loss_ce_7": 1.3742473125457764, "val_loss_mask_7": 0.1953163594007492, "val_loss_dice_7": 0.37417298555374146, "val_loss_ce_8": 1.4165160655975342, "val_loss_mask_8": 0.1953592747449875, "val_loss_dice_8": 0.364111065864563, "val_loss_ce_9": 1.4552767276763916, "val_loss_mask_9": 0.19804711639881134, "val_loss_dice_9": 0.36502721905708313, "val_loss_ce_10": 1.4254356622695923, "val_loss_mask_10": 0.195961132645607, "val_loss_dice_10": 0.36712712049484253, "val_loss_ce_11": 1.439629077911377, "val_loss_mask_11": 0.19434839487075806, "val_loss_dice_11": 0.36588066816329956, "val_mean_loss_ce": 1.574393630027771, "val_mean_loss_mask": 0.2317221760749817, "val_mean_loss_dice": 0.5150870084762573, "val_bed_val_box_ap_50": 0.679573070633707, "val_desk_val_box_ap_50": 0.565760394592216, "val_sofa_val_box_ap_50": 0.5395608501366832, "val_bookshelf_val_box_ap_50": 0.2563515170637701, "val_picture_val_box_ap_50": 0.34464615380240426, "val_curtain_val_box_ap_50": 0.5660041252043795, "val_shower_curtain_val_box_ap_50": 0.45044484966398857, "val_bathtub_val_box_ap_50": 0.7950102492178229, "val_toilet_val_box_ap_50": 0.9805703644888083, "val_bed_val_box_ap_25": 0.7921373625545338, "val_desk_val_box_ap_25": 0.7779408970637172, "val_sofa_val_box_ap_25": 0.8311123917619452, "val_bookshelf_val_box_ap_25": 0.34385372487347854, "val_picture_val_box_ap_25": 0.38873099800415306, "val_curtain_val_box_ap_25": 0.6855582827684709, "val_shower_curtain_val_box_ap_25": 0.6970442779318463, "val_bathtub_val_box_ap_25": 0.8535224943359587, "val_toilet_val_box_ap_25": 0.9805703644888083, "_wandb": {"runtime": 252105}}