{"lr-AdamW": 4.00260052276714e-06, "trainer/global_step": 400, "_timestamp": 1692858084.933456, "_runtime": 737.9389219284058, "_step": 16, "train_loss_ce": 3.8376474380493164, "train_loss_mask": 1.8714402914047241, "train_loss_dice": 5.601720809936523, "train_loss_bbox": 4.145251274108887, "train_loss_giou": 3.737398862838745, "train_loss_ce_0": 4.8103790283203125, "train_loss_mask_0": 1.6205586194992065, "train_loss_dice_0": 5.401448726654053, "train_loss_bbox_0": 4.097190856933594, "train_loss_giou_0": 3.4816198348999023, "train_loss_ce_1": 5.202948093414307, "train_loss_mask_1": 1.6283355951309204, "train_loss_dice_1": 5.407459735870361, "train_loss_bbox_1": 4.509284019470215, "train_loss_giou_1": 3.1220414638519287, "train_loss_ce_2": 4.153287410736084, "train_loss_mask_2": 1.6336379051208496, "train_loss_dice_2": 5.330938339233398, "train_loss_bbox_2": 4.523807525634766, "train_loss_giou_2": 3.120408773422241, "train_loss_ce_3": 3.7464945316314697, "train_loss_mask_3": 1.6191492080688477, "train_loss_dice_3": 5.389164924621582, "train_loss_bbox_3": 4.509528636932373, "train_loss_giou_3": 3.1414036750793457, "train_loss_ce_4": 3.1069846153259277, "train_loss_mask_4": 1.6588943004608154, "train_loss_dice_4": 5.385015487670898, "train_loss_bbox_4": 4.406458854675293, "train_loss_giou_4": 3.1832399368286133, "train_loss_ce_5": 3.167632579803467, "train_loss_mask_5": 1.6771016120910645, "train_loss_dice_5": 5.38676118850708, "train_loss_bbox_5": 4.383972644805908, "train_loss_giou_5": 3.0559241771698, "train_loss_ce_6": 2.9928977489471436, "train_loss_mask_6": 1.6889407634735107, "train_loss_dice_6": 5.454984664916992, "train_loss_bbox_6": 4.1665496826171875, "train_loss_giou_6": 3.1324245929718018, "train_loss_ce_7": 3.136496067047119, "train_loss_mask_7": 1.7429046630859375, "train_loss_dice_7": 5.538171768188477, "train_loss_bbox_7": 4.194214820861816, "train_loss_giou_7": 3.438093662261963, "train_loss_ce_8": 3.021810293197632, "train_loss_mask_8": 1.7645074129104614, "train_loss_dice_8": 5.542657375335693, "train_loss_bbox_8": 4.249113082885742, "train_loss_giou_8": 3.1132781505584717, "train_loss_ce_9": 3.0953781604766846, "train_loss_mask_9": 1.762178897857666, "train_loss_dice_9": 5.522437572479248, "train_loss_bbox_9": 4.204153537750244, "train_loss_giou_9": 3.453601598739624, "train_loss_ce_10": 3.178675651550293, "train_loss_mask_10": 1.875929594039917, "train_loss_dice_10": 5.598543167114258, "train_loss_bbox_10": 4.318994522094727, "train_loss_giou_10": 3.540285110473633, "train_loss_ce_11": 3.3323800563812256, "train_loss_mask_11": 1.9176876544952393, "train_loss_dice_11": 5.6167731285095215, "train_loss_bbox_11": 4.35666036605835, "train_loss_giou_11": 3.438394546508789, "train_mean_loss_ce": 3.5986931324005127, "train_mean_loss_mask": 1.7277897596359253, "train_mean_loss_dice": 5.475082874298096, "epoch": 0, "train_loss_mean": 265.2881774902344}