{"lr-AdamW": 4.874234588387081e-06, "trainer/global_step": 4410, "_timestamp": 1691389795.2616658, "_runtime": 4213.383665800095, "_step": 135, "train_loss_ce": 1.2354826927185059, "train_loss_mask": 1.225878119468689, "train_loss_dice": 5.474212169647217, "train_loss_ce_0": 2.9544968605041504, "train_loss_mask_0": 1.2475852966308594, "train_loss_dice_0": 5.4443559646606445, "train_loss_ce_1": 3.303772449493408, "train_loss_mask_1": 1.2429041862487793, "train_loss_dice_1": 5.448886871337891, "train_loss_ce_2": 1.984373927116394, "train_loss_mask_2": 1.2366012334823608, "train_loss_dice_2": 5.410259246826172, "train_loss_ce_3": 1.7136200666427612, "train_loss_mask_3": 1.2599223852157593, "train_loss_dice_3": 5.412501335144043, "train_loss_ce_4": 1.606488823890686, "train_loss_mask_4": 1.2467800378799438, "train_loss_dice_4": 5.423704624176025, "train_loss_ce_5": 1.5332926511764526, "train_loss_mask_5": 1.2407554388046265, "train_loss_dice_5": 5.420787811279297, "train_loss_ce_6": 1.5260326862335205, "train_loss_mask_6": 1.2269271612167358, "train_loss_dice_6": 5.42381477355957, "train_loss_ce_7": 1.3745098114013672, "train_loss_mask_7": 1.2509021759033203, "train_loss_dice_7": 5.433013916015625, "train_loss_ce_8": 1.3659076690673828, "train_loss_mask_8": 1.2513127326965332, "train_loss_dice_8": 5.432239532470703, "train_loss_ce_9": 1.2515549659729004, "train_loss_mask_9": 1.2545595169067383, "train_loss_dice_9": 5.469541549682617, "train_loss_ce_10": 1.1669855117797852, "train_loss_mask_10": 1.252182960510254, "train_loss_dice_10": 5.434190273284912, "train_loss_ce_11": 1.2460304498672485, "train_loss_mask_11": 1.258101463317871, "train_loss_dice_11": 5.448503494262695, "train_loss_ce_12": 1.2798271179199219, "train_loss_mask_12": 1.2195039987564087, "train_loss_dice_12": 5.445727825164795, "train_loss_ce_13": 1.3003531694412231, "train_loss_mask_13": 1.2133992910385132, "train_loss_dice_13": 5.443769931793213, "train_loss_ce_14": 1.2437623739242554, "train_loss_mask_14": 1.2161694765090942, "train_loss_dice_14": 5.462676048278809, "train_mean_loss_ce": 1.6304056644439697, "train_mean_loss_mask": 1.2402178049087524, "train_mean_loss_dice": 5.439261436462402, "epoch": 10, "train_loss_mean": 136.80935668945312}