{"lr-AdamW": 1.9115486360219062e-05, "trainer/global_step": 31277, "_timestamp": 1692810725.8411455, "_runtime": 55977.31437945366, "_step": 1328, "train_loss_ce": 4.126694202423096, "train_loss_mask": 2.3175785541534424, "train_loss_dice": 5.522465705871582, "train_loss_bbox": 5.145315647125244, "train_loss_giou": 2.352499008178711, "train_loss_ce_0": 3.643930673599243, "train_loss_mask_0": 2.0418241024017334, "train_loss_dice_0": 5.2996416091918945, "train_loss_bbox_0": 5.020174980163574, "train_loss_giou_0": 2.2791147232055664, "train_loss_ce_1": 2.973881483078003, "train_loss_mask_1": 2.082350492477417, "train_loss_dice_1": 5.308797359466553, "train_loss_bbox_1": 5.539018630981445, "train_loss_giou_1": 2.4285266399383545, "train_loss_ce_2": 2.72658634185791, "train_loss_mask_2": 1.998046875, "train_loss_dice_2": 5.2571001052856445, "train_loss_bbox_2": 5.664083957672119, "train_loss_giou_2": 2.33031964302063, "train_loss_ce_3": 2.70924711227417, "train_loss_mask_3": 2.0450236797332764, "train_loss_dice_3": 5.361086368560791, "train_loss_bbox_3": 5.761516571044922, "train_loss_giou_3": 2.3722782135009766, "train_loss_ce_4": 2.8551645278930664, "train_loss_mask_4": 2.077932596206665, "train_loss_dice_4": 5.38454008102417, "train_loss_bbox_4": 5.63334846496582, "train_loss_giou_4": 2.4810502529144287, "train_loss_ce_5": 3.0106709003448486, "train_loss_mask_5": 2.091414451599121, "train_loss_dice_5": 5.39265251159668, "train_loss_bbox_5": 5.412539005279541, "train_loss_giou_5": 2.3227379322052, "train_loss_ce_6": 3.065513849258423, "train_loss_mask_6": 2.055924892425537, "train_loss_dice_6": 5.40834903717041, "train_loss_bbox_6": 5.566617012023926, "train_loss_giou_6": 2.373534679412842, "train_loss_ce_7": 3.2390527725219727, "train_loss_mask_7": 2.1209444999694824, "train_loss_dice_7": 5.436009407043457, "train_loss_bbox_7": 5.335107803344727, "train_loss_giou_7": 2.392021417617798, "train_loss_ce_8": 3.233039379119873, "train_loss_mask_8": 2.103161573410034, "train_loss_dice_8": 5.432773590087891, "train_loss_bbox_8": 5.594692230224609, "train_loss_giou_8": 2.3517677783966064, "train_loss_ce_9": 3.25472354888916, "train_loss_mask_9": 2.141519069671631, "train_loss_dice_9": 5.485638618469238, "train_loss_bbox_9": 5.568456649780273, "train_loss_giou_9": 2.2663557529449463, "train_loss_ce_10": 3.109133005142212, "train_loss_mask_10": 2.0895237922668457, "train_loss_dice_10": 5.4686994552612305, "train_loss_bbox_10": 5.5058674812316895, "train_loss_giou_10": 2.2664716243743896, "train_loss_ce_11": 3.195889949798584, "train_loss_mask_11": 2.1330771446228027, "train_loss_dice_11": 5.44993782043457, "train_loss_bbox_11": 5.5006489753723145, "train_loss_giou_11": 2.2884814739227295, "train_mean_loss_ce": 3.164886713027954, "train_mean_loss_mask": 2.0998709201812744, "train_mean_loss_dice": 5.400591850280762, "epoch": 77, "train_loss_mean": 249.58306884765625, "val_mean_box_ap_25": 3.1505652618170137e-08, "val_mean_box_ap_50": 0.0, "val_desk_val_box_ap_50": 0.0, "val_cabinet_val_box_ap_50": 0.0, "val_table_val_box_ap_50": 0.0, "val_chair_val_box_ap_50": 0.0, "val_otherfurniture_val_box_ap_50": 0.0, "val_refridgerator_val_box_ap_50": 0.0, "val_window_val_box_ap_50": 0.0, "val_counter_val_box_ap_50": 0.0, "val_sink_val_box_ap_50": 0.0, "val_door_val_box_ap_50": 0.0, "val_sofa_val_box_ap_50": 0.0, "val_bookshelf_val_box_ap_50": 0.0, "val_picture_val_box_ap_50": 0.0, "val_bathtub_val_box_ap_50": 0.0, "val_bed_val_box_ap_50": 0.0, "val_toilet_val_box_ap_50": 0.0, "val_shower_curtain_val_box_ap_50": 0.0, "val_curtain_val_box_ap_50": 0.0, "val_desk_val_box_ap_25": 0.0, "val_cabinet_val_box_ap_25": 0.0, "val_table_val_box_ap_25": 0.0, "val_chair_val_box_ap_25": 5.671017471270625e-07, "val_otherfurniture_val_box_ap_25": 0.0, "val_refridgerator_val_box_ap_25": 0.0, "val_window_val_box_ap_25": 0.0, "val_counter_val_box_ap_25": 0.0, "val_sink_val_box_ap_25": 0.0, "val_door_val_box_ap_25": 0.0, "val_sofa_val_box_ap_25": 0.0, "val_bookshelf_val_box_ap_25": 0.0, "val_picture_val_box_ap_25": 0.0, "val_bathtub_val_box_ap_25": 0.0, "val_bed_val_box_ap_25": 0.0, "val_toilet_val_box_ap_25": 0.0, "val_shower_curtain_val_box_ap_25": 0.0, "val_curtain_val_box_ap_25": 0.0, "val_cabinet_val_ap": 0.0, "val_cabinet_val_ap_50": 0.0, "val_cabinet_val_ap_25": 0.0, "val_bed_val_ap": 0.0, "val_bed_val_ap_50": 0.0, "val_bed_val_ap_25": 0.0, "val_chair_val_ap": 0.0, "val_chair_val_ap_50": 0.0, "val_chair_val_ap_25": 8.394384167331737e-06, "val_sofa_val_ap": 0.0, "val_sofa_val_ap_50": 0.0, "val_sofa_val_ap_25": 0.0, "val_table_val_ap": 0.0, "val_table_val_ap_50": 0.0, "val_table_val_ap_25": 0.0, "val_door_val_ap": 0.0, "val_door_val_ap_50": 0.0, "val_door_val_ap_25": 0.0, "val_window_val_ap": 0.0, "val_window_val_ap_50": 0.0, "val_window_val_ap_25": 0.0, "val_bookshelf_val_ap": 0.0, "val_bookshelf_val_ap_50": 0.0, "val_bookshelf_val_ap_25": 0.0, "val_picture_val_ap": 0.0, "val_picture_val_ap_50": 0.0, "val_picture_val_ap_25": 0.0, "val_counter_val_ap": 0.0, "val_counter_val_ap_50": 0.0, "val_counter_val_ap_25": 0.0, "val_desk_val_ap": 0.0, "val_desk_val_ap_50": 0.0, "val_desk_val_ap_25": 0.0, "val_curtain_val_ap": 0.0, "val_curtain_val_ap_50": 0.0, "val_curtain_val_ap_25": 0.0, "val_refrigerator_val_ap": 0.0, "val_refrigerator_val_ap_50": 0.0, "val_refrigerator_val_ap_25": 0.0, "val_shower curtain_val_ap": 0.0, "val_shower curtain_val_ap_50": 0.0, "val_shower curtain_val_ap_25": 0.0, "val_toilet_val_ap": 0.0, "val_toilet_val_ap_50": 0.0, "val_toilet_val_ap_25": 0.0, "val_sink_val_ap": 0.0, "val_sink_val_ap_50": 0.0, "val_sink_val_ap_25": 0.0, "val_bathtub_val_ap": 0.0, "val_bathtub_val_ap_50": 0.0, "val_bathtub_val_ap_25": 0.0, "val_otherfurniture_val_ap": 0.0, "val_otherfurniture_val_ap_50": 0.0, "val_otherfurniture_val_ap_25": 0.0, "val_mean_ap": 0.0, "val_mean_ap_50": 0.0, "val_mean_ap_25": 4.663546633310034e-07, "val_loss_ce": 4.3367815017700195, "val_loss_mask": 0.6460666656494141, "val_loss_dice": 1.8773629665374756, "val_loss_ce_0": 3.7996294498443604, "val_loss_mask_0": 0.5560601353645325, "val_loss_dice_0": 1.7550493478775024, "val_loss_ce_1": 3.7996294498443604, "val_loss_mask_1": 0.5560601353645325, "val_loss_dice_1": 1.7550493478775024, "val_loss_ce_2": 3.9888195991516113, "val_loss_mask_2": 0.553783655166626, "val_loss_dice_2": 1.7679271697998047, "val_loss_ce_3": 4.10646915435791, "val_loss_mask_3": 0.561725914478302, "val_loss_dice_3": 1.8111169338226318, "val_loss_ce_4": 4.2386579513549805, "val_loss_mask_4": 0.6054267883300781, "val_loss_dice_4": 1.8242217302322388, "val_loss_ce_5": 4.191717624664307, "val_loss_mask_5": 0.5882399082183838, "val_loss_dice_5": 1.8344252109527588, "val_loss_ce_6": 4.503933906555176, "val_loss_mask_6": 0.6101402640342712, "val_loss_dice_6": 1.857476830482483, "val_loss_ce_7": 4.357011795043945, "val_loss_mask_7": 0.6135432720184326, "val_loss_dice_7": 1.8681367635726929, "val_loss_ce_8": 4.495071887969971, "val_loss_mask_8": 0.661918044090271, "val_loss_dice_8": 1.8507559299468994, "val_loss_ce_9": 4.3249287605285645, "val_loss_mask_9": 0.6231662034988403, "val_loss_dice_9": 1.8511697053909302, "val_loss_ce_10": 4.5450439453125, "val_loss_mask_10": 0.7047733068466187, "val_loss_dice_10": 1.8706520795822144, "val_loss_ce_11": 4.37755823135376, "val_loss_mask_11": 0.6403976678848267, "val_loss_dice_11": 1.8787347078323364, "val_mean_loss_ce": 4.235788822174072, "val_mean_loss_mask": 0.6093308925628662, "val_mean_loss_dice": 1.830929160118103}