{"val_mean_box_ap_25": 0.6485501367840258, "val_mean_box_ap_50": 0.5071926958330659, "val_chair_val_box_ap_50": 0.7594183586980643, "val_otherfurniture_val_box_ap_50": 0.4827156869107283, "val_sink_val_box_ap_50": 0.5822929078957662, "val_door_val_box_ap_50": 0.4149798226517065, "val_counter_val_box_ap_50": 0.43599810484415974, "val_cabinet_val_box_ap_50": 0.3547553824489654, "val_table_val_box_ap_50": 0.6142907526557062, "val_window_val_box_ap_50": 0.3299556774828407, "val_refridgerator_val_box_ap_50": 0.4047952355485376, "val_sofa_val_box_ap_50": 0.5265982075492339, "val_bookshelf_val_box_ap_50": 0.3070350406084974, "val_desk_val_box_ap_50": 0.42816456031482797, "val_picture_val_box_ap_50": 0.26366225521194264, "val_bathtub_val_box_ap_50": 0.8564396061794606, "val_shower_curtain_val_box_ap_50": 0.23092532467532464, "val_bed_val_box_ap_50": 0.7028056851156267, "val_toilet_val_box_ap_50": 0.9289037586232802, "val_curtain_val_box_ap_50": 0.5057321575805185, "val_chair_val_box_ap_25": 0.8700797679765782, "val_otherfurniture_val_box_ap_25": 0.5464673566039484, "val_sink_val_box_ap_25": 0.7460387781018869, "val_door_val_box_ap_25": 0.5144413167446789, "val_counter_val_box_ap_25": 0.6793590556570572, "val_cabinet_val_box_ap_25": 0.4947632069756154, "val_table_val_box_ap_25": 0.715496005229999, "val_window_val_box_ap_25": 0.510121670198722, "val_refridgerator_val_box_ap_25": 0.5293046295133101, "val_sofa_val_box_ap_25": 0.7484153211863713, "val_bookshelf_val_box_ap_25": 0.3436206927611557, "val_desk_val_box_ap_25": 0.6366144311659959, "val_picture_val_box_ap_25": 0.31896473058660035, "val_bathtub_val_box_ap_25": 0.8564396061794606, "val_shower_curtain_val_box_ap_25": 0.6466908670033671, "val_bed_val_box_ap_25": 0.7905676410651534, "val_toilet_val_box_ap_25": 1.0, "val_curtain_val_box_ap_25": 0.7265173851625667, "val_cabinet_val_ap": 0.38322344422340393, "val_cabinet_val_ap_50": 0.5667910575866699, "val_cabinet_val_ap_25": 0.6856558918952942, "val_bed_val_ap": 0.5023084282875061, "val_bed_val_ap_50": 0.7360382080078125, "val_bed_val_ap_25": 0.7733945846557617, "val_chair_val_ap": 0.7548033595085144, "val_chair_val_ap_50": 0.8959921002388, "val_chair_val_ap_25": 0.9389861226081848, "val_sofa_val_ap": 0.37589722871780396, "val_sofa_val_ap_50": 0.5466946959495544, "val_sofa_val_ap_25": 0.7903545498847961, "val_table_val_ap": 0.5735828876495361, "val_table_val_ap_50": 0.7526620030403137, "val_table_val_ap_25": 0.8079649209976196, "val_door_val_ap": 0.48335564136505127, "val_door_val_ap_50": 0.6764004230499268, "val_door_val_ap_25": 0.7645453810691833, "val_window_val_ap": 0.3444487154483795, "val_window_val_ap_50": 0.5600963234901428, "val_window_val_ap_25": 0.7418200969696045, "val_bookshelf_val_ap": 0.2890588045120239, "val_bookshelf_val_ap_50": 0.5031113028526306, "val_bookshelf_val_ap_25": 0.6007773876190186, "val_picture_val_ap": 0.4024334251880646, "val_picture_val_ap_50": 0.48850131034851074, "val_picture_val_ap_25": 0.6032560467720032, "val_counter_val_ap": 0.345184862613678, "val_counter_val_ap_50": 0.5763023495674133, "val_counter_val_ap_25": 0.7399258017539978, "val_desk_val_ap": 0.28384503722190857, "val_desk_val_ap_50": 0.5038936138153076, "val_desk_val_ap_25": 0.6735104918479919, "val_curtain_val_ap": 0.4275912046432495, "val_curtain_val_ap_50": 0.6555467844009399, "val_curtain_val_ap_25": 0.8471536636352539, "val_refrigerator_val_ap": 0.4623365104198456, "val_refrigerator_val_ap_50": 0.5508494973182678, "val_refrigerator_val_ap_25": 0.5532392859458923, "val_shower curtain_val_ap": 0.5076715350151062, "val_shower curtain_val_ap_50": 0.7221719622612, "val_shower curtain_val_ap_25": 0.8122705817222595, "val_toilet_val_ap": 0.9489494562149048, "val_toilet_val_ap_50": 1.0, "val_toilet_val_ap_25": 1.0, "val_sink_val_ap": 0.5432098507881165, "val_sink_val_ap_50": 0.7255969643592834, "val_sink_val_ap_25": 0.8941990733146667, "val_bathtub_val_ap": 0.7421690225601196, "val_bathtub_val_ap_50": 0.8709677457809448, "val_bathtub_val_ap_25": 0.8709677457809448, "val_otherfurniture_val_ap": 0.5544960498809814, "val_otherfurniture_val_ap_50": 0.6624118089675903, "val_otherfurniture_val_ap_25": 0.7155804634094238, "val_mean_ap": 0.4958091974258423, "val_mean_ap_50": 0.666334867477417, "val_mean_ap_25": 0.7674223184585571, "val_loss_ce": 0.9565785527229309, "val_loss_mask": 0.17201703786849976, "val_loss_dice": 0.3611918091773987, "val_loss_ce_0": 1.0202221870422363, "val_loss_mask_0": 0.1914004683494568, "val_loss_dice_0": 0.5141089558601379, "val_loss_ce_1": 1.0202221870422363, "val_loss_mask_1": 0.1914004683494568, "val_loss_dice_1": 0.5141089558601379, "val_loss_ce_2": 0.9602680802345276, "val_loss_mask_2": 0.1867317110300064, "val_loss_dice_2": 0.477463036775589, "val_loss_ce_3": 0.9251461029052734, "val_loss_mask_3": 0.1779816448688507, "val_loss_dice_3": 0.434937983751297, "val_loss_ce_4": 0.937233567237854, "val_loss_mask_4": 0.1753808557987213, "val_loss_dice_4": 0.40910887718200684, "val_loss_ce_5": 0.9394898414611816, "val_loss_mask_5": 0.17099875211715698, "val_loss_dice_5": 0.381825715303421, "val_loss_ce_6": 0.9512628316879272, "val_loss_mask_6": 0.1719485968351364, "val_loss_dice_6": 0.3803516924381256, "val_loss_ce_7": 0.9430485367774963, "val_loss_mask_7": 0.17286506295204163, "val_loss_dice_7": 0.3780304491519928, "val_loss_ce_8": 0.9466387629508972, "val_loss_mask_8": 0.17571653425693512, "val_loss_dice_8": 0.3761062026023865, "val_loss_ce_9": 0.9474486708641052, "val_loss_mask_9": 0.1707538664340973, "val_loss_dice_9": 0.3655560612678528, "val_loss_ce_10": 0.950145959854126, "val_loss_mask_10": 0.17347723245620728, "val_loss_dice_10": 0.36655551195144653, "val_loss_ce_11": 0.9299765825271606, "val_loss_mask_11": 0.17468397319316864, "val_loss_dice_11": 0.36771759390830994, "val_mean_loss_ce": 0.9559755325317383, "val_mean_loss_mask": 0.17733508348464966, "val_mean_loss_dice": 0.4097740650177002, "epoch": 0, "trainer/global_step": 0, "_timestamp": 1693443697.8582814, "_runtime": 3854.571917295456, "_step": 0, "_wandb": {"runtime": 3854}}