{"val_mean_box_ap_25": 0.6297230116929571, "val_mean_box_ap_50": 0.4891730036892812, "val_chair_val_box_ap_50": 0.7596720633610482, "val_otherfurniture_val_box_ap_50": 0.4649988769896707, "val_door_val_box_ap_50": 0.45404029223358733, "val_sink_val_box_ap_50": 0.5608940580895255, "val_table_val_box_ap_50": 0.57005811555517, "val_cabinet_val_box_ap_50": 0.36650263478143497, "val_window_val_box_ap_50": 0.2994105515645601, "val_refridgerator_val_box_ap_50": 0.407572818613351, "val_counter_val_box_ap_50": 0.5015341360835547, "val_sofa_val_box_ap_50": 0.40347208186952255, "val_bookshelf_val_box_ap_50": 0.27683936318660374, "val_desk_val_box_ap_50": 0.535446951086315, "val_picture_val_box_ap_50": 0.26284730415711915, "val_bathtub_val_box_ap_50": 0.7414807179238418, "val_bed_val_box_ap_50": 0.7329633977247371, "val_curtain_val_box_ap_50": 0.47384085946468735, "val_shower_curtain_val_box_ap_50": 0.2208333333333333, "val_toilet_val_box_ap_50": 0.7727065103889963, "val_chair_val_box_ap_25": 0.8700582059528628, "val_otherfurniture_val_box_ap_25": 0.5249238940058777, "val_door_val_box_ap_25": 0.5395716757568783, "val_sink_val_box_ap_25": 0.7230548255614648, "val_table_val_box_ap_25": 0.6447944927986735, "val_cabinet_val_box_ap_25": 0.5173469077764586, "val_window_val_box_ap_25": 0.48182485674981507, "val_refridgerator_val_box_ap_25": 0.5573276625908204, "val_counter_val_box_ap_25": 0.6751408489013949, "val_sofa_val_box_ap_25": 0.6810873754372739, "val_bookshelf_val_box_ap_25": 0.3522990488789286, "val_desk_val_box_ap_25": 0.7606501630233815, "val_picture_val_box_ap_25": 0.2995499454326937, "val_bathtub_val_box_ap_25": 0.7880184331797234, "val_bed_val_box_ap_25": 0.8080368653209019, "val_curtain_val_box_ap_25": 0.6003723026206356, "val_shower_curtain_val_box_ap_25": 0.5389277705216984, "val_toilet_val_box_ap_25": 0.972028935963742, "val_cabinet_val_ap": 0.3625333309173584, "val_cabinet_val_ap_50": 0.5287036895751953, "val_cabinet_val_ap_25": 0.6184779405593872, "val_bed_val_ap": 0.5644946098327637, "val_bed_val_ap_50": 0.8096506595611572, "val_bed_val_ap_25": 0.8499487042427063, "val_chair_val_ap": 0.7614677548408508, "val_chair_val_ap_50": 0.8850860595703125, "val_chair_val_ap_25": 0.9218484163284302, "val_sofa_val_ap": 0.31691068410873413, "val_sofa_val_ap_50": 0.4932475984096527, "val_sofa_val_ap_25": 0.7361319661140442, "val_table_val_ap": 0.5242640376091003, "val_table_val_ap_50": 0.6830429434776306, "val_table_val_ap_25": 0.7375032305717468, "val_door_val_ap": 0.4567876160144806, "val_door_val_ap_50": 0.5920505523681641, "val_door_val_ap_25": 0.6613176465034485, "val_window_val_ap": 0.277626097202301, "val_window_val_ap_50": 0.4388667941093445, "val_window_val_ap_25": 0.5727059841156006, "val_bookshelf_val_ap": 0.26864710450172424, "val_bookshelf_val_ap_50": 0.4548356235027313, "val_bookshelf_val_ap_25": 0.5058361887931824, "val_picture_val_ap": 0.3645148277282715, "val_picture_val_ap_50": 0.43460679054260254, "val_picture_val_ap_25": 0.4545198380947113, "val_counter_val_ap": 0.33918699622154236, "val_counter_val_ap_50": 0.605664849281311, "val_counter_val_ap_25": 0.6970133185386658, "val_desk_val_ap": 0.3218052387237549, "val_desk_val_ap_50": 0.6052770018577576, "val_desk_val_ap_25": 0.7958654165267944, "val_curtain_val_ap": 0.34210869669914246, "val_curtain_val_ap_50": 0.5206243991851807, "val_curtain_val_ap_25": 0.6446104645729065, "val_refrigerator_val_ap": 0.4369460642337799, "val_refrigerator_val_ap_50": 0.5757500529289246, "val_refrigerator_val_ap_25": 0.5757500529289246, "val_shower curtain_val_ap": 0.43462073802948, "val_shower curtain_val_ap_50": 0.6341432929039001, "val_shower curtain_val_ap_25": 0.7950933575630188, "val_toilet_val_ap": 0.8811004161834717, "val_toilet_val_ap_50": 0.9812042117118835, "val_toilet_val_ap_25": 0.9812042117118835, "val_sink_val_ap": 0.5091871619224548, "val_sink_val_ap_50": 0.6949745416641235, "val_sink_val_ap_25": 0.8719633221626282, "val_bathtub_val_ap": 0.6927087903022766, "val_bathtub_val_ap_50": 0.8387096524238586, "val_bathtub_val_ap_25": 0.8387096524238586, "val_otherfurniture_val_ap": 0.5184432864189148, "val_otherfurniture_val_ap_50": 0.6188114285469055, "val_otherfurniture_val_ap_25": 0.6648493409156799, "val_mean_ap": 0.46518629789352417, "val_mean_ap_50": 0.6330694556236267, "val_mean_ap_25": 0.7179638147354126, "val_loss_ce": 1.0303810834884644, "val_loss_mask": 0.1695079505443573, "val_loss_dice": 0.3572484254837036, "val_loss_ce_0": 0.9599302411079407, "val_loss_mask_0": 0.18618100881576538, "val_loss_dice_0": 0.5079737901687622, "val_loss_ce_1": 0.9599302411079407, "val_loss_mask_1": 0.18618100881576538, "val_loss_dice_1": 0.5079737901687622, "val_loss_ce_2": 0.95525062084198, "val_loss_mask_2": 0.1822979897260666, "val_loss_dice_2": 0.4713190197944641, "val_loss_ce_3": 0.8843357563018799, "val_loss_mask_3": 0.178658589720726, "val_loss_dice_3": 0.4305620491504669, "val_loss_ce_4": 0.9272570013999939, "val_loss_mask_4": 0.1747780442237854, "val_loss_dice_4": 0.4007619321346283, "val_loss_ce_5": 0.9573845863342285, "val_loss_mask_5": 0.165821835398674, "val_loss_dice_5": 0.3745948374271393, "val_loss_ce_6": 0.965589165687561, "val_loss_mask_6": 0.16883544623851776, "val_loss_dice_6": 0.3742066025733948, "val_loss_ce_7": 0.9557866454124451, "val_loss_mask_7": 0.16858014464378357, "val_loss_dice_7": 0.3737204074859619, "val_loss_ce_8": 1.000370979309082, "val_loss_mask_8": 0.17255650460720062, "val_loss_dice_8": 0.37029361724853516, "val_loss_ce_9": 1.0343502759933472, "val_loss_mask_9": 0.16626311838626862, "val_loss_dice_9": 0.3596378266811371, "val_loss_ce_10": 1.0209153890609741, "val_loss_mask_10": 0.1666991412639618, "val_loss_dice_10": 0.36176612973213196, "val_loss_ce_11": 0.9876330494880676, "val_loss_mask_11": 0.1691318154335022, "val_loss_dice_11": 0.3640992045402527, "val_mean_loss_ce": 0.97223961353302, "val_mean_loss_mask": 0.1734994351863861, "val_mean_loss_dice": 0.40416598320007324, "epoch": 0, "trainer/global_step": 0, "_timestamp": 1715086815.126488, "_runtime": 4112.9187688827515, "_step": 0, "_wandb": {"runtime": 4112}}