{"val_mean_box_ap_25": 0.6127399173841731, "val_mean_box_ap_50": 0.48565240372388413, "val_chair_val_box_ap_50": 0.7446224697077909, "val_otherfurniture_val_box_ap_50": 0.45865333992051566, "val_sink_val_box_ap_50": 0.5822929078957662, "val_door_val_box_ap_50": 0.399672375459577, "val_counter_val_box_ap_50": 0.4118138485446178, "val_cabinet_val_box_ap_50": 0.32270723762381415, "val_table_val_box_ap_50": 0.5774667422907159, "val_window_val_box_ap_50": 0.3065137171804733, "val_sofa_val_box_ap_50": 0.513212927352736, "val_bookshelf_val_box_ap_50": 0.26744803116872695, "val_desk_val_box_ap_50": 0.3854248676699561, "val_bathtub_val_box_ap_50": 0.8564396061794606, "val_picture_val_box_ap_50": 0.2429002920259773, "val_shower_curtain_val_box_ap_50": 0.19521103896103897, "val_bed_val_box_ap_50": 0.7028056851156267, "val_toilet_val_box_ap_50": 0.9289037586232802, "val_curtain_val_box_ap_50": 0.4975910449617939, "val_refridgerator_val_box_ap_50": 0.34806337634804557, "val_chair_val_box_ap_25": 0.846509167686614, "val_otherfurniture_val_box_ap_25": 0.5123063157695945, "val_sink_val_box_ap_25": 0.7460387781018869, "val_door_val_box_ap_25": 0.48316165523298626, "val_counter_val_box_ap_25": 0.6598354757886498, "val_cabinet_val_box_ap_25": 0.4506316398175298, "val_table_val_box_ap_25": 0.660542417183752, "val_window_val_box_ap_25": 0.45391449410095075, "val_sofa_val_box_ap_25": 0.7324517678988824, "val_bookshelf_val_box_ap_25": 0.2952388540896284, "val_desk_val_box_ap_25": 0.5811160866411517, "val_bathtub_val_box_ap_25": 0.8564396061794606, "val_picture_val_box_ap_25": 0.29196701708999206, "val_shower_curtain_val_box_ap_25": 0.5538089225589227, "val_bed_val_box_ap_25": 0.7806910978552769, "val_toilet_val_box_ap_25": 1.0, "val_curtain_val_box_ap_25": 0.6773168736564433, "val_refridgerator_val_box_ap_25": 0.447348343263395, "val_cabinet_val_ap": 0.3492622673511505, "val_cabinet_val_ap_50": 0.5082159042358398, "val_cabinet_val_ap_25": 0.608256995677948, "val_bed_val_ap": 0.5023084282875061, "val_bed_val_ap_50": 0.7360382080078125, "val_bed_val_ap_25": 0.7733945846557617, "val_chair_val_ap": 0.7406291961669922, "val_chair_val_ap_50": 0.8719286322593689, "val_chair_val_ap_25": 0.8956272602081299, "val_sofa_val_ap": 0.367746502161026, "val_sofa_val_ap_50": 0.5320538878440857, "val_sofa_val_ap_25": 0.773445188999176, "val_table_val_ap": 0.5444404482841492, "val_table_val_ap_50": 0.6980542540550232, "val_table_val_ap_25": 0.7367033958435059, "val_door_val_ap": 0.4614512622356415, "val_door_val_ap_50": 0.6300112009048462, "val_door_val_ap_25": 0.6998782753944397, "val_window_val_ap": 0.3174598217010498, "val_window_val_ap_50": 0.49759066104888916, "val_window_val_ap_25": 0.6038417220115662, "val_bookshelf_val_ap": 0.25580069422721863, "val_bookshelf_val_ap_50": 0.43398866057395935, "val_bookshelf_val_ap_25": 0.5169196128845215, "val_picture_val_ap": 0.3425668179988861, "val_picture_val_ap_50": 0.4142720401287079, "val_picture_val_ap_25": 0.4878511428833008, "val_counter_val_ap": 0.3246522545814514, "val_counter_val_ap_50": 0.5419532060623169, "val_counter_val_ap_25": 0.7006450891494751, "val_desk_val_ap": 0.2539617121219635, "val_desk_val_ap_50": 0.4465862810611725, "val_desk_val_ap_25": 0.6086491942405701, "val_curtain_val_ap": 0.4209391176700592, "val_curtain_val_ap_50": 0.6344373822212219, "val_curtain_val_ap_25": 0.7707511186599731, "val_refrigerator_val_ap": 0.4046987295150757, "val_refrigerator_val_ap_50": 0.45478981733322144, "val_refrigerator_val_ap_25": 0.45478981733322144, "val_shower curtain_val_ap": 0.4559137523174286, "val_shower curtain_val_ap_50": 0.6635066270828247, "val_shower curtain_val_ap_25": 0.7484999895095825, "val_toilet_val_ap": 0.9489494562149048, "val_toilet_val_ap_50": 1.0, "val_toilet_val_ap_25": 1.0, "val_sink_val_ap": 0.5432098507881165, "val_sink_val_ap_50": 0.7255969643592834, "val_sink_val_ap_25": 0.8846737146377563, "val_bathtub_val_ap": 0.7421690225601196, "val_bathtub_val_ap_50": 0.8709677457809448, "val_bathtub_val_ap_25": 0.8709677457809448, "val_otherfurniture_val_ap": 0.5176119804382324, "val_otherfurniture_val_ap_50": 0.6049249172210693, "val_otherfurniture_val_ap_25": 0.6479856371879578, "val_mean_ap": 0.4718761742115021, "val_mean_ap_50": 0.6258286833763123, "val_mean_ap_25": 0.7101600170135498, "val_loss_ce": 0.9565727710723877, "val_loss_mask": 0.17201627790927887, "val_loss_dice": 0.3611917197704315, "val_loss_ce_0": 1.0202221870422363, "val_loss_mask_0": 0.1914004683494568, "val_loss_dice_0": 0.5141089558601379, "val_loss_ce_1": 1.0202221870422363, "val_loss_mask_1": 0.1914004683494568, "val_loss_dice_1": 0.5141089558601379, "val_loss_ce_2": 0.9602681398391724, "val_loss_mask_2": 0.1867317110300064, "val_loss_dice_2": 0.477463036775589, "val_loss_ce_3": 0.9251461029052734, "val_loss_mask_3": 0.17798162996768951, "val_loss_dice_3": 0.434937983751297, "val_loss_ce_4": 0.9372336268424988, "val_loss_mask_4": 0.1753808557987213, "val_loss_dice_4": 0.40910887718200684, "val_loss_ce_5": 0.9394899606704712, "val_loss_mask_5": 0.1709987372159958, "val_loss_dice_5": 0.381825715303421, "val_loss_ce_6": 0.951262891292572, "val_loss_mask_6": 0.17194853723049164, "val_loss_dice_6": 0.3803516626358032, "val_loss_ce_7": 0.9430487155914307, "val_loss_mask_7": 0.1728648841381073, "val_loss_dice_7": 0.3780304193496704, "val_loss_ce_8": 0.9466392397880554, "val_loss_mask_8": 0.1757163256406784, "val_loss_dice_8": 0.37610605359077454, "val_loss_ce_9": 0.9474499225616455, "val_loss_mask_9": 0.17075392603874207, "val_loss_dice_9": 0.3655560612678528, "val_loss_ce_10": 0.9501466751098633, "val_loss_mask_10": 0.17347659170627594, "val_loss_dice_10": 0.3665551543235779, "val_loss_ce_11": 0.9299786686897278, "val_loss_mask_11": 0.17468369007110596, "val_loss_dice_11": 0.3677174150943756, "val_mean_loss_ce": 0.9559754729270935, "val_mean_loss_mask": 0.17733493447303772, "val_mean_loss_dice": 0.4097740054130554, "epoch": 0, "trainer/global_step": 0, "_timestamp": 1693377560.4205828, "_runtime": 3792.658319711685, "_step": 0, "_wandb": {"runtime": 3792}}