{"val_mean_box_ap_25": 0.6331516095174989, "val_mean_box_ap_50": 0.5273716109767066, "val_chair_val_box_ap_50": 0.7903635296649945, "val_sink_val_box_ap_50": 0.6042277646292149, "val_door_val_box_ap_50": 0.5169171990381635, "val_otherfurniture_val_box_ap_50": 0.473314150294453, "val_cabinet_val_box_ap_50": 0.34757326103720054, "val_window_val_box_ap_50": 0.3367013797122862, "val_counter_val_box_ap_50": 0.522737168814884, "val_table_val_box_ap_50": 0.6169706351626238, "val_refridgerator_val_box_ap_50": 0.4159375045801638, "val_sofa_val_box_ap_50": 0.46391130741535974, "val_bookshelf_val_box_ap_50": 0.34818583181058654, "val_desk_val_box_ap_50": 0.4687227731533864, "val_bathtub_val_box_ap_50": 0.7842115808455219, "val_picture_val_box_ap_50": 0.26474841436628554, "val_shower_curtain_val_box_ap_50": 0.48724489795918363, "val_bed_val_box_ap_50": 0.6313011440252412, "val_curtain_val_box_ap_50": 0.6188555370349886, "val_toilet_val_box_ap_50": 0.80076491803618, "val_chair_val_box_ap_25": 0.8691969073192667, "val_sink_val_box_ap_25": 0.7267535996394388, "val_door_val_box_ap_25": 0.6141033819596032, "val_otherfurniture_val_box_ap_25": 0.5222711068047166, "val_cabinet_val_box_ap_25": 0.4807373872423323, "val_window_val_box_ap_25": 0.4878366422938606, "val_counter_val_box_ap_25": 0.5690326665756826, "val_table_val_box_ap_25": 0.6764277998309408, "val_refridgerator_val_box_ap_25": 0.5009424972172131, "val_sofa_val_box_ap_25": 0.6998333657912958, "val_bookshelf_val_box_ap_25": 0.38731854103886454, "val_desk_val_box_ap_25": 0.667851202692819, "val_bathtub_val_box_ap_25": 0.8202764976958525, "val_picture_val_box_ap_25": 0.2808235909404223, "val_shower_curtain_val_box_ap_25": 0.7517006802721088, "val_bed_val_box_ap_25": 0.7033755340804325, "val_curtain_val_box_ap_25": 0.6899717078511645, "val_toilet_val_box_ap_25": 0.9482758620689655, "val_cabinet_val_ap": 0.34997814893722534, "val_cabinet_val_ap_50": 0.5104960799217224, "val_cabinet_val_ap_25": 0.6121469736099243, "val_bed_val_ap": 0.5170064568519592, "val_bed_val_ap_50": 0.7190188765525818, "val_bed_val_ap_25": 0.7190188765525818, "val_chair_val_ap": 0.7672877311706543, "val_chair_val_ap_50": 0.8794336915016174, "val_chair_val_ap_25": 0.9035452604293823, "val_sofa_val_ap": 0.3527722656726837, "val_sofa_val_ap_50": 0.5312367081642151, "val_sofa_val_ap_25": 0.7203463912010193, "val_table_val_ap": 0.5623663663864136, "val_table_val_ap_50": 0.7007654309272766, "val_table_val_ap_25": 0.7596502304077148, "val_door_val_ap": 0.5208590626716614, "val_door_val_ap_50": 0.6579748392105103, "val_door_val_ap_25": 0.7454732060432434, "val_window_val_ap": 0.3360193073749542, "val_window_val_ap_50": 0.4993636906147003, "val_window_val_ap_25": 0.6125303506851196, "val_bookshelf_val_ap": 0.3402808904647827, "val_bookshelf_val_ap_50": 0.5322432518005371, "val_bookshelf_val_ap_25": 0.646488606929779, "val_picture_val_ap": 0.3493587076663971, "val_picture_val_ap_50": 0.40178823471069336, "val_picture_val_ap_25": 0.43305161595344543, "val_counter_val_ap": 0.2797691226005554, "val_counter_val_ap_50": 0.48821818828582764, "val_counter_val_ap_25": 0.5625923275947571, "val_desk_val_ap": 0.29894572496414185, "val_desk_val_ap_50": 0.5277633666992188, "val_desk_val_ap_25": 0.6724326610565186, "val_curtain_val_ap": 0.48068004846572876, "val_curtain_val_ap_50": 0.6581953763961792, "val_curtain_val_ap_25": 0.7251409292221069, "val_refrigerator_val_ap": 0.4657666087150574, "val_refrigerator_val_ap_50": 0.5343961119651794, "val_refrigerator_val_ap_25": 0.5343961119651794, "val_shower curtain_val_ap": 0.5542636513710022, "val_shower curtain_val_ap_50": 0.8415236473083496, "val_shower curtain_val_ap_25": 0.8841911554336548, "val_toilet_val_ap": 0.8719393610954285, "val_toilet_val_ap_50": 0.8965517282485962, "val_toilet_val_ap_25": 0.9482758641242981, "val_sink_val_ap": 0.5729036331176758, "val_sink_val_ap_50": 0.7309419512748718, "val_sink_val_ap_25": 0.8408171534538269, "val_bathtub_val_ap": 0.7506808042526245, "val_bathtub_val_ap_50": 0.8387096524238586, "val_bathtub_val_ap_25": 0.8387096524238586, "val_otherfurniture_val_ap": 0.5057265758514404, "val_otherfurniture_val_ap_50": 0.5978332161903381, "val_otherfurniture_val_ap_25": 0.6313773393630981, "val_mean_ap": 0.493144690990448, "val_mean_ap_50": 0.6414696574211121, "val_mean_ap_25": 0.7105658054351807, "val_loss_ce": 1.1078097820281982, "val_loss_mask": 0.18106266856193542, "val_loss_dice": 0.35890230536460876, "val_loss_ce_0": 3.806415319442749, "val_loss_mask_0": 0.5962565541267395, "val_loss_dice_0": 1.875029444694519, "val_loss_ce_1": 1.8251972198486328, "val_loss_mask_1": 0.3222951591014862, "val_loss_dice_1": 0.7702512145042419, "val_loss_ce_2": 1.4196363687515259, "val_loss_mask_2": 0.23929575085639954, "val_loss_dice_2": 0.5342170596122742, "val_loss_ce_3": 1.2282251119613647, "val_loss_mask_3": 0.2115238904953003, "val_loss_dice_3": 0.4401843249797821, "val_loss_ce_4": 1.1148813962936401, "val_loss_mask_4": 0.19757115840911865, "val_loss_dice_4": 0.3983023762702942, "val_loss_ce_5": 1.0994689464569092, "val_loss_mask_5": 0.1980901062488556, "val_loss_dice_5": 0.39631256461143494, "val_loss_ce_6": 1.1079951524734497, "val_loss_mask_6": 0.19455328583717346, "val_loss_dice_6": 0.3903670310974121, "val_loss_ce_7": 1.0951608419418335, "val_loss_mask_7": 0.18974997103214264, "val_loss_dice_7": 0.37768256664276123, "val_loss_ce_8": 1.1034332513809204, "val_loss_mask_8": 0.18386606872081757, "val_loss_dice_8": 0.3662055730819702, "val_loss_ce_9": 1.084455132484436, "val_loss_mask_9": 0.18519775569438934, "val_loss_dice_9": 0.3693833351135254, "val_loss_ce_10": 1.1030758619308472, "val_loss_mask_10": 0.1882655769586563, "val_loss_dice_10": 0.3712185323238373, "val_loss_ce_11": 1.0965861082077026, "val_loss_mask_11": 0.1823599934577942, "val_loss_dice_11": 0.3657969832420349, "val_mean_loss_ce": 1.3994108438491821, "val_mean_loss_mask": 0.23616060614585876, "val_mean_loss_dice": 0.539527177810669, "epoch": 0, "trainer/global_step": 0, "_timestamp": 1686146025.072084, "_runtime": 3261.8222529888153, "_step": 0, "_wandb": {"runtime": 3261}}