{"val_mean_box_ap_25": 0.6146576148465516, "val_mean_box_ap_50": 0.5017642849511064, "val_chair_val_box_ap_50": 0.7827992990565467, "val_otherfurniture_val_box_ap_50": 0.446368379020901, "val_sink_val_box_ap_50": 0.4911946073512037, "val_door_val_box_ap_50": 0.4322224415258795, "val_cabinet_val_box_ap_50": 0.356988382169807, "val_table_val_box_ap_50": 0.5718719137110673, "val_window_val_box_ap_50": 0.32217734345980953, "val_counter_val_box_ap_50": 0.40265119628473667, "val_refridgerator_val_box_ap_50": 0.3645400580385101, "val_sofa_val_box_ap_50": 0.5837218321237633, "val_bookshelf_val_box_ap_50": 0.32029571356098846, "val_desk_val_box_ap_50": 0.4637121423226993, "val_picture_val_box_ap_50": 0.2634160222447401, "val_bathtub_val_box_ap_50": 0.7047146401985112, "val_toilet_val_box_ap_50": 0.9142431753305131, "val_bed_val_box_ap_50": 0.6856810679743608, "val_curtain_val_box_ap_50": 0.5912098178657463, "val_shower_curtain_val_box_ap_50": 0.33394909688013136, "val_chair_val_box_ap_25": 0.8620450801272945, "val_otherfurniture_val_box_ap_25": 0.4962052218119659, "val_sink_val_box_ap_25": 0.6239210160920021, "val_door_val_box_ap_25": 0.5137688895523087, "val_cabinet_val_box_ap_25": 0.47662762112694973, "val_table_val_box_ap_25": 0.6336105757081749, "val_window_val_box_ap_25": 0.4894361187910432, "val_counter_val_box_ap_25": 0.5155740253090483, "val_refridgerator_val_box_ap_25": 0.4756291180439787, "val_sofa_val_box_ap_25": 0.7710132157107928, "val_bookshelf_val_box_ap_25": 0.39607294735273546, "val_desk_val_box_ap_25": 0.7135416226048501, "val_picture_val_box_ap_25": 0.28715271389388813, "val_bathtub_val_box_ap_25": 0.7047146401985112, "val_toilet_val_box_ap_25": 0.9563020214030915, "val_bed_val_box_ap_25": 0.7637004336064077, "val_curtain_val_box_ap_25": 0.6950821507324707, "val_shower_curtain_val_box_ap_25": 0.6894396551724138, "val_cabinet_val_ap": 0.3670825958251953, "val_cabinet_val_ap_50": 0.5101023316383362, "val_cabinet_val_ap_25": 0.6212420463562012, "val_bed_val_ap": 0.5790925621986389, "val_bed_val_ap_50": 0.7828282117843628, "val_bed_val_ap_25": 0.8074837327003479, "val_chair_val_ap": 0.7760746479034424, "val_chair_val_ap_50": 0.8827582597732544, "val_chair_val_ap_25": 0.9110783934593201, "val_sofa_val_ap": 0.4825626611709595, "val_sofa_val_ap_50": 0.7007392644882202, "val_sofa_val_ap_25": 0.7942197918891907, "val_table_val_ap": 0.5265786647796631, "val_table_val_ap_50": 0.6694480776786804, "val_table_val_ap_25": 0.719938337802887, "val_door_val_ap": 0.4127689003944397, "val_door_val_ap_50": 0.5551061034202576, "val_door_val_ap_25": 0.6430020332336426, "val_window_val_ap": 0.3225846290588379, "val_window_val_ap_50": 0.505146324634552, "val_window_val_ap_25": 0.5978748798370361, "val_bookshelf_val_ap": 0.33296656608581543, "val_bookshelf_val_ap_50": 0.5594755411148071, "val_bookshelf_val_ap_25": 0.5995604395866394, "val_picture_val_ap": 0.362333744764328, "val_picture_val_ap_50": 0.4336499273777008, "val_picture_val_ap_25": 0.45390522480010986, "val_counter_val_ap": 0.24912472069263458, "val_counter_val_ap_50": 0.46444228291511536, "val_counter_val_ap_25": 0.587113082408905, "val_desk_val_ap": 0.2964984178543091, "val_desk_val_ap_50": 0.5510002374649048, "val_desk_val_ap_25": 0.713337779045105, "val_curtain_val_ap": 0.4276597499847412, "val_curtain_val_ap_50": 0.5856776833534241, "val_curtain_val_ap_25": 0.6987218260765076, "val_refrigerator_val_ap": 0.4213425815105438, "val_refrigerator_val_ap_50": 0.5293504595756531, "val_refrigerator_val_ap_25": 0.5293504595756531, "val_shower curtain_val_ap": 0.49540311098098755, "val_shower curtain_val_ap_50": 0.7523837089538574, "val_shower curtain_val_ap_25": 0.7523837089538574, "val_toilet_val_ap": 0.922548234462738, "val_toilet_val_ap_50": 0.9532598853111267, "val_toilet_val_ap_25": 0.9532598853111267, "val_sink_val_ap": 0.44480809569358826, "val_sink_val_ap_50": 0.5815396308898926, "val_sink_val_ap_25": 0.7797607183456421, "val_bathtub_val_ap": 0.66312175989151, "val_bathtub_val_ap_50": 0.7096773982048035, "val_bathtub_val_ap_25": 0.7096773982048035, "val_otherfurniture_val_ap": 0.4901670515537262, "val_otherfurniture_val_ap_50": 0.5739954710006714, "val_otherfurniture_val_ap_25": 0.6042597889900208, "val_mean_ap": 0.4762621521949768, "val_mean_ap_50": 0.6278100609779358, "val_mean_ap_25": 0.693120539188385, "val_loss_ce": 1.1380504369735718, "val_loss_mask": 0.17380668222904205, "val_loss_dice": 0.3574446737766266, "val_loss_ce_0": 3.8059444427490234, "val_loss_mask_0": 0.5996859669685364, "val_loss_dice_0": 1.8767919540405273, "val_loss_ce_1": 1.6610865592956543, "val_loss_mask_1": 0.30254289507865906, "val_loss_dice_1": 0.7498164772987366, "val_loss_ce_2": 1.3629209995269775, "val_loss_mask_2": 0.2544393539428711, "val_loss_dice_2": 0.5509465336799622, "val_loss_ce_3": 1.1688705682754517, "val_loss_mask_3": 0.2092374563217163, "val_loss_dice_3": 0.456915020942688, "val_loss_ce_4": 1.132773995399475, "val_loss_mask_4": 0.18746767938137054, "val_loss_dice_4": 0.40462759137153625, "val_loss_ce_5": 1.1527053117752075, "val_loss_mask_5": 0.19000858068466187, "val_loss_dice_5": 0.4033697843551636, "val_loss_ce_6": 1.1118849515914917, "val_loss_mask_6": 0.18414552509784698, "val_loss_dice_6": 0.39675772190093994, "val_loss_ce_7": 1.0747389793395996, "val_loss_mask_7": 0.1828489452600479, "val_loss_dice_7": 0.38587453961372375, "val_loss_ce_8": 1.125765085220337, "val_loss_mask_8": 0.17778678238391876, "val_loss_dice_8": 0.36943280696868896, "val_loss_ce_9": 1.1357100009918213, "val_loss_mask_9": 0.1783420592546463, "val_loss_dice_9": 0.3702903389930725, "val_loss_ce_10": 1.0811479091644287, "val_loss_mask_10": 0.1754951924085617, "val_loss_dice_10": 0.3701566755771637, "val_loss_ce_11": 1.084780216217041, "val_loss_mask_11": 0.17640702426433563, "val_loss_dice_11": 0.36693984270095825, "val_mean_loss_ce": 1.3874138593673706, "val_mean_loss_mask": 0.2301703244447708, "val_mean_loss_dice": 0.5430279970169067, "epoch": 0, "trainer/global_step": 0, "_timestamp": 1686074795.7575943, "_runtime": 3233.641578435898, "_step": 0, "_wandb": {"runtime": 3232}}