{"lr-AdamW": 4.000000392903377e-06, "trainer/global_step": 49, "_timestamp": 1691974573.8054547, "_runtime": 100.54621481895447, "_step": 1, "train_loss_ce": 4.9902424812316895, "train_loss_mask": 1.8826451301574707, "train_loss_dice": 5.7533040046691895, "train_loss_ce_0": 4.960818290710449, "train_loss_mask_0": 2.269427537918091, "train_loss_dice_0": 5.711312294006348, "train_loss_ce_1": 5.140887260437012, "train_loss_mask_1": 2.2768094539642334, "train_loss_dice_1": 5.710090637207031, "train_loss_ce_2": 4.947556495666504, "train_loss_mask_2": 1.8329519033432007, "train_loss_dice_2": 5.698916435241699, "train_loss_ce_3": 5.064489841461182, "train_loss_mask_3": 1.681908130645752, "train_loss_dice_3": 5.686265468597412, "train_loss_ce_4": 4.409080982208252, "train_loss_mask_4": 2.1313657760620117, "train_loss_dice_4": 5.7067952156066895, "train_loss_ce_5": 4.7243547439575195, "train_loss_mask_5": 1.682535171508789, "train_loss_dice_5": 5.711291790008545, "train_loss_ce_6": 4.660472393035889, "train_loss_mask_6": 2.0908002853393555, "train_loss_dice_6": 5.737095832824707, "train_loss_ce_7": 4.838113784790039, "train_loss_mask_7": 1.8300886154174805, "train_loss_dice_7": 5.732409954071045, "train_loss_ce_8": 4.668087482452393, "train_loss_mask_8": 1.688338279724121, "train_loss_dice_8": 5.722023963928223, "train_loss_ce_9": 4.3483171463012695, "train_loss_mask_9": 1.7545984983444214, "train_loss_dice_9": 5.73983097076416, "train_loss_ce_10": 5.1355180740356445, "train_loss_mask_10": 1.8580067157745361, "train_loss_dice_10": 5.741457939147949, "train_loss_ce_11": 5.181495189666748, "train_loss_mask_11": 1.9836283922195435, "train_loss_dice_11": 5.7549285888671875, "train_loss_ce_12": 5.013840198516846, "train_loss_mask_12": 1.9005693197250366, "train_loss_dice_12": 5.7402472496032715, "train_loss_ce_13": 4.969086647033691, "train_loss_mask_13": 1.7405595779418945, "train_loss_dice_13": 5.73635196685791, "train_loss_ce_14": 4.522763252258301, "train_loss_mask_14": 1.7499548196792603, "train_loss_dice_14": 5.7389421463012695, "train_mean_loss_ce": 4.848445415496826, "train_mean_loss_mask": 1.8971366882324219, "train_mean_loss_dice": 5.7263288497924805, "epoch": 0, "_wandb": {"runtime": 130}}