{"lr-AdamW": 4.000086697024714e-10, "trainer/global_step": 241000, "_timestamp": 1691761109.6605835, "_runtime": 370356.24584150314, "_step": 10065, "train_loss_ce": 0.040718089789152145, "train_loss_mask": 0.24979281425476074, "train_loss_dice": 0.6862642765045166, "train_loss_ce_0": 1.4844638109207153, "train_loss_mask_0": 0.7278605699539185, "train_loss_dice_0": 1.9639484882354736, "train_loss_ce_1": 1.1808639764785767, "train_loss_mask_1": 0.6195605397224426, "train_loss_dice_1": 1.7240101099014282, "train_loss_ce_2": 0.786086916923523, "train_loss_mask_2": 0.4654711186885834, "train_loss_dice_2": 1.6033309698104858, "train_loss_ce_3": 0.5757893323898315, "train_loss_mask_3": 0.36036503314971924, "train_loss_dice_3": 1.2068958282470703, "train_loss_ce_4": 0.2882896959781647, "train_loss_mask_4": 0.2813912630081177, "train_loss_dice_4": 0.9242042303085327, "train_loss_ce_5": 0.14518606662750244, "train_loss_mask_5": 0.24832449853420258, "train_loss_dice_5": 0.7606960535049438, "train_loss_ce_6": 0.11064215004444122, "train_loss_mask_6": 0.22435423731803894, "train_loss_dice_6": 0.6697620153427124, "train_loss_ce_7": 0.0919949933886528, "train_loss_mask_7": 0.24446648359298706, "train_loss_dice_7": 0.6871727108955383, "train_loss_ce_8": 0.08467759937047958, "train_loss_mask_8": 0.24915604293346405, "train_loss_dice_8": 0.6803541779518127, "train_loss_ce_9": 0.0652288869023323, "train_loss_mask_9": 0.2570137083530426, "train_loss_dice_9": 0.7809922695159912, "train_loss_ce_10": 0.06493311375379562, "train_loss_mask_10": 0.22737929224967957, "train_loss_dice_10": 0.6828778386116028, "train_loss_ce_11": 0.0584268756210804, "train_loss_mask_11": 0.22817489504814148, "train_loss_dice_11": 0.6655339598655701, "train_loss_ce_12": 0.052944719791412354, "train_loss_mask_12": 0.24466410279273987, "train_loss_dice_12": 0.6661043167114258, "train_loss_ce_13": 0.04474250599741936, "train_loss_mask_13": 0.24534596502780914, "train_loss_dice_13": 0.6763728857040405, "train_loss_ce_14": 0.036274757236242294, "train_loss_mask_14": 0.22942855954170227, "train_loss_dice_14": 0.6594337821006775, "train_mean_loss_ce": 0.3194539546966553, "train_mean_loss_mask": 0.318921834230423, "train_mean_loss_dice": 0.939872145652771, "epoch": 600, "train_loss_mean": 27.767427444458008, "val_mean_box_ap_25": 0.596703953804537, "val_mean_box_ap_50": 0.46683484222204236, "val_chair_val_box_ap_50": 0.8177784319103014, "val_window_val_box_ap_50": 0.25912792055449096, "val_table_val_box_ap_50": 0.48245275135407883, "val_cabinet_val_box_ap_50": 0.2858392817555721, "val_door_val_box_ap_50": 0.38882257510224605, "val_bookshelf_val_box_ap_50": 0.26265804084547734, "val_otherfurniture_val_box_ap_50": 0.41135479743035885, "val_refridgerator_val_box_ap_50": 0.26565134030591403, "val_counter_val_box_ap_50": 0.24331074612480036, "val_sink_val_box_ap_50": 0.5752655624289502, "val_chair_val_box_ap_25": 0.9013904084003519, "val_window_val_box_ap_25": 0.46684018110388537, "val_table_val_box_ap_25": 0.5677519206713675, "val_cabinet_val_box_ap_25": 0.4065175902092401, "val_door_val_box_ap_25": 0.4985950292524837, "val_bookshelf_val_box_ap_25": 0.3073681451515614, "val_otherfurniture_val_box_ap_25": 0.4721743233951125, "val_refridgerator_val_box_ap_25": 0.45283598650348605, "val_counter_val_box_ap_25": 0.4749056896620035, "val_sink_val_box_ap_25": 0.7364511443741822, "val_cabinet_val_ap": 0.2764051556587219, "val_cabinet_val_ap_50": 0.4638094902038574, "val_cabinet_val_ap_25": 0.6357116103172302, "val_bed_val_ap": 0.47798439860343933, "val_bed_val_ap_50": 0.7880513072013855, "val_bed_val_ap_25": 0.8076273798942566, "val_chair_val_ap": 0.7813295722007751, "val_chair_val_ap_50": 0.915794849395752, "val_chair_val_ap_25": 0.9553152322769165, "val_sofa_val_ap": 0.4900105893611908, "val_sofa_val_ap_50": 0.7010718584060669, "val_sofa_val_ap_25": 0.8458841443061829, "val_table_val_ap": 0.4781712591648102, "val_table_val_ap_50": 0.6424119472503662, "val_table_val_ap_25": 0.7201201915740967, "val_door_val_ap": 0.4190092384815216, "val_door_val_ap_50": 0.5954952836036682, "val_door_val_ap_25": 0.738028883934021, "val_window_val_ap": 0.3327194154262543, "val_window_val_ap_50": 0.5199751257896423, "val_window_val_ap_25": 0.7000121474266052, "val_bookshelf_val_ap": 0.2547838091850281, "val_bookshelf_val_ap_50": 0.4235709011554718, "val_bookshelf_val_ap_25": 0.5457445383071899, "val_picture_val_ap": 0.43031057715415955, "val_picture_val_ap_50": 0.5109028816223145, "val_picture_val_ap_25": 0.6018409729003906, "val_counter_val_ap": 0.12468036264181137, "val_counter_val_ap_50": 0.30170145630836487, "val_counter_val_ap_25": 0.5853940844535828, "val_desk_val_ap": 0.29723086953163147, "val_desk_val_ap_50": 0.5440787672996521, "val_desk_val_ap_25": 0.7398160099983215, "val_curtain_val_ap": 0.35476234555244446, "val_curtain_val_ap_50": 0.5577240586280823, "val_curtain_val_ap_25": 0.6980080604553223, "val_refrigerator_val_ap": 0.37713193893432617, "val_refrigerator_val_ap_50": 0.6091444492340088, "val_refrigerator_val_ap_25": 0.6222385168075562, "val_shower curtain_val_ap": 0.5007500052452087, "val_shower curtain_val_ap_50": 0.8493108749389648, "val_shower curtain_val_ap_25": 0.8654912710189819, "val_toilet_val_ap": 0.9483203291893005, "val_toilet_val_ap_50": 0.982758641242981, "val_toilet_val_ap_25": 1.0, "val_sink_val_ap": 0.528784990310669, "val_sink_val_ap_50": 0.7199698090553284, "val_sink_val_ap_25": 0.9279569983482361, "val_bathtub_val_ap": 0.6529425978660583, "val_bathtub_val_ap_50": 0.8040161728858948, "val_bathtub_val_ap_25": 0.8301283121109009, "val_otherfurniture_val_ap": 0.4761742651462555, "val_otherfurniture_val_ap_50": 0.6007960438728333, "val_otherfurniture_val_ap_25": 0.6653095483779907, "val_mean_ap": 0.45563897490501404, "val_mean_ap_50": 0.6405879855155945, "val_mean_ap_25": 0.7491459846496582, "val_loss_ce": 2.003704309463501, "val_loss_mask": 0.18635645508766174, "val_loss_dice": 0.4011346399784088, "val_loss_ce_0": 1.700027585029602, "val_loss_mask_0": 0.24728313088417053, "val_loss_dice_0": 0.7035635113716125, "val_loss_ce_1": 1.700027585029602, "val_loss_mask_1": 0.24728313088417053, "val_loss_dice_1": 0.7035635113716125, "val_loss_ce_2": 4.574733734130859, "val_loss_mask_2": 0.24204906821250916, "val_loss_dice_2": 0.6659364104270935, "val_loss_ce_3": 2.8596274852752686, "val_loss_mask_3": 0.21587447822093964, "val_loss_dice_3": 0.5767600536346436, "val_loss_ce_4": 2.631678819656372, "val_loss_mask_4": 0.20526568591594696, "val_loss_dice_4": 0.504027247428894, "val_loss_ce_5": 2.1460115909576416, "val_loss_mask_5": 0.19675135612487793, "val_loss_dice_5": 0.4676690995693207, "val_loss_ce_6": 2.2146735191345215, "val_loss_mask_6": 0.1868627965450287, "val_loss_dice_6": 0.44430306553840637, "val_loss_ce_7": 2.248751401901245, "val_loss_mask_7": 0.18757542967796326, "val_loss_dice_7": 0.4452388286590576, "val_loss_ce_8": 2.0193252563476562, "val_loss_mask_8": 0.19281688332557678, "val_loss_dice_8": 0.44057756662368774, "val_loss_ce_9": 1.9654682874679565, "val_loss_mask_9": 0.19476261734962463, "val_loss_dice_9": 0.42780518531799316, "val_loss_ce_10": 1.8860905170440674, "val_loss_mask_10": 0.19316774606704712, "val_loss_dice_10": 0.4261053800582886, "val_loss_ce_11": 1.9711741209030151, "val_loss_mask_11": 0.18726065754890442, "val_loss_dice_11": 0.41517940163612366, "val_loss_ce_12": 2.0357675552368164, "val_loss_mask_12": 0.18283897638320923, "val_loss_dice_12": 0.4182395339012146, "val_loss_ce_13": 1.959808111190796, "val_loss_mask_13": 0.1930146962404251, "val_loss_dice_13": 0.41707271337509155, "val_loss_ce_14": 1.9895353317260742, "val_loss_mask_14": 0.19330458343029022, "val_loss_dice_14": 0.40804147720336914, "val_mean_loss_ce": 2.244150400161743, "val_mean_loss_mask": 0.20327922701835632, "val_mean_loss_dice": 0.49157610535621643, "val_desk_val_box_ap_50": 0.44272867800692517, "val_picture_val_box_ap_50": 0.2425967188792496, "val_bathtub_val_box_ap_50": 0.7437275985663082,