{"val_mean_box_ap_25": 0.5925607362285541, "val_mean_box_ap_50": 0.48571791112346463, "val_chair_val_box_ap_50": 0.7734536190856236, "val_otherfurniture_val_box_ap_50": 0.43696917246782785, "val_sink_val_box_ap_50": 0.5677297961594493, "val_cabinet_val_box_ap_50": 0.33051280139101397, "val_door_val_box_ap_50": 0.4438337218619942, "val_window_val_box_ap_50": 0.28597644971612585, "val_counter_val_box_ap_50": 0.31485306329691504, "val_table_val_box_ap_50": 0.5780813604000732, "val_sofa_val_box_ap_50": 0.6151613774715938, "val_bookshelf_val_box_ap_50": 0.3156139181523008, "val_desk_val_box_ap_50": 0.4640835371876362, "val_picture_val_box_ap_50": 0.23703491114258865, "val_toilet_val_box_ap_50": 0.8251823607427056, "val_bed_val_box_ap_50": 0.6786718869708758, "val_shower_curtain_val_box_ap_50": 0.26809523809523805, "val_curtain_val_box_ap_50": 0.5367591883841281, "val_bathtub_val_box_ap_50": 0.6378815200694584, "val_refridgerator_val_box_ap_50": 0.4330284776268155, "val_chair_val_box_ap_25": 0.8546208363024737, "val_otherfurniture_val_box_ap_25": 0.4879336763491771, "val_sink_val_box_ap_25": 0.730735888838828, "val_cabinet_val_box_ap_25": 0.46226798638676475, "val_door_val_box_ap_25": 0.5327229900091603, "val_window_val_box_ap_25": 0.47421911305637016, "val_counter_val_box_ap_25": 0.43536660386518655, "val_table_val_box_ap_25": 0.6321376417288438, "val_sofa_val_box_ap_25": 0.7746770849169382, "val_bookshelf_val_box_ap_25": 0.3907366928065312, "val_desk_val_box_ap_25": 0.6492443281240088, "val_picture_val_box_ap_25": 0.2699230618327716, "val_toilet_val_box_ap_25": 0.859681697612732, "val_bed_val_box_ap_25": 0.7835705963715877, "val_shower_curtain_val_box_ap_25": 0.5437878787878789, "val_curtain_val_box_ap_25": 0.6431882727105119, "val_bathtub_val_box_ap_25": 0.6378815200694584, "val_refridgerator_val_box_ap_25": 0.5033973823447507, "val_cabinet_val_ap": 0.3468899726867676, "val_cabinet_val_ap_50": 0.4863221347332001, "val_cabinet_val_ap_25": 0.6056978702545166, "val_bed_val_ap": 0.5691134333610535, "val_bed_val_ap_50": 0.760243833065033, "val_bed_val_ap_25": 0.8199757933616638, "val_chair_val_ap": 0.7591716647148132, "val_chair_val_ap_50": 0.8694480657577515, "val_chair_val_ap_25": 0.8962981700897217, "val_sofa_val_ap": 0.5008190870285034, "val_sofa_val_ap_50": 0.6948314905166626, "val_sofa_val_ap_25": 0.798658549785614, "val_table_val_ap": 0.5294938087463379, "val_table_val_ap_50": 0.6554816961288452, "val_table_val_ap_25": 0.7037292122840881, "val_door_val_ap": 0.4326896369457245, "val_door_val_ap_50": 0.5686261653900146, "val_door_val_ap_25": 0.6581747531890869, "val_window_val_ap": 0.30519479513168335, "val_window_val_ap_50": 0.47672349214553833, "val_window_val_ap_25": 0.5857272148132324, "val_bookshelf_val_ap": 0.32800421118736267, "val_bookshelf_val_ap_50": 0.5139572620391846, "val_bookshelf_val_ap_25": 0.6094326376914978, "val_picture_val_ap": 0.34717580676078796, "val_picture_val_ap_50": 0.4071418344974518, "val_picture_val_ap_25": 0.42245402932167053, "val_counter_val_ap": 0.21032385528087616, "val_counter_val_ap_50": 0.43157920241355896, "val_counter_val_ap_25": 0.49580997228622437, "val_desk_val_ap": 0.2712894380092621, "val_desk_val_ap_50": 0.4902661442756653, "val_desk_val_ap_25": 0.6740509271621704, "val_curtain_val_ap": 0.405694842338562, "val_curtain_val_ap_50": 0.5805038213729858, "val_curtain_val_ap_25": 0.6671497225761414, "val_refrigerator_val_ap": 0.4548923373222351, "val_refrigerator_val_ap_50": 0.5421323180198669, "val_refrigerator_val_ap_25": 0.5421323180198669, "val_shower curtain_val_ap": 0.3343874216079712, "val_shower curtain_val_ap_50": 0.49176228046417236, "val_shower curtain_val_ap_25": 0.5572735667228699, "val_toilet_val_ap": 0.8321071863174438, "val_toilet_val_ap_50": 0.8620689511299133, "val_toilet_val_ap_25": 0.8620689511299133, "val_sink_val_ap": 0.5161912441253662, "val_sink_val_ap_50": 0.6536606550216675, "val_sink_val_ap_25": 0.8478777408599854, "val_bathtub_val_ap": 0.5922728776931763, "val_bathtub_val_ap_50": 0.6451612710952759, "val_bathtub_val_ap_25": 0.6451612710952759, "val_otherfurniture_val_ap": 0.4750259816646576, "val_otherfurniture_val_ap_50": 0.5543369650840759, "val_otherfurniture_val_ap_25": 0.589447021484375, "val_mean_ap": 0.456152081489563, "val_mean_ap_50": 0.5935693383216858, "val_mean_ap_25": 0.6656177639961243, "val_loss_ce": 1.1893113851547241, "val_loss_mask": 0.17891833186149597, "val_loss_dice": 0.37178555130958557, "val_loss_ce_0": 3.8059444427490234, "val_loss_mask_0": 0.6001172661781311, "val_loss_dice_0": 1.8768943548202515, "val_loss_ce_1": 1.8178143501281738, "val_loss_mask_1": 0.31718868017196655, "val_loss_dice_1": 0.7893970012664795, "val_loss_ce_2": 1.4426395893096924, "val_loss_mask_2": 0.27192163467407227, "val_loss_dice_2": 0.5812726616859436, "val_loss_ce_3": 1.2841132879257202, "val_loss_mask_3": 0.2258361130952835, "val_loss_dice_3": 0.4836038649082184, "val_loss_ce_4": 1.2251050472259521, "val_loss_mask_4": 0.20412668585777283, "val_loss_dice_4": 0.4257122576236725, "val_loss_ce_5": 1.2579762935638428, "val_loss_mask_5": 0.20321980118751526, "val_loss_dice_5": 0.4217206537723541, "val_loss_ce_6": 1.1986321210861206, "val_loss_mask_6": 0.1971120536327362, "val_loss_dice_6": 0.4123726189136505, "val_loss_ce_7": 1.1644700765609741, "val_loss_mask_7": 0.19001272320747375, "val_loss_dice_7": 0.39800330996513367, "val_loss_ce_8": 1.1745632886886597, "val_loss_mask_8": 0.1865631639957428, "val_loss_dice_8": 0.38488709926605225, "val_loss_ce_9": 1.2037632465362549, "val_loss_mask_9": 0.18676550686359406, "val_loss_dice_9": 0.38471299409866333, "val_loss_ce_10": 1.15500807762146, "val_loss_mask_10": 0.18277420103549957, "val_loss_dice_10": 0.3844005763530731, "val_loss_ce_11": 1.1346715688705444, "val_loss_mask_11": 0.17939241230487823, "val_loss_dice_11": 0.3790886104106903, "val_mean_loss_ce": 1.4656932353973389, "val_mean_loss_mask": 0.24030373990535736, "val_mean_loss_dice": 0.5610654950141907, "epoch": 0, "trainer/global_step": 0, "_timestamp": 1686079886.8428428, "_runtime": 3440.386237859726, "_step": 0, "_wandb": {"runtime": 3439}}