{"val_mean_box_ap_25": 0.6370746533288706, "val_mean_box_ap_50": 0.49958008961097555, "val_chair_val_box_ap_50": 0.7539362112142067, "val_otherfurniture_val_box_ap_50": 0.47296493684604174, "val_sink_val_box_ap_50": 0.5822929078957662, "val_door_val_box_ap_50": 0.4113012509162345, "val_counter_val_box_ap_50": 0.42870367513593693, "val_cabinet_val_box_ap_50": 0.3407005088584917, "val_table_val_box_ap_50": 0.6052233106980331, "val_window_val_box_ap_50": 0.3240787175910753, "val_refridgerator_val_box_ap_50": 0.3831692007646081, "val_sofa_val_box_ap_50": 0.5265982075492339, "val_bookshelf_val_box_ap_50": 0.29944321966353815, "val_desk_val_box_ap_50": 0.406215012866134, "val_picture_val_box_ap_50": 0.2568174446335725, "val_bathtub_val_box_ap_50": 0.8564396061794606, "val_shower_curtain_val_box_ap_50": 0.20711580086580086, "val_bed_val_box_ap_50": 0.7028056851156267, "val_toilet_val_box_ap_50": 0.9289037586232802, "val_curtain_val_box_ap_50": 0.5057321575805185, "val_chair_val_box_ap_25": 0.8641070006910265, "val_otherfurniture_val_box_ap_25": 0.534191639680892, "val_sink_val_box_ap_25": 0.7460387781018869, "val_door_val_box_ap_25": 0.5092750532788239, "val_counter_val_box_ap_25": 0.67007523602841, "val_cabinet_val_box_ap_25": 0.4805851541798204, "val_table_val_box_ap_25": 0.700376374641108, "val_window_val_box_ap_25": 0.48992067190001465, "val_refridgerator_val_box_ap_25": 0.5035964195945739, "val_sofa_val_box_ap_25": 0.7484153211863713, "val_bookshelf_val_box_ap_25": 0.3311714033067224, "val_desk_val_box_ap_25": 0.6132662012983897, "val_picture_val_box_ap_25": 0.31083639594702717, "val_bathtub_val_box_ap_25": 0.8564396061794606, "val_shower_curtain_val_box_ap_25": 0.6010559463684465, "val_bed_val_box_ap_25": 0.7905676410651534, "val_toilet_val_box_ap_25": 1.0, "val_curtain_val_box_ap_25": 0.7174249164715392, "val_cabinet_val_ap": 0.3700662851333618, "val_cabinet_val_ap_50": 0.5442776083946228, "val_cabinet_val_ap_25": 0.6585691571235657, "val_bed_val_ap": 0.5023084282875061, "val_bed_val_ap_50": 0.7360382080078125, "val_bed_val_ap_25": 0.7733945846557617, "val_chair_val_ap": 0.7486252784729004, "val_chair_val_ap_50": 0.8865755796432495, "val_chair_val_ap_25": 0.9285786747932434, "val_sofa_val_ap": 0.3759228587150574, "val_sofa_val_ap_50": 0.5466946959495544, "val_sofa_val_ap_25": 0.7903545498847961, "val_table_val_ap": 0.5676199793815613, "val_table_val_ap_50": 0.741072952747345, "val_table_val_ap_25": 0.7887735366821289, "val_door_val_ap": 0.47423797845840454, "val_door_val_ap_50": 0.6583613753318787, "val_door_val_ap_25": 0.7487156391143799, "val_window_val_ap": 0.33389657735824585, "val_window_val_ap_50": 0.5382577180862427, "val_window_val_ap_25": 0.6907906532287598, "val_bookshelf_val_ap": 0.2809312641620636, "val_bookshelf_val_ap_50": 0.480758398771286, "val_bookshelf_val_ap_25": 0.5836302042007446, "val_picture_val_ap": 0.3837549388408661, "val_picture_val_ap_50": 0.46633651852607727, "val_picture_val_ap_25": 0.5602030158042908, "val_counter_val_ap": 0.3392499089241028, "val_counter_val_ap_50": 0.5657230615615845, "val_counter_val_ap_25": 0.7276536226272583, "val_desk_val_ap": 0.26850226521492004, "val_desk_val_ap_50": 0.4806809723377228, "val_desk_val_ap_25": 0.6552438139915466, "val_curtain_val_ap": 0.4253639578819275, "val_curtain_val_ap_50": 0.645197331905365, "val_curtain_val_ap_25": 0.8228235244750977, "val_refrigerator_val_ap": 0.44572949409484863, "val_refrigerator_val_ap_50": 0.5197734236717224, "val_refrigerator_val_ap_25": 0.520279049873352, "val_shower curtain_val_ap": 0.48752593994140625, "val_shower curtain_val_ap_50": 0.7221719622612, "val_shower curtain_val_ap_25": 0.8122705817222595, "val_toilet_val_ap": 0.9489494562149048, "val_toilet_val_ap_50": 1.0, "val_toilet_val_ap_25": 1.0, "val_sink_val_ap": 0.5432098507881165, "val_sink_val_ap_50": 0.7255969643592834, "val_sink_val_ap_25": 0.8846737146377563, "val_bathtub_val_ap": 0.7421690225601196, "val_bathtub_val_ap_50": 0.8709677457809448, "val_bathtub_val_ap_25": 0.8709677457809448, "val_otherfurniture_val_ap": 0.5414984226226807, "val_otherfurniture_val_ap_50": 0.6398655772209167, "val_otherfurniture_val_ap_25": 0.6868396401405334, "val_mean_ap": 0.4877534508705139, "val_mean_ap_50": 0.6537972092628479, "val_mean_ap_25": 0.7502089738845825, "val_loss_ce": 0.9565717577934265, "val_loss_mask": 0.17201893031597137, "val_loss_dice": 0.3611840307712555, "val_loss_ce_0": 1.0202221870422363, "val_loss_mask_0": 0.1914004534482956, "val_loss_dice_0": 0.5141089558601379, "val_loss_ce_1": 1.0202221870422363, "val_loss_mask_1": 0.1914004534482956, "val_loss_dice_1": 0.5141089558601379, "val_loss_ce_2": 0.9602678418159485, "val_loss_mask_2": 0.1867317408323288, "val_loss_dice_2": 0.477463036775589, "val_loss_ce_3": 0.9251461029052734, "val_loss_mask_3": 0.17798161506652832, "val_loss_dice_3": 0.43493807315826416, "val_loss_ce_4": 0.9372363090515137, "val_loss_mask_4": 0.1753809005022049, "val_loss_dice_4": 0.4091089069843292, "val_loss_ce_5": 0.9394918084144592, "val_loss_mask_5": 0.17099866271018982, "val_loss_dice_5": 0.38182568550109863, "val_loss_ce_6": 0.9512637257575989, "val_loss_mask_6": 0.1719485968351364, "val_loss_dice_6": 0.38035181164741516, "val_loss_ce_7": 0.9430514574050903, "val_loss_mask_7": 0.172865092754364, "val_loss_dice_7": 0.3780307471752167, "val_loss_ce_8": 0.9466392397880554, "val_loss_mask_8": 0.17571675777435303, "val_loss_dice_8": 0.37610605359077454, "val_loss_ce_9": 0.9474470019340515, "val_loss_mask_9": 0.170753613114357, "val_loss_dice_9": 0.3655555546283722, "val_loss_ce_10": 0.9501214623451233, "val_loss_mask_10": 0.17347660660743713, "val_loss_dice_10": 0.3665545582771301, "val_loss_ce_11": 0.9299659132957458, "val_loss_mask_11": 0.174684539437294, "val_loss_dice_11": 0.36771726608276367, "val_mean_loss_ce": 0.9559728503227234, "val_mean_loss_mask": 0.1773352324962616, "val_mean_loss_dice": 0.4097733497619629, "epoch": 0, "trainer/global_step": 0, "_timestamp": 1693399282.918692, "_runtime": 3679.082763195038, "_step": 0, "_wandb": {"runtime": 3678}}