{"val_mean_box_ap_25": 0.6451475155760078, "val_mean_box_ap_50": 0.5049386260309464, "val_chair_val_box_ap_50": 0.7579561157182972, "val_otherfurniture_val_box_ap_50": 0.4802601023086904, "val_sink_val_box_ap_50": 0.5822929078957662, "val_door_val_box_ap_50": 0.4132414250797294, "val_counter_val_box_ap_50": 0.43599810484415974, "val_cabinet_val_box_ap_50": 0.35093206362764756, "val_table_val_box_ap_50": 0.6100405372007912, "val_window_val_box_ap_50": 0.3281769475525136, "val_refridgerator_val_box_ap_50": 0.4047952355485376, "val_sofa_val_box_ap_50": 0.5265982075492339, "val_bookshelf_val_box_ap_50": 0.306980833507115, "val_desk_val_box_ap_50": 0.41889788471787326, "val_picture_val_box_ap_50": 0.2605034048460732, "val_bathtub_val_box_ap_50": 0.8564396061794606, "val_shower_curtain_val_box_ap_50": 0.21834029066171923, "val_bed_val_box_ap_50": 0.7028056851156267, "val_toilet_val_box_ap_50": 0.9289037586232802, "val_curtain_val_box_ap_50": 0.5057321575805185, "val_chair_val_box_ap_25": 0.8668887901029488, "val_otherfurniture_val_box_ap_25": 0.5437303939173044, "val_sink_val_box_ap_25": 0.7460387781018869, "val_door_val_box_ap_25": 0.5123270129951867, "val_counter_val_box_ap_25": 0.6793590556570572, "val_cabinet_val_box_ap_25": 0.49102624431670044, "val_table_val_box_ap_25": 0.7091712770675656, "val_window_val_box_ap_25": 0.5050630612819751, "val_refridgerator_val_box_ap_25": 0.5293046295133101, "val_sofa_val_box_ap_25": 0.7484153211863713, "val_bookshelf_val_box_ap_25": 0.3436206927611557, "val_desk_val_box_ap_25": 0.6254556603244061, "val_picture_val_box_ap_25": 0.31522480477480874, "val_bathtub_val_box_ap_25": 0.8564396061794606, "val_shower_curtain_val_box_ap_25": 0.6235049259602832, "val_bed_val_box_ap_25": 0.7905676410651534, "val_toilet_val_box_ap_25": 1.0, "val_curtain_val_box_ap_25": 0.7265173851625667, "val_cabinet_val_ap": 0.3794987201690674, "val_cabinet_val_ap_50": 0.5621899962425232, "val_cabinet_val_ap_25": 0.6769570112228394, "val_bed_val_ap": 0.5023084282875061, "val_bed_val_ap_50": 0.7360382080078125, "val_bed_val_ap_25": 0.7733945846557617, "val_chair_val_ap": 0.7530261278152466, "val_chair_val_ap_50": 0.8935307264328003, "val_chair_val_ap_25": 0.9351468086242676, "val_sofa_val_ap": 0.37589722871780396, "val_sofa_val_ap_50": 0.5466946959495544, "val_sofa_val_ap_25": 0.7903545498847961, "val_table_val_ap": 0.570625364780426, "val_table_val_ap_50": 0.7451110482215881, "val_table_val_ap_25": 0.79973965883255, "val_door_val_ap": 0.48034489154815674, "val_door_val_ap_50": 0.669642448425293, "val_door_val_ap_25": 0.7584296464920044, "val_window_val_ap": 0.3423617482185364, "val_window_val_ap_50": 0.5538003444671631, "val_window_val_ap_25": 0.7208561301231384, "val_bookshelf_val_ap": 0.2890588045120239, "val_bookshelf_val_ap_50": 0.5031113028526306, "val_bookshelf_val_ap_25": 0.6009456515312195, "val_picture_val_ap": 0.39342036843299866, "val_picture_val_ap_50": 0.47780925035476685, "val_picture_val_ap_25": 0.5778975486755371, "val_counter_val_ap": 0.345184862613678, "val_counter_val_ap_50": 0.5763023495674133, "val_counter_val_ap_25": 0.7399258017539978, "val_desk_val_ap": 0.2783567011356354, "val_desk_val_ap_50": 0.49633726477622986, "val_desk_val_ap_25": 0.6647428870201111, "val_curtain_val_ap": 0.4275912046432495, "val_curtain_val_ap_50": 0.6555467844009399, "val_curtain_val_ap_25": 0.8353164792060852, "val_refrigerator_val_ap": 0.4623365104198456, "val_refrigerator_val_ap_50": 0.5508494973182678, "val_refrigerator_val_ap_25": 0.5532392859458923, "val_shower curtain_val_ap": 0.5015688538551331, "val_shower curtain_val_ap_50": 0.7221719622612, "val_shower curtain_val_ap_25": 0.8122705817222595, "val_toilet_val_ap": 0.9489494562149048, "val_toilet_val_ap_50": 1.0, "val_toilet_val_ap_25": 1.0, "val_sink_val_ap": 0.5432098507881165, "val_sink_val_ap_50": 0.7255969643592834, "val_sink_val_ap_25": 0.8941990733146667, "val_bathtub_val_ap": 0.7421690225601196, "val_bathtub_val_ap_50": 0.8709677457809448, "val_bathtub_val_ap_25": 0.8709677457809448, "val_otherfurniture_val_ap": 0.5514414310455322, "val_otherfurniture_val_ap_50": 0.6569517254829407, "val_otherfurniture_val_ap_25": 0.7082014083862305, "val_mean_ap": 0.49374163150787354, "val_mean_ap_50": 0.6634806990623474, "val_mean_ap_25": 0.7618102431297302, "val_loss_ce": 0.9565739035606384, "val_loss_mask": 0.17201974987983704, "val_loss_dice": 0.36118730902671814, "val_loss_ce_0": 1.0202221870422363, "val_loss_mask_0": 0.1914004683494568, "val_loss_dice_0": 0.5141089558601379, "val_loss_ce_1": 1.0202221870422363, "val_loss_mask_1": 0.1914004683494568, "val_loss_dice_1": 0.5141089558601379, "val_loss_ce_2": 0.9602678418159485, "val_loss_mask_2": 0.1867317408323288, "val_loss_dice_2": 0.477463036775589, "val_loss_ce_3": 0.9251461625099182, "val_loss_mask_3": 0.17798161506652832, "val_loss_dice_3": 0.43493807315826416, "val_loss_ce_4": 0.9372362494468689, "val_loss_mask_4": 0.1753809154033661, "val_loss_dice_4": 0.4091089367866516, "val_loss_ce_5": 0.939491868019104, "val_loss_mask_5": 0.17099866271018982, "val_loss_dice_5": 0.38182568550109863, "val_loss_ce_6": 0.9512637853622437, "val_loss_mask_6": 0.1719485968351364, "val_loss_dice_6": 0.38035181164741516, "val_loss_ce_7": 0.9430514574050903, "val_loss_mask_7": 0.17286507785320282, "val_loss_dice_7": 0.3780307471752167, "val_loss_ce_8": 0.9466392397880554, "val_loss_mask_8": 0.17571677267551422, "val_loss_dice_8": 0.37610602378845215, "val_loss_ce_9": 0.9474470615386963, "val_loss_mask_9": 0.1707538515329361, "val_loss_dice_9": 0.3655555546283722, "val_loss_ce_10": 0.9501197934150696, "val_loss_mask_10": 0.173476904630661, "val_loss_dice_10": 0.36655393242836, "val_loss_ce_11": 0.9299668073654175, "val_loss_mask_11": 0.17468392848968506, "val_loss_dice_11": 0.367716908454895, "val_mean_loss_ce": 0.9559729695320129, "val_mean_loss_mask": 0.17733529210090637, "val_mean_loss_dice": 0.4097735285758972, "epoch": 0, "trainer/global_step": 0, "_timestamp": 1693422304.5395055, "_runtime": 4028.4943935871124, "_step": 0, "_wandb": {"runtime": 4028}}