{"val_mean_box_ap_25": 0.508202268017399, "val_mean_box_ap_50": 0.42449707932200353, "val_chair_val_box_ap_50": 0.7822269073032144, "val_otherfurniture_val_box_ap_50": 0.34696289885966647, "val_sink_val_box_ap_50": 0.5706164470185127, "val_window_val_box_ap_50": 0.27150094507016204, "val_door_val_box_ap_50": 0.3664602879944653, "val_cabinet_val_box_ap_50": 0.21312938504708606, "val_table_val_box_ap_50": 0.43799696462791615, "val_refridgerator_val_box_ap_50": 0.13011695906432746, "val_desk_val_box_ap_50": 0.38231294633408697, "val_picture_val_box_ap_50": 0.22107357661544147, "val_sofa_val_box_ap_50": 0.565696525681646, "val_bookshelf_val_box_ap_50": 0.1661428207646695, "val_bathtub_val_box_ap_50": 0.8112305854241336, "val_shower_curtain_val_box_ap_50": 0.3367686216656468, "val_curtain_val_box_ap_50": 0.3947625754314032, "val_toilet_val_box_ap_50": 0.8408237932418777, "val_bed_val_box_ap_50": 0.6558935731125011, "val_counter_val_box_ap_50": 0.14723161453930683, "val_chair_val_box_ap_25": 0.8422185316598936, "val_otherfurniture_val_box_ap_25": 0.3829598246795243, "val_sink_val_box_ap_25": 0.7259787353815075, "val_window_val_box_ap_25": 0.4232805266702971, "val_door_val_box_ap_25": 0.44605019643617416, "val_cabinet_val_box_ap_25": 0.28888999002594723, "val_table_val_box_ap_25": 0.4695089724891831, "val_refridgerator_val_box_ap_25": 0.19295835743204162, "val_desk_val_box_ap_25": 0.5279469744621275, "val_picture_val_box_ap_25": 0.2448190953205088, "val_sofa_val_box_ap_25": 0.7213052719856865, "val_bookshelf_val_box_ap_25": 0.22285459638400812, "val_bathtub_val_box_ap_25": 0.8709677419354839, "val_shower_curtain_val_box_ap_25": 0.4005281359155174, "val_curtain_val_box_ap_25": 0.5074580919357039, "val_toilet_val_box_ap_25": 0.9307210031347963, "val_bed_val_box_ap_25": 0.7213841275772059, "val_counter_val_box_ap_25": 0.22781065088757396, "val_cabinet_val_ap": 0.19445429742336273, "val_cabinet_val_ap_50": 0.30467796325683594, "val_cabinet_val_ap_25": 0.40012189745903015, "val_bed_val_ap": 0.4794917404651642, "val_bed_val_ap_50": 0.719758927822113, "val_bed_val_ap_25": 0.719758927822113, "val_chair_val_ap": 0.7400873899459839, "val_chair_val_ap_50": 0.8506640195846558, "val_chair_val_ap_25": 0.867188572883606, "val_sofa_val_ap": 0.4393928050994873, "val_sofa_val_ap_50": 0.5920867919921875, "val_sofa_val_ap_25": 0.7374054789543152, "val_table_val_ap": 0.3970593512058258, "val_table_val_ap_50": 0.49703893065452576, "val_table_val_ap_25": 0.513526976108551, "val_door_val_ap": 0.37533700466156006, "val_door_val_ap_50": 0.48821553587913513, "val_door_val_ap_25": 0.5538763999938965, "val_window_val_ap": 0.29400932788848877, "val_window_val_ap_50": 0.45827728509902954, "val_window_val_ap_25": 0.5443131327629089, "val_bookshelf_val_ap": 0.15654493868350983, "val_bookshelf_val_ap_50": 0.24015170335769653, "val_bookshelf_val_ap_25": 0.27709922194480896, "val_picture_val_ap": 0.33385440707206726, "val_picture_val_ap_50": 0.37953630089759827, "val_picture_val_ap_25": 0.4069439470767975, "val_counter_val_ap": 0.07030501961708069, "val_counter_val_ap_50": 0.1791185736656189, "val_counter_val_ap_25": 0.23529411852359772, "val_desk_val_ap": 0.24459266662597656, "val_desk_val_ap_50": 0.44139334559440613, "val_desk_val_ap_25": 0.5318785905838013, "val_curtain_val_ap": 0.3202430307865143, "val_curtain_val_ap_50": 0.48030567169189453, "val_curtain_val_ap_25": 0.5661118030548096, "val_refrigerator_val_ap": 0.16707122325897217, "val_refrigerator_val_ap_50": 0.24561403691768646, "val_refrigerator_val_ap_25": 0.24561403691768646, "val_shower curtain_val_ap": 0.4582100212574005, "val_shower curtain_val_ap_50": 0.6734148263931274, "val_shower curtain_val_ap_25": 0.6749957203865051, "val_toilet_val_ap": 0.8935292959213257, "val_toilet_val_ap_50": 0.931034505367279, "val_toilet_val_ap_25": 0.9482758641242981, "val_sink_val_ap": 0.5136414170265198, "val_sink_val_ap_50": 0.7055873274803162, "val_sink_val_ap_25": 0.875, "val_bathtub_val_ap": 0.6983808279037476, "val_bathtub_val_ap_50": 0.8709677457809448, "val_bathtub_val_ap_25": 0.8709677457809448, "val_otherfurniture_val_ap": 0.37111255526542664, "val_otherfurniture_val_ap_50": 0.440039724111557, "val_otherfurniture_val_ap_25": 0.458853155374527, "val_mean_ap": 0.3970731794834137, "val_mean_ap_50": 0.5276601910591125, "val_mean_ap_25": 0.5792903304100037, "val_loss_ce": 1.3692301511764526, "val_loss_mask": 0.16815650463104248, "val_loss_dice": 0.3549461364746094, "val_loss_ce_0": 1.4181970357894897, "val_loss_mask_0": 0.20455490052700043, "val_loss_dice_0": 0.6210939288139343, "val_loss_ce_1": 1.4181970357894897, "val_loss_mask_1": 0.20455490052700043, "val_loss_dice_1": 0.6210939288139343, "val_loss_ce_2": 3.347764015197754, "val_loss_mask_2": 0.1967710703611374, "val_loss_dice_2": 0.5744307041168213, "val_loss_ce_3": 1.967664122581482, "val_loss_mask_3": 0.18053719401359558, "val_loss_dice_3": 0.5052713751792908, "val_loss_ce_4": 1.7901697158813477, "val_loss_mask_4": 0.17411096394062042, "val_loss_dice_4": 0.43976762890815735, "val_loss_ce_5": 1.4342707395553589, "val_loss_mask_5": 0.1704852283000946, "val_loss_dice_5": 0.40547770261764526, "val_loss_ce_6": 1.5098692178726196, "val_loss_mask_6": 0.16041338443756104, "val_loss_dice_6": 0.38547688722610474, "val_loss_ce_7": 1.5043330192565918, "val_loss_mask_7": 0.16176466643810272, "val_loss_dice_7": 0.38646987080574036, "val_loss_ce_8": 1.352886438369751, "val_loss_mask_8": 0.16769976913928986, "val_loss_dice_8": 0.3860608637332916, "val_loss_ce_9": 1.3152679204940796, "val_loss_mask_9": 0.16918861865997314, "val_loss_dice_9": 0.37529534101486206, "val_loss_ce_10": 1.2831120491027832, "val_loss_mask_10": 0.17435981333255768, "val_loss_dice_10": 0.3737447261810303, "val_loss_ce_11": 1.3450664281845093, "val_loss_mask_11": 0.16330793499946594, "val_loss_dice_11": 0.3626011908054352, "val_loss_ce_12": 1.3667470216751099, "val_loss_mask_12": 0.16469010710716248, "val_loss_dice_12": 0.3659694790840149, "val_loss_ce_13": 1.3157659769058228, "val_loss_mask_13": 0.1718073934316635, "val_loss_dice_13": 0.36764347553253174, "val_loss_ce_14": 1.3277994394302368, "val_loss_mask_14": 0.17246860265731812, "val_loss_dice_14": 0.3607998788356781, "val_mean_loss_ce": 1.5666462182998657, "val_mean_loss_mask": 0.17530444264411926, "val_mean_loss_dice": 0.43038395047187805, "epoch": 0, "trainer/global_step": 0, "_timestamp": 1691951388.490008, "_runtime": 4069.5105810165405, "_step": 0, "_wandb": {"runtime": 4069}}