{"val_mean_box_ap_25": 0.6192999882951304, "val_mean_box_ap_50": 0.48885290263882347, "val_chair_val_box_ap_50": 0.7480213002318772, "val_otherfurniture_val_box_ap_50": 0.4638433036288875, "val_sink_val_box_ap_50": 0.5822929078957662, "val_door_val_box_ap_50": 0.40144678085996954, "val_counter_val_box_ap_50": 0.42071166714392894, "val_cabinet_val_box_ap_50": 0.32942442568202657, "val_table_val_box_ap_50": 0.5793742330807282, "val_window_val_box_ap_50": 0.3112250924388642, "val_refridgerator_val_box_ap_50": 0.35993128140480507, "val_sofa_val_box_ap_50": 0.513212927352736, "val_bookshelf_val_box_ap_50": 0.27753393026656403, "val_desk_val_box_ap_50": 0.3854248676699561, "val_bathtub_val_box_ap_50": 0.8564396061794606, "val_picture_val_box_ap_50": 0.24595839600151245, "val_shower_curtain_val_box_ap_50": 0.19521103896103897, "val_bed_val_box_ap_50": 0.7028056851156267, "val_toilet_val_box_ap_50": 0.9289037586232802, "val_curtain_val_box_ap_50": 0.4975910449617939, "val_chair_val_box_ap_25": 0.8533497756901448, "val_otherfurniture_val_box_ap_25": 0.5189597553925098, "val_sink_val_box_ap_25": 0.7460387781018869, "val_door_val_box_ap_25": 0.48837705921567076, "val_counter_val_box_ap_25": 0.6598354757886498, "val_cabinet_val_box_ap_25": 0.4631155086278628, "val_table_val_box_ap_25": 0.6646351293498294, "val_window_val_box_ap_25": 0.470433587221909, "val_refridgerator_val_box_ap_25": 0.4754185187019915, "val_sofa_val_box_ap_25": 0.7324517678988824, "val_bookshelf_val_box_ap_25": 0.3122003408787014, "val_desk_val_box_ap_25": 0.5860251952248009, "val_bathtub_val_box_ap_25": 0.8564396061794606, "val_picture_val_box_ap_25": 0.2975473486814363, "val_shower_curtain_val_box_ap_25": 0.5538089225589227, "val_bed_val_box_ap_25": 0.7806910978552769, "val_toilet_val_box_ap_25": 1.0, "val_curtain_val_box_ap_25": 0.6880719219444152, "val_cabinet_val_ap": 0.3562856614589691, "val_cabinet_val_ap_50": 0.5230661034584045, "val_cabinet_val_ap_25": 0.6268909573554993, "val_bed_val_ap": 0.5023084282875061, "val_bed_val_ap_50": 0.7360382080078125, "val_bed_val_ap_25": 0.7733945846557617, "val_chair_val_ap": 0.7426627278327942, "val_chair_val_ap_50": 0.8773643970489502, "val_chair_val_ap_25": 0.9088090062141418, "val_sofa_val_ap": 0.3677721619606018, "val_sofa_val_ap_50": 0.5320538878440857, "val_sofa_val_ap_25": 0.773445188999176, "val_table_val_ap": 0.5470032095909119, "val_table_val_ap_50": 0.702551007270813, "val_table_val_ap_25": 0.7438049912452698, "val_door_val_ap": 0.46471431851387024, "val_door_val_ap_50": 0.6366422772407532, "val_door_val_ap_25": 0.7125353217124939, "val_window_val_ap": 0.32115235924720764, "val_window_val_ap_50": 0.5112952589988708, "val_window_val_ap_25": 0.6361272931098938, "val_bookshelf_val_ap": 0.2610834240913391, "val_bookshelf_val_ap_50": 0.44249069690704346, "val_bookshelf_val_ap_25": 0.5475677251815796, "val_picture_val_ap": 0.3520314395427704, "val_picture_val_ap_50": 0.4264625310897827, "val_picture_val_ap_25": 0.501621663570404, "val_counter_val_ap": 0.33286353945732117, "val_counter_val_ap_50": 0.5542725920677185, "val_counter_val_ap_25": 0.7006450891494751, "val_desk_val_ap": 0.25625696778297424, "val_desk_val_ap_50": 0.4555419981479645, "val_desk_val_ap_25": 0.6196003556251526, "val_curtain_val_ap": 0.4209391176700592, "val_curtain_val_ap_50": 0.6344373822212219, "val_curtain_val_ap_25": 0.797565758228302, "val_refrigerator_val_ap": 0.41725391149520874, "val_refrigerator_val_ap_50": 0.4874562621116638, "val_refrigerator_val_ap_25": 0.4874562621116638, "val_shower curtain_val_ap": 0.4559137523174286, "val_shower curtain_val_ap_50": 0.6635066270828247, "val_shower curtain_val_ap_25": 0.7484999895095825, "val_toilet_val_ap": 0.9489494562149048, "val_toilet_val_ap_50": 1.0, "val_toilet_val_ap_25": 1.0, "val_sink_val_ap": 0.5432098507881165, "val_sink_val_ap_50": 0.7255969643592834, "val_sink_val_ap_25": 0.8846737146377563, "val_bathtub_val_ap": 0.7421690225601196, "val_bathtub_val_ap_50": 0.8709677457809448, "val_bathtub_val_ap_25": 0.8709677457809448, "val_otherfurniture_val_ap": 0.5259681940078735, "val_otherfurniture_val_ap_50": 0.6158327460289001, "val_otherfurniture_val_ap_25": 0.6595966815948486, "val_mean_ap": 0.4754742980003357, "val_mean_ap_50": 0.6330875754356384, "val_mean_ap_25": 0.7218445539474487, "val_loss_ce": 0.956571638584137, "val_loss_mask": 0.17201775312423706, "val_loss_dice": 0.361183762550354, "val_loss_ce_0": 1.0202221870422363, "val_loss_mask_0": 0.1914004683494568, "val_loss_dice_0": 0.5141089558601379, "val_loss_ce_1": 1.0202221870422363, "val_loss_mask_1": 0.1914004683494568, "val_loss_dice_1": 0.5141089558601379, "val_loss_ce_2": 0.9602678418159485, "val_loss_mask_2": 0.1867317408323288, "val_loss_dice_2": 0.477463036775589, "val_loss_ce_3": 0.9251461029052734, "val_loss_mask_3": 0.17798161506652832, "val_loss_dice_3": 0.43493807315826416, "val_loss_ce_4": 0.9372362494468689, "val_loss_mask_4": 0.1753809154033661, "val_loss_dice_4": 0.4091089069843292, "val_loss_ce_5": 0.939491868019104, "val_loss_mask_5": 0.17099866271018982, "val_loss_dice_5": 0.38182565569877625, "val_loss_ce_6": 0.9512637853622437, "val_loss_mask_6": 0.17194855213165283, "val_loss_dice_6": 0.3803517818450928, "val_loss_ce_7": 0.9430515170097351, "val_loss_mask_7": 0.17286494374275208, "val_loss_dice_7": 0.3780307471752167, "val_loss_ce_8": 0.9466400742530823, "val_loss_mask_8": 0.1757165491580963, "val_loss_dice_8": 0.376105934381485, "val_loss_ce_9": 0.9474475383758545, "val_loss_mask_9": 0.1707533299922943, "val_loss_dice_9": 0.36555543541908264, "val_loss_ce_10": 0.9501219391822815, "val_loss_mask_10": 0.17347636818885803, "val_loss_dice_10": 0.3665543794631958, "val_loss_ce_11": 0.9299651980400085, "val_loss_mask_11": 0.17468398809432983, "val_loss_dice_11": 0.3677169382572174, "val_mean_loss_ce": 0.9559729099273682, "val_mean_loss_mask": 0.17733502388000488, "val_mean_loss_dice": 0.4097732901573181, "epoch": 0, "trainer/global_step": 0, "_timestamp": 1693381391.089958, "_runtime": 3759.3619079589844, "_step": 0, "_wandb": {"runtime": 3758}}