{"lr-AdamW": 5.0240728148198455e-06, "trainer/global_step": 79249, "_timestamp": 1692087500.5874674, "_runtime": 112447.1752743721, "_step": 3369, "train_loss_ce": 1.0572513341903687, "train_loss_mask": 1.0223991870880127, "train_loss_dice": 2.7635350227355957, "train_loss_ce_0": 2.5266542434692383, "train_loss_mask_0": 1.1372654438018799, "train_loss_dice_0": 3.4390954971313477, "train_loss_ce_1": 2.4267468452453613, "train_loss_mask_1": 1.141135811805725, "train_loss_dice_1": 3.427511692047119, "train_loss_ce_2": 1.2877436876296997, "train_loss_mask_2": 1.1079676151275635, "train_loss_dice_2": 3.422257423400879, "train_loss_ce_3": 1.0634596347808838, "train_loss_mask_3": 1.0421621799468994, "train_loss_dice_3": 3.1862192153930664, "train_loss_ce_4": 0.9578510522842407, "train_loss_mask_4": 1.026930332183838, "train_loss_dice_4": 3.086461067199707, "train_loss_ce_5": 0.9807215929031372, "train_loss_mask_5": 0.9966036677360535, "train_loss_dice_5": 2.9604196548461914, "train_loss_ce_6": 0.9684947729110718, "train_loss_mask_6": 0.9782424569129944, "train_loss_dice_6": 2.853196382522583, "train_loss_ce_7": 0.9125208258628845, "train_loss_mask_7": 0.9467489719390869, "train_loss_dice_7": 2.8715457916259766, "train_loss_ce_8": 0.8738193511962891, "train_loss_mask_8": 0.9723025560379028, "train_loss_dice_8": 2.8354005813598633, "train_loss_ce_9": 0.8219307661056519, "train_loss_mask_9": 0.9772061705589294, "train_loss_dice_9": 2.8152427673339844, "train_loss_ce_10": 0.8629734516143799, "train_loss_mask_10": 0.9497166275978088, "train_loss_dice_10": 2.8280887603759766, "train_loss_ce_11": 0.934164822101593, "train_loss_mask_11": 0.9952390789985657, "train_loss_dice_11": 2.7640857696533203, "train_loss_ce_12": 0.901062548160553, "train_loss_mask_12": 1.0044636726379395, "train_loss_dice_12": 2.76300048828125, "train_loss_ce_13": 0.9072350263595581, "train_loss_mask_13": 0.9916362762451172, "train_loss_dice_13": 2.8013558387756348, "train_loss_ce_14": 0.8335053324699402, "train_loss_mask_14": 1.058423638343811, "train_loss_dice_14": 2.813239574432373, "train_mean_loss_ce": 1.1447584629058838, "train_mean_loss_mask": 1.0217777490615845, "train_mean_loss_dice": 2.9769160747528076, "epoch": 197, "train_loss_mean": 79.89521789550781, "val_mean_box_ap_25": 0.058193097766356505, "val_mean_box_ap_50": 0.025830003849936667, "val_cabinet_val_box_ap_50": 0.0034067605163814255, "val_table_val_box_ap_50": 0.021716697268952874, "val_chair_val_box_ap_50": 0.04388342973732587, "val_otherfurniture_val_box_ap_50": 0.020700233048783725, "val_refridgerator_val_box_ap_50": 3.354466472107611e-05, "val_window_val_box_ap_50": 0.0024378652394381277, "val_counter_val_box_ap_50": 0.0002463730936750455, "val_sink_val_box_ap_50": 0.02763696435415308, "val_door_val_box_ap_50": 0.014320449268632338, "val_cabinet_val_box_ap_25": 0.0120281058650676, "val_table_val_box_ap_25": 0.047567140861133866, "val_chair_val_box_ap_25": 0.09103913372436487, "val_otherfurniture_val_box_ap_25": 0.03943196526015823, "val_refridgerator_val_box_ap_25": 0.002852145005172524, "val_window_val_box_ap_25": 0.013995465264689576, "val_counter_val_box_ap_25": 0.0063671733584015, "val_sink_val_box_ap_25": 0.09702173620621383, "val_door_val_box_ap_25": 0.029940884253758453, "val_cabinet_val_ap": 0.0024086730554699898, "val_cabinet_val_ap_50": 0.007509518880397081, "val_cabinet_val_ap_25": 0.0439692921936512, "val_bed_val_ap": 0.0011431184830144048, "val_bed_val_ap_50": 0.002057613106444478, "val_bed_val_ap_25": 0.019547324627637863, "val_chair_val_ap": 0.06777092814445496, "val_chair_val_ap_50": 0.14340420067310333, "val_chair_val_ap_25": 0.28961583971977234, "val_sofa_val_ap": 0.026522817090153694, "val_sofa_val_ap_50": 0.07652442157268524, "val_sofa_val_ap_25": 0.2830968499183655, "val_table_val_ap": 0.023031221702694893, "val_table_val_ap_50": 0.06714679300785065, "val_table_val_ap_25": 0.15324565768241882, "val_door_val_ap": 0.018105212599039078, "val_door_val_ap_50": 0.032213788479566574, "val_door_val_ap_25": 0.07035356760025024, "val_window_val_ap": 0.0011133936932310462, "val_window_val_ap_50": 0.005132067482918501, "val_window_val_ap_25": 0.048731688410043716, "val_bookshelf_val_ap": 4.5093795051798224e-05, "val_bookshelf_val_ap_50": 0.000405844155466184, "val_bookshelf_val_ap_25": 0.06345290690660477, "val_picture_val_ap": 2.1923513486399315e-05, "val_picture_val_ap_50": 5.02765215060208e-05, "val_picture_val_ap_25": 0.0007636252557858825, "val_counter_val_ap": 0.0001884500088635832, "val_counter_val_ap_50": 0.0006650314317084849, "val_counter_val_ap_25": 0.01949991099536419, "val_desk_val_ap": 0.00014908597222529352, "val_desk_val_ap_50": 0.0012349047465249896, "val_desk_val_ap_25": 0.00304655940271914, "val_curtain_val_ap": 0.0031334059312939644, "val_curtain_val_ap_50": 0.022603638470172882, "val_curtain_val_ap_25": 0.04865458980202675, "val_refrigerator_val_ap": 0.0, "val_refrigerator_val_ap_50": 0.0, "val_refrigerator_val_ap_25": 0.011786095798015594, "val_shower curtain_val_ap": 0.094747394323349, "val_shower curtain_val_ap_50": 0.26025041937828064, "val_shower curtain_val_ap_25": 0.32762008905410767, "val_toilet_val_ap": 0.2085399627685547, "val_toilet_val_ap_50": 0.3764994442462921, "val_toilet_val_ap_25": 0.4317832589149475, "val_sink_val_ap": 0.03415170684456825, "val_sink_val_ap_50": 0.07474987208843231, "val_sink_val_ap_25": 0.15606689453125, "val_bathtub_val_ap": 0.0850188285112381, "val_bathtub_val_ap_50": 0.23032423853874207, "val_bathtub_val_ap_25": 0.3758368194103241, "val_otherfurniture_val_ap": 0.027963316068053246, "val_otherfurniture_val_ap_50": 0.058739785104990005, "val_otherfurniture_val_ap_25": 0.12491155415773392, "val_mean_ap": 0.033003028482198715, "val_mean_ap_50": 0.07552843540906906, "val_mean_ap_25": 0.13733236491680145, "val_loss_ce": 2.3694663047790527, "val_loss_mask": 0.3965289294719696, "val_loss_dice": 1.2411569356918335, "val_loss_ce_0": 2.297895908355713, "val_loss_mask_0": 0.38879552483558655, "val_loss_dice_0": 1.2688099145889282, "val_loss_ce_1": 2.297895908355713, "val_loss_mask_1": 0.38879552483558655, "val_loss_dice_1": 1.2688099145889282, "val_loss_ce_2": 2.3233938217163086, "val_loss_mask_2": 0.5257717370986938, "val_loss_dice_2": 1.488133192062378, "val_loss_ce_3": 2.366284132003784, "val_loss_mask_3": 0.5277424454689026, "val_loss_dice_3": 1.4655652046203613, "val_loss_ce_4": 2.4810047149658203, "val_loss_mask_4": 0.4232530891895294, "val_loss_dice_4": 1.3016273975372314, "val_loss_ce_5": 2.82033371925354, "val_loss_mask_5": 0.39957764744758606, "val_loss_dice_5": 1.2800313234329224, "val_loss_ce_6": 3.067676305770874, "val_loss_mask_6": 0.392597496509552, "val_loss_dice_6": 1.2557557821273804, "val_loss_ce_7": 2.550405263900757, "val_loss_mask_7": 0.40785476565361023, "val_loss_dice_7": 1.3054429292678833, "val_loss_ce_8": 2.6355080604553223, "val_loss_mask_8": 0.401448518037796, "val_loss_dice_8": 1.2445191144943237, "val_loss_ce_9": 2.715501308441162, "val_loss_mask_9": 0.38880911469459534, "val_loss_dice_9": 1.23758065700531, "val_loss_ce_10": 2.797964096069336, "val_loss_mask_10": 0.40959733724594116, "val_loss_dice_10": 1.2693541049957275, "val_loss_ce_11": 2.9455642700195312, "val_loss_mask_11": 0.4115186631679535, "val_loss_dice_11": 1.261405348777771, "val_loss_ce_12": 2.452287435531616, "val_loss_mask_12": 0.4302961230278015, "val_loss_dice_12": 1.308092474937439, "val_loss_ce_13": 2.3598711490631104, "val_loss_mask_13": 0.3970823884010315, "val_loss_dice_13": 1.2309499979019165, "val_loss_ce_14": 2.333292007446289, "val_loss_mask_14": 0.38969820737838745, "val_loss_dice_14": 1.2339551448822021, "val_mean_loss_ce": 2.550896644592285, "val_mean_loss_mask": 0.41746047139167786, "val_mean_loss_dice": 1.2913243770599365, "val_curtain_val_box_ap_50": 0.006195196842221171, "val_bookshelf_val_box_ap_50": 0.0016233766233766235, "val_desk_val_box_ap_50": 0.001600493249926141, "val_sofa_val_box_ap_50": 0.02421391083535737,