{"lr-AdamW": 4.07644442088309e-06, "trainer/global_step": 1299, "_timestamp": 1691385523.7881463, "_runtime": 1205.4055132865906, "_step": 37, "train_loss_ce": 2.0522210597991943, "train_loss_mask": 1.925693154335022, "train_loss_dice": 5.3438215255737305, "train_loss_ce_0": 3.4652223587036133, "train_loss_mask_0": 1.9821224212646484, "train_loss_dice_0": 5.384345531463623, "train_loss_ce_1": 4.193576335906982, "train_loss_mask_1": 1.9548287391662598, "train_loss_dice_1": 5.363328456878662, "train_loss_ce_2": 2.5743794441223145, "train_loss_mask_2": 1.9446319341659546, "train_loss_dice_2": 5.353431701660156, "train_loss_ce_3": 2.4397132396698, "train_loss_mask_3": 1.9085830450057983, "train_loss_dice_3": 5.329319000244141, "train_loss_ce_4": 2.2540459632873535, "train_loss_mask_4": 1.9376583099365234, "train_loss_dice_4": 5.317067623138428, "train_loss_ce_5": 2.227555751800537, "train_loss_mask_5": 1.961828351020813, "train_loss_dice_5": 5.328256607055664, "train_loss_ce_6": 2.1133012771606445, "train_loss_mask_6": 1.9385277032852173, "train_loss_dice_6": 5.339688301086426, "train_loss_ce_7": 2.144691228866577, "train_loss_mask_7": 1.924519419670105, "train_loss_dice_7": 5.337029457092285, "train_loss_ce_8": 2.111086845397949, "train_loss_mask_8": 1.914284110069275, "train_loss_dice_8": 5.336289405822754, "train_loss_ce_9": 2.0132839679718018, "train_loss_mask_9": 1.9297677278518677, "train_loss_dice_9": 5.333889007568359, "train_loss_ce_10": 2.014833450317383, "train_loss_mask_10": 1.9460055828094482, "train_loss_dice_10": 5.324766635894775, "train_loss_ce_11": 2.0197715759277344, "train_loss_mask_11": 1.9339826107025146, "train_loss_dice_11": 5.328091144561768, "train_loss_ce_12": 2.2690014839172363, "train_loss_mask_12": 1.9339983463287354, "train_loss_dice_12": 5.365156650543213, "train_loss_ce_13": 2.112229347229004, "train_loss_mask_13": 1.935040831565857, "train_loss_dice_13": 5.3555073738098145, "train_loss_ce_14": 2.150811195373535, "train_loss_mask_14": 1.9273043870925903, "train_loss_dice_14": 5.356625556945801, "train_mean_loss_ce": 2.384732723236084, "train_mean_loss_mask": 1.937423586845398, "train_mean_loss_dice": 5.343538284301758, "epoch": 3, "train_loss_mean": 156.93727111816406}