{"lr-AdamW": 5.10249550897191e-05, "trainer/global_step": 155587, "_timestamp": 1692431005.0661047, "_runtime": 105144.86484670639, "_step": 3068, "train_loss_ce": 0.21701937913894653, "train_loss_mask": 0.3071465492248535, "train_loss_dice": 1.061183214187622, "train_loss_ce_0": 1.3549810647964478, "train_loss_mask_0": 0.6588068008422852, "train_loss_dice_0": 2.473759174346924, "train_loss_ce_1": 1.0335636138916016, "train_loss_mask_1": 0.6200662851333618, "train_loss_dice_1": 2.3470101356506348, "train_loss_ce_2": 0.7230360507965088, "train_loss_mask_2": 0.5732942819595337, "train_loss_dice_2": 1.9298150539398193, "train_loss_ce_3": 0.4924248456954956, "train_loss_mask_3": 0.5446786880493164, "train_loss_dice_3": 1.6734023094177246, "train_loss_ce_4": 0.3361707925796509, "train_loss_mask_4": 0.4775691032409668, "train_loss_dice_4": 1.3946380615234375, "train_loss_ce_5": 0.34336188435554504, "train_loss_mask_5": 0.38388967514038086, "train_loss_dice_5": 1.2936432361602783, "train_loss_ce_6": 0.2447425127029419, "train_loss_mask_6": 0.37486210465431213, "train_loss_dice_6": 1.21311616897583, "train_loss_ce_7": 0.1909644603729248, "train_loss_mask_7": 0.38959383964538574, "train_loss_dice_7": 1.1984672546386719, "train_loss_ce_8": 0.13989336788654327, "train_loss_mask_8": 0.3820904493331909, "train_loss_dice_8": 1.2200206518173218, "train_loss_ce_9": 0.15118838846683502, "train_loss_mask_9": 0.37718579173088074, "train_loss_dice_9": 1.2423453330993652, "train_loss_ce_10": 0.14362996816635132, "train_loss_mask_10": 0.37217026948928833, "train_loss_dice_10": 1.203054428100586, "train_loss_ce_11": 0.16397541761398315, "train_loss_mask_11": 0.35946980118751526, "train_loss_dice_11": 1.1652247905731201, "train_loss_ce_12": 0.13728363811969757, "train_loss_mask_12": 0.38284334540367126, "train_loss_dice_12": 1.1403640508651733, "train_loss_ce_13": 0.22645343840122223, "train_loss_mask_13": 0.3344992399215698, "train_loss_dice_13": 1.1003797054290771, "train_loss_ce_14": 0.26195889711380005, "train_loss_mask_14": 0.32219260931015015, "train_loss_dice_14": 1.1120675802230835, "train_mean_loss_ce": 0.3850404918193817, "train_mean_loss_mask": 0.4287724196910858, "train_mean_loss_dice": 1.4230307340621948, "epoch": 387, "train_loss_mean": 31.692245483398438, "val_mean_box_ap_25": 0.5102943092987915, "val_mean_box_ap_50": 0.38040292325418595, "val_chair_val_box_ap_50": 0.6342247520757491, "val_otherfurniture_val_box_ap_50": 0.3460911548294424, "val_sink_val_box_ap_50": 0.5090609201082927, "val_door_val_box_ap_50": 0.3496022599553822, "val_table_val_box_ap_50": 0.44705851222661674, "val_window_val_box_ap_50": 0.11761409043405123, "val_picture_val_box_ap_50": 0.21975154450826123, "val_counter_val_box_ap_50": 0.306194668376485, "val_cabinet_val_box_ap_50": 0.23403363626880494, "val_sofa_val_box_ap_50": 0.4750227715496869, "val_toilet_val_box_ap_50": 0.8096256580972494, "val_refridgerator_val_box_ap_50": 0.24154250937553806, "val_shower_curtain_val_box_ap_50": 0.3227380952380952, "val_curtain_val_box_ap_50": 0.20981734568169338, "val_desk_val_box_ap_50": 0.29230967914768063, "val_chair_val_box_ap_25": 0.8013115714414037, "val_otherfurniture_val_box_ap_25": 0.41217866070372267, "val_sink_val_box_ap_25": 0.6914503706235113, "val_door_val_box_ap_25": 0.4447025800672776, "val_table_val_box_ap_25": 0.5484815953751765, "val_window_val_box_ap_25": 0.24363238368204568, "val_picture_val_box_ap_25": 0.2559408591666334, "val_counter_val_box_ap_25": 0.4916059536920957, "val_cabinet_val_box_ap_25": 0.3483434333367863, "val_sofa_val_box_ap_25": 0.7451002080822164, "val_toilet_val_box_ap_25": 0.9046250449740595, "val_refridgerator_val_box_ap_25": 0.33605085877089835, "val_shower_curtain_val_box_ap_25": 0.5722096105648737, "val_curtain_val_box_ap_25": 0.3069616653872651, "val_desk_val_box_ap_25": 0.4883804906374497, "val_cabinet_val_ap": 0.23280148208141327, "val_cabinet_val_ap_50": 0.40066593885421753, "val_cabinet_val_ap_25": 0.5797258019447327, "val_bed_val_ap": 0.3312366008758545, "val_bed_val_ap_50": 0.6161790490150452, "val_bed_val_ap_25": 0.6910470128059387, "val_chair_val_ap": 0.6726500988006592, "val_chair_val_ap_50": 0.8540661334991455, "val_chair_val_ap_25": 0.9186558723449707, "val_sofa_val_ap": 0.44195330142974854, "val_sofa_val_ap_50": 0.6281940340995789, "val_sofa_val_ap_25": 0.7887281775474548, "val_table_val_ap": 0.4580551087856293, "val_table_val_ap_50": 0.6542752981185913, "val_table_val_ap_25": 0.7306231260299683, "val_door_val_ap": 0.3859807252883911, "val_door_val_ap_50": 0.5460315942764282, "val_door_val_ap_25": 0.7076740264892578, "val_window_val_ap": 0.14488224685192108, "val_window_val_ap_50": 0.28432825207710266, "val_window_val_ap_25": 0.46638527512550354, "val_bookshelf_val_ap": 0.10153140127658844, "val_bookshelf_val_ap_50": 0.2284477949142456, "val_bookshelf_val_ap_25": 0.42246317863464355, "val_picture_val_ap": 0.3873309791088104, "val_picture_val_ap_50": 0.46739473938941956, "val_picture_val_ap_25": 0.5250494480133057, "val_counter_val_ap": 0.2592540979385376, "val_counter_val_ap_50": 0.42867422103881836, "val_counter_val_ap_25": 0.6339635252952576, "val_desk_val_ap": 0.15134602785110474, "val_desk_val_ap_50": 0.363878071308136, "val_desk_val_ap_25": 0.5393671989440918, "val_curtain_val_ap": 0.16461768746376038, "val_curtain_val_ap_50": 0.2879757583141327, "val_curtain_val_ap_25": 0.38519376516342163, "val_refrigerator_val_ap": 0.34827250242233276, "val_refrigerator_val_ap_50": 0.48641911149024963, "val_refrigerator_val_ap_25": 0.5538604855537415, "val_shower curtain_val_ap": 0.4821036756038666, "val_shower curtain_val_ap_50": 0.7161366939544678, "val_shower curtain_val_ap_25": 0.8022587299346924, "val_toilet_val_ap": 0.8277406096458435, "val_toilet_val_ap_50": 0.9081472754478455, "val_toilet_val_ap_25": 0.9407383799552917, "val_sink_val_ap": 0.48157060146331787, "val_sink_val_ap_50": 0.6540340781211853, "val_sink_val_ap_25": 0.8472141027450562, "val_bathtub_val_ap": 0.5890421271324158, "val_bathtub_val_ap_50": 0.7881497144699097, "val_bathtub_val_ap_25": 0.8709677457809448, "val_otherfurniture_val_ap": 0.4356192648410797, "val_otherfurniture_val_ap_50": 0.5632929801940918, "val_otherfurniture_val_ap_25": 0.630233108997345, "val_mean_ap": 0.3831104636192322, "val_mean_ap_50": 0.5486828088760376, "val_mean_ap_25": 0.6685638427734375, "val_loss_ce": 2.208677053451538, "val_loss_mask": 0.19330863654613495, "val_loss_dice": 0.447500079870224, "val_loss_ce_0": 1.8847935199737549, "val_loss_mask_0": 0.2806580364704132, "val_loss_dice_0": 0.8062569499015808, "val_loss_ce_1": 1.8847935199737549, "val_loss_mask_1": 0.2806580364704132, "val_loss_dice_1": 0.8062569499015808, "val_loss_ce_2": 5.396430015563965, "val_loss_mask_2": 0.29134222865104675, "val_loss_dice_2": 0.7531188726425171, "val_loss_ce_3": 3.5220892429351807, "val_loss_mask_3": 0.24884194135665894, "val_loss_dice_3": 0.645687460899353, "val_loss_ce_4": 3.6505284309387207, "val_loss_mask_4": 0.22230039536952972, "val_loss_dice_4": 0.5653271675109863, "val_loss_ce_5": 3.1091229915618896, "val_loss_mask_5": 0.2095644176006317, "val_loss_dice_5": 0.5263657569885254, "val_loss_ce_6": 2.896766424179077, "val_loss_mask_6": 0.2094375491142273, "val_loss_dice_6": 0.49566200375556946, "val_loss_ce_7": 2.8509318828582764, "val_loss_mask_7": 0.21834519505500793, "val_loss_dice_7": 0.4912773668766022, "val_loss_ce_8": 2.7275478839874268, "val_loss_mask_8": 0.22088086605072021, "val_loss_dice_8": 0.48267436027526855, "val_loss_ce_9": 2.4490115642547607, "val_loss_mask_9": 0.21815946698188782, "val_loss_dice_9": 0.47294750809669495, "val_loss_ce_10": 2.344984531402588, "val_loss_mask_10": 0.20539692044258118, "val_loss_dice_10": 0.4653175175189972, "val_loss_ce_11": 2.321340322494507, "val_loss_mask_11": 0.19891086220741272, "val_loss_dice_11": 0.4587295651435852, "val_loss_ce_12": 2.431593418121338, "val_loss_mask_12": 0.20586711168289185, "val_loss_dice_12": 0.45872434973716736,