{"val_mean_box_ap_25": 0.6297322030390656, "val_mean_box_ap_50": 0.4891898029496814, "val_chair_val_box_ap_50": 0.7596720633610482, "val_otherfurniture_val_box_ap_50": 0.4649988769896707, "val_door_val_box_ap_50": 0.45404029223358733, "val_sink_val_box_ap_50": 0.5608940580895255, "val_table_val_box_ap_50": 0.57005811555517, "val_cabinet_val_box_ap_50": 0.36691270699299383, "val_window_val_box_ap_50": 0.2994105515645601, "val_refridgerator_val_box_ap_50": 0.407572818613351, "val_counter_val_box_ap_50": 0.5015341360835547, "val_sofa_val_box_ap_50": 0.40347208186952255, "val_bookshelf_val_box_ap_50": 0.27683936318660374, "val_desk_val_box_ap_50": 0.535446951086315, "val_picture_val_box_ap_50": 0.26284730415711915, "val_bathtub_val_box_ap_50": 0.7414807179238418, "val_bed_val_box_ap_50": 0.7328557122003849, "val_curtain_val_box_ap_50": 0.47384085946468735, "val_shower_curtain_val_box_ap_50": 0.2208333333333333, "val_toilet_val_box_ap_50": 0.7727065103889963, "val_chair_val_box_ap_25": 0.8700582059528628, "val_otherfurniture_val_box_ap_25": 0.5249238940058777, "val_door_val_box_ap_25": 0.5395753755052493, "val_sink_val_box_ap_25": 0.7230548255614648, "val_table_val_box_ap_25": 0.6447944927986735, "val_cabinet_val_box_ap_25": 0.5176367100153288, "val_window_val_box_ap_25": 0.48182485674981507, "val_refridgerator_val_box_ap_25": 0.5573276625908204, "val_counter_val_box_ap_25": 0.6752080893532507, "val_sofa_val_box_ap_25": 0.6810873754372739, "val_bookshelf_val_box_ap_25": 0.3522990488789286, "val_desk_val_box_ap_25": 0.7605854441114841, "val_picture_val_box_ap_25": 0.2995499454326937, "val_bathtub_val_box_ap_25": 0.7880184331797234, "val_bed_val_box_ap_25": 0.807906286023656, "val_curtain_val_box_ap_25": 0.6003723026206356, "val_shower_curtain_val_box_ap_25": 0.5389277705216984, "val_toilet_val_box_ap_25": 0.972028935963742, "val_cabinet_val_ap": 0.3624728322029114, "val_cabinet_val_ap_50": 0.5289081931114197, "val_cabinet_val_ap_25": 0.6186621189117432, "val_bed_val_ap": 0.5643956065177917, "val_bed_val_ap_50": 0.8094500303268433, "val_bed_val_ap_25": 0.8497411608695984, "val_chair_val_ap": 0.7614679336547852, "val_chair_val_ap_50": 0.8850866556167603, "val_chair_val_ap_25": 0.9218489527702332, "val_sofa_val_ap": 0.31691068410873413, "val_sofa_val_ap_50": 0.4932475984096527, "val_sofa_val_ap_25": 0.7361319661140442, "val_table_val_ap": 0.5242640376091003, "val_table_val_ap_50": 0.6830429434776306, "val_table_val_ap_25": 0.7375032305717468, "val_door_val_ap": 0.4567876160144806, "val_door_val_ap_50": 0.5920505523681641, "val_door_val_ap_25": 0.6613176465034485, "val_window_val_ap": 0.277626097202301, "val_window_val_ap_50": 0.4388667941093445, "val_window_val_ap_25": 0.5727059841156006, "val_bookshelf_val_ap": 0.26864710450172424, "val_bookshelf_val_ap_50": 0.4548356235027313, "val_bookshelf_val_ap_25": 0.5058361887931824, "val_picture_val_ap": 0.3645148277282715, "val_picture_val_ap_50": 0.43460679054260254, "val_picture_val_ap_25": 0.4545198380947113, "val_counter_val_ap": 0.33924856781959534, "val_counter_val_ap_50": 0.6059660911560059, "val_counter_val_ap_25": 0.6974004507064819, "val_desk_val_ap": 0.3217892646789551, "val_desk_val_ap_50": 0.6052263975143433, "val_desk_val_ap_25": 0.7958035469055176, "val_curtain_val_ap": 0.34210869669914246, "val_curtain_val_ap_50": 0.5206243991851807, "val_curtain_val_ap_25": 0.6446104645729065, "val_refrigerator_val_ap": 0.4369460642337799, "val_refrigerator_val_ap_50": 0.5757500529289246, "val_refrigerator_val_ap_25": 0.5757500529289246, "val_shower curtain_val_ap": 0.43462073802948, "val_shower curtain_val_ap_50": 0.6341432929039001, "val_shower curtain_val_ap_25": 0.7950933575630188, "val_toilet_val_ap": 0.8811004161834717, "val_toilet_val_ap_50": 0.9812042117118835, "val_toilet_val_ap_25": 0.9812042117118835, "val_sink_val_ap": 0.5091871619224548, "val_sink_val_ap_50": 0.6949745416641235, "val_sink_val_ap_25": 0.8719633221626282, "val_bathtub_val_ap": 0.6927087903022766, "val_bathtub_val_ap_50": 0.8387096524238586, "val_bathtub_val_ap_25": 0.8387096524238586, "val_otherfurniture_val_ap": 0.5184432864189148, "val_otherfurniture_val_ap_50": 0.6188114285469055, "val_otherfurniture_val_ap_25": 0.6648493409156799, "val_mean_ap": 0.465179979801178, "val_mean_ap_50": 0.6330836415290833, "val_mean_ap_25": 0.7179806232452393, "val_loss_ce": 1.0303828716278076, "val_loss_mask": 0.16950729489326477, "val_loss_dice": 0.35724717378616333, "val_loss_ce_0": 0.9599302411079407, "val_loss_mask_0": 0.18618100881576538, "val_loss_dice_0": 0.5079737901687622, "val_loss_ce_1": 0.9599302411079407, "val_loss_mask_1": 0.18618100881576538, "val_loss_dice_1": 0.5079737901687622, "val_loss_ce_2": 0.95525062084198, "val_loss_mask_2": 0.1822979897260666, "val_loss_dice_2": 0.4713190197944641, "val_loss_ce_3": 0.8843357563018799, "val_loss_mask_3": 0.178658589720726, "val_loss_dice_3": 0.4305620491504669, "val_loss_ce_4": 0.9272570013999939, "val_loss_mask_4": 0.1747780442237854, "val_loss_dice_4": 0.4007619321346283, "val_loss_ce_5": 0.9573846459388733, "val_loss_mask_5": 0.165821835398674, "val_loss_dice_5": 0.3745948374271393, "val_loss_ce_6": 0.965589165687561, "val_loss_mask_6": 0.16883543133735657, "val_loss_dice_6": 0.3742066025733948, "val_loss_ce_7": 0.9557866454124451, "val_loss_mask_7": 0.16858015954494476, "val_loss_dice_7": 0.3737204372882843, "val_loss_ce_8": 1.000372052192688, "val_loss_mask_8": 0.17255662381649017, "val_loss_dice_8": 0.3702937364578247, "val_loss_ce_9": 1.0343483686447144, "val_loss_mask_9": 0.16626271605491638, "val_loss_dice_9": 0.3596371114253998, "val_loss_ce_10": 1.0209110975265503, "val_loss_mask_10": 0.16669894754886627, "val_loss_dice_10": 0.3617660105228424, "val_loss_ce_11": 0.9876306653022766, "val_loss_mask_11": 0.1691317856311798, "val_loss_dice_11": 0.3640991747379303, "val_mean_loss_ce": 0.9722391963005066, "val_mean_loss_mask": 0.17349934577941895, "val_mean_loss_dice": 0.4041658043861389, "epoch": 0, "trainer/global_step": 0, "_timestamp": 1693903617.306481, "_runtime": 4006.7524888515472, "_step": 0, "_wandb": {"runtime": 4005}}