{"lr-AdamW": 1.4004311879360076e-05, "trainer/global_step": 25199, "_timestamp": 1693504826.9457197, "_runtime": 43070.52579164505, "_step": 1070, "train_loss_ce": 1.3716092109680176, "train_loss_mask": 0.710233747959137, "train_loss_dice": 3.2847297191619873, "train_loss_ce_0": 1.6126331090927124, "train_loss_mask_0": 0.912333607673645, "train_loss_dice_0": 3.6428747177124023, "train_loss_ce_1": 1.6126331090927124, "train_loss_mask_1": 0.912333607673645, "train_loss_dice_1": 3.6428747177124023, "train_loss_ce_2": 1.1223280429840088, "train_loss_mask_2": 0.7865407466888428, "train_loss_dice_2": 3.5604114532470703, "train_loss_ce_3": 1.126346230506897, "train_loss_mask_3": 0.7904834151268005, "train_loss_dice_3": 3.4810495376586914, "train_loss_ce_4": 1.1593363285064697, "train_loss_mask_4": 0.7678869366645813, "train_loss_dice_4": 3.481105327606201, "train_loss_ce_5": 1.1213966608047485, "train_loss_mask_5": 0.7799487113952637, "train_loss_dice_5": 3.3895537853240967, "train_loss_ce_6": 1.4067177772521973, "train_loss_mask_6": 0.7249924540519714, "train_loss_dice_6": 3.292901039123535, "train_loss_ce_7": 1.3568679094314575, "train_loss_mask_7": 0.7699114680290222, "train_loss_dice_7": 3.360077142715454, "train_loss_ce_8": 1.4080533981323242, "train_loss_mask_8": 0.7106789350509644, "train_loss_dice_8": 3.3158695697784424, "train_loss_ce_9": 1.38080894947052, "train_loss_mask_9": 0.6872225403785706, "train_loss_dice_9": 3.302159070968628, "train_loss_ce_10": 1.3840837478637695, "train_loss_mask_10": 0.6748834848403931, "train_loss_dice_10": 3.315464496612549, "train_loss_ce_11": 1.347127079963684, "train_loss_mask_11": 0.7742202877998352, "train_loss_dice_11": 3.3273050785064697, "train_mean_loss_ce": 1.339226245880127, "train_mean_loss_mask": 0.7693592309951782, "train_mean_loss_dice": 3.4151058197021484, "epoch": 62, "train_loss_mean": 77.29103088378906, "val_mean_box_ap_25": 0.04699931819814921, "val_mean_box_ap_50": 0.014911918644020408, "val_door_val_box_ap_50": 0.011527008641341915, "val_cabinet_val_box_ap_50": 0.006990364363973013, "val_table_val_box_ap_50": 0.018556237225539993, "val_chair_val_box_ap_50": 0.01143574056504776, "val_otherfurniture_val_box_ap_50": 0.009827912816665941, "val_refridgerator_val_box_ap_50": 0.0, "val_window_val_box_ap_50": 0.002722838815742943, "val_counter_val_box_ap_50": 0.002367461211576251, "val_sink_val_box_ap_50": 0.02224654448420448, "val_door_val_box_ap_25": 0.022105275203949868, "val_cabinet_val_box_ap_25": 0.022247633180326555, "val_table_val_box_ap_25": 0.03651773634219249, "val_chair_val_box_ap_25": 0.03837358932844869, "val_otherfurniture_val_box_ap_25": 0.028545992433402285, "val_refridgerator_val_box_ap_25": 0.0, "val_window_val_box_ap_25": 0.019138394237438523, "val_counter_val_box_ap_25": 0.027278969373420368, "val_sink_val_box_ap_25": 0.05917693685097849, "val_cabinet_val_ap": 0.004730690270662308, "val_cabinet_val_ap_50": 0.018277520313858986, "val_cabinet_val_ap_25": 0.09774734079837799, "val_bed_val_ap": 0.005434076767414808, "val_bed_val_ap_50": 0.02185721881687641, "val_bed_val_ap_25": 0.29285871982574463, "val_chair_val_ap": 0.028153929859399796, "val_chair_val_ap_50": 0.07724718749523163, "val_chair_val_ap_25": 0.24047856032848358, "val_sofa_val_ap": 0.01708621345460415, "val_sofa_val_ap_50": 0.05922829359769821, "val_sofa_val_ap_25": 0.23224233090877533, "val_table_val_ap": 0.012344109825789928, "val_table_val_ap_50": 0.04117550328373909, "val_table_val_ap_25": 0.13718022406101227, "val_door_val_ap": 0.016083670780062675, "val_door_val_ap_50": 0.04196608066558838, "val_door_val_ap_25": 0.12120059877634048, "val_window_val_ap": 0.008779906667768955, "val_window_val_ap_50": 0.027138814330101013, "val_window_val_ap_25": 0.12319528311491013, "val_bookshelf_val_ap": 0.007210490293800831, "val_bookshelf_val_ap_50": 0.028798038139939308, "val_bookshelf_val_ap_25": 0.19145318865776062, "val_picture_val_ap": 0.000332518044160679, "val_picture_val_ap_50": 0.0012579725589603186, "val_picture_val_ap_25": 0.006310827098786831, "val_counter_val_ap": 0.000671393470838666, "val_counter_val_ap_50": 0.0023569026961922646, "val_counter_val_ap_25": 0.09453466534614563, "val_desk_val_ap": 0.001754277036525309, "val_desk_val_ap_50": 0.009827595204114914, "val_desk_val_ap_25": 0.2068818062543869, "val_curtain_val_ap": 0.011064724065363407, "val_curtain_val_ap_50": 0.03428914397954941, "val_curtain_val_ap_25": 0.13028176128864288, "val_refrigerator_val_ap": 0.0, "val_refrigerator_val_ap_50": 0.0, "val_refrigerator_val_ap_25": 0.0, "val_shower curtain_val_ap": 0.06389077752828598, "val_shower curtain_val_ap_50": 0.110257588326931, "val_shower curtain_val_ap_25": 0.1555136889219284, "val_toilet_val_ap": 0.10352501273155212, "val_toilet_val_ap_50": 0.14596261084079742, "val_toilet_val_ap_25": 0.1838448941707611, "val_sink_val_ap": 0.040014248341321945, "val_sink_val_ap_50": 0.07556794583797455, "val_sink_val_ap_25": 0.14141295850276947, "val_bathtub_val_ap": 0.015313008800148964, "val_bathtub_val_ap_50": 0.047079168260097504, "val_bathtub_val_ap_25": 0.10710165649652481, "val_otherfurniture_val_ap": 0.012317962944507599, "val_otherfurniture_val_ap_50": 0.03163256496191025, "val_otherfurniture_val_ap_25": 0.09637100249528885, "val_mean_ap": 0.019372612237930298, "val_mean_ap_50": 0.04299556463956833, "val_mean_ap_25": 0.14214497804641724, "val_loss_ce": 1.603888988494873, "val_loss_mask": 0.36587128043174744, "val_loss_dice": 1.1954673528671265, "val_loss_ce_0": 2.0309197902679443, "val_loss_mask_0": 0.38131996989250183, "val_loss_dice_0": 1.2823524475097656, "val_loss_ce_1": 2.0309197902679443, "val_loss_mask_1": 0.38131996989250183, "val_loss_dice_1": 1.2823524475097656, "val_loss_ce_2": 1.7340489625930786, "val_loss_mask_2": 0.3781021237373352, "val_loss_dice_2": 1.259087324142456, "val_loss_ce_3": 1.6082885265350342, "val_loss_mask_3": 0.3679782450199127, "val_loss_dice_3": 1.2284672260284424, "val_loss_ce_4": 1.5798360109329224, "val_loss_mask_4": 0.36561110615730286, "val_loss_dice_4": 1.2220792770385742, "val_loss_ce_5": 1.5587503910064697, "val_loss_mask_5": 0.36602264642715454, "val_loss_dice_5": 1.1938774585723877, "val_loss_ce_6": 1.5522969961166382, "val_loss_mask_6": 0.3622307777404785, "val_loss_dice_6": 1.2022602558135986, "val_loss_ce_7": 1.533879280090332, "val_loss_mask_7": 0.35778290033340454, "val_loss_dice_7": 1.195142149925232, "val_loss_ce_8": 1.5331650972366333, "val_loss_mask_8": 0.3563947081565857, "val_loss_dice_8": 1.2003998756408691, "val_loss_ce_9": 1.5445706844329834, "val_loss_mask_9": 0.35978323221206665, "val_loss_dice_9": 1.1842683553695679, "val_loss_ce_10": 1.6090463399887085, "val_loss_mask_10": 0.35646873712539673, "val_loss_dice_10": 1.2069240808486938, "val_loss_ce_11": 1.5965224504470825, "val_loss_mask_11": 0.3559754192829132, "val_loss_dice_11": 1.2036620378494263, "val_mean_loss_ce": 1.6550872325897217, "val_mean_loss_mask": 0.3657585382461548, "val_mean_loss_dice": 1.2197184562683105, "val_bed_val_box_ap_50": 0.010347024169034357, "val_sofa_val_box_ap_50": 0.023057638306479954, "val_picture_val_box_ap_50": 7.178493234270127e-05, "val_desk_val_box_ap_50": 0.008292193726572084, "val_bookshelf_val_box_ap_50": 0.010963438810185692, "val_curtain_val_box_ap_50": 0.018989572833905347, "val_toilet_val_box_ap_50": 0.05704491664330002, "val_shower_curtain_val_box_ap_50": 0.028803780219417516, "val_bathtub_val_box_ap_50": 0.02517007782703742, "val_bed_val_box_ap_25": 0.1128196423539089, "val_sofa_val_box_ap_25": 0.0691672846468179, "val_picture_val_box_ap_25": 0.00015473488755931506, "val_desk_val_box_ap_25": 0.05509234959371703, "val_bookshelf_val_box_ap_25": 0.029791816537833794, "val_curtain_val_box_ap_25": 0.0645031360919839, "val_toilet_val_box_ap_25": 0.1418834737199073, "val_shower_curtain_val_box_ap_25": 0.06364296628611624, "val_bathtub_val_box_ap_25": 0.0555477964986844}