{"val_mean_box_ap_25": 0.6473761581967108, "val_mean_box_ap_50": 0.5196447248597987, "val_chair_val_box_ap_50": 0.832271198648664, "val_otherfurniture_val_box_ap_50": 0.4683987469334192, "val_cabinet_val_box_ap_50": 0.3651395482512144, "val_counter_val_box_ap_50": 0.4434384469556533, "val_sink_val_box_ap_50": 0.5598194905419118, "val_window_val_box_ap_50": 0.29254584871187644, "val_door_val_box_ap_50": 0.4470046497293161, "val_table_val_box_ap_50": 0.6427202045744922, "val_refridgerator_val_box_ap_50": 0.3739704147026801, "val_sofa_val_box_ap_50": 0.5677639028175875, "val_bookshelf_val_box_ap_50": 0.39275476534802, "val_desk_val_box_ap_50": 0.4587449270001687, "val_picture_val_box_ap_50": 0.27342073665022915, "val_bathtub_val_box_ap_50": 0.8486863081035818, "val_shower_curtain_val_box_ap_50": 0.42201823729283683, "val_curtain_val_box_ap_50": 0.5169222102087987, "val_bed_val_box_ap_50": 0.5867386709305861, "val_toilet_val_box_ap_50": 0.8612467400753404, "val_chair_val_box_ap_25": 0.9023452018023541, "val_otherfurniture_val_box_ap_25": 0.5341231749299091, "val_cabinet_val_box_ap_25": 0.5135629822437977, "val_counter_val_box_ap_25": 0.6426930604099181, "val_sink_val_box_ap_25": 0.7238477933815957, "val_window_val_box_ap_25": 0.4806725500766349, "val_door_val_box_ap_25": 0.5388580234403715, "val_table_val_box_ap_25": 0.717976151880551, "val_refridgerator_val_box_ap_25": 0.5220963168756038, "val_sofa_val_box_ap_25": 0.7570376101431715, "val_bookshelf_val_box_ap_25": 0.42027900869970986, "val_desk_val_box_ap_25": 0.7231042361357306, "val_picture_val_box_ap_25": 0.3169796588738511, "val_bathtub_val_box_ap_25": 0.8486863081035818, "val_shower_curtain_val_box_ap_25": 0.6811787668545622, "val_curtain_val_box_ap_25": 0.5944301625210365, "val_bed_val_box_ap_25": 0.7693825997891038, "val_toilet_val_box_ap_25": 0.9655172413793105, "val_cabinet_val_ap": 0.38233670592308044, "val_cabinet_val_ap_50": 0.5561044812202454, "val_cabinet_val_ap_25": 0.6781346797943115, "val_bed_val_ap": 0.4765171408653259, "val_bed_val_ap_50": 0.7397150993347168, "val_bed_val_ap_25": 0.7781985402107239, "val_chair_val_ap": 0.7949455380439758, "val_chair_val_ap_50": 0.91126948595047, "val_chair_val_ap_25": 0.9324161410331726, "val_sofa_val_ap": 0.44124671816825867, "val_sofa_val_ap_50": 0.6312267780303955, "val_sofa_val_ap_25": 0.7925459146499634, "val_table_val_ap": 0.6000774502754211, "val_table_val_ap_50": 0.7649493217468262, "val_table_val_ap_25": 0.8059001564979553, "val_door_val_ap": 0.470772385597229, "val_door_val_ap_50": 0.6143537163734436, "val_door_val_ap_25": 0.7086995244026184, "val_window_val_ap": 0.2982866168022156, "val_window_val_ap_50": 0.4450571537017822, "val_window_val_ap_25": 0.6011703014373779, "val_bookshelf_val_ap": 0.3408379852771759, "val_bookshelf_val_ap_50": 0.5274661183357239, "val_bookshelf_val_ap_25": 0.6106097102165222, "val_picture_val_ap": 0.4270930588245392, "val_picture_val_ap_50": 0.504356324672699, "val_picture_val_ap_25": 0.5193601250648499, "val_counter_val_ap": 0.2953587770462036, "val_counter_val_ap_50": 0.5666996240615845, "val_counter_val_ap_25": 0.6509042978286743, "val_desk_val_ap": 0.32090187072753906, "val_desk_val_ap_50": 0.5737367272377014, "val_desk_val_ap_25": 0.7518448233604431, "val_curtain_val_ap": 0.363013356924057, "val_curtain_val_ap_50": 0.5741251111030579, "val_curtain_val_ap_25": 0.6889053583145142, "val_refrigerator_val_ap": 0.46547460556030273, "val_refrigerator_val_ap_50": 0.5951115489006042, "val_refrigerator_val_ap_25": 0.6315789222717285, "val_shower curtain_val_ap": 0.4661065340042114, "val_shower curtain_val_ap_50": 0.5973654389381409, "val_shower curtain_val_ap_25": 0.7081514596939087, "val_toilet_val_ap": 0.9134554862976074, "val_toilet_val_ap_50": 0.982758641242981, "val_toilet_val_ap_25": 0.982758641242981, "val_sink_val_ap": 0.5088496804237366, "val_sink_val_ap_50": 0.6726192235946655, "val_sink_val_ap_25": 0.875, "val_bathtub_val_ap": 0.7171039581298828, "val_bathtub_val_ap_50": 0.8685765862464905, "val_bathtub_val_ap_25": 0.8685765862464905, "val_otherfurniture_val_ap": 0.5125588178634644, "val_otherfurniture_val_ap_50": 0.6249188780784607, "val_otherfurniture_val_ap_25": 0.6703712344169617, "val_mean_ap": 0.48860758543014526, "val_mean_ap_50": 0.6528005599975586, "val_mean_ap_25": 0.7363958954811096, "val_loss_ce": 0.842898428440094, "val_loss_mask": 0.15952907502651215, "val_loss_dice": 0.33048465847969055, "val_loss_ce_0": 1.3007221221923828, "val_loss_mask_0": 0.19246472418308258, "val_loss_dice_0": 0.5537230968475342, "val_loss_ce_1": 1.3007221221923828, "val_loss_mask_1": 0.19246472418308258, "val_loss_dice_1": 0.5537230968475342, "val_loss_ce_2": 0.909878134727478, "val_loss_mask_2": 0.18134832382202148, "val_loss_dice_2": 0.5047693252563477, "val_loss_ce_3": 0.7903138995170593, "val_loss_mask_3": 0.16866640746593475, "val_loss_dice_3": 0.4439716339111328, "val_loss_ce_4": 0.7366031408309937, "val_loss_mask_4": 0.16026881337165833, "val_loss_dice_4": 0.39746421575546265, "val_loss_ce_5": 0.7281832098960876, "val_loss_mask_5": 0.158046692609787, "val_loss_dice_5": 0.3701680898666382, "val_loss_ce_6": 0.7960678339004517, "val_loss_mask_6": 0.15438780188560486, "val_loss_dice_6": 0.3506789803504944, "val_loss_ce_7": 0.7864693999290466, "val_loss_mask_7": 0.1541561782360077, "val_loss_dice_7": 0.3511420488357544, "val_loss_ce_8": 0.7817538976669312, "val_loss_mask_8": 0.1546967774629593, "val_loss_dice_8": 0.3511883020401001, "val_loss_ce_9": 0.7636935710906982, "val_loss_mask_9": 0.15400277078151703, "val_loss_dice_9": 0.3464610278606415, "val_loss_ce_10": 0.769295334815979, "val_loss_mask_10": 0.1564548909664154, "val_loss_dice_10": 0.3432408571243286, "val_loss_ce_11": 0.8381420969963074, "val_loss_mask_11": 0.15757925808429718, "val_loss_dice_11": 0.3348443806171417, "val_loss_ce_12": 0.8100395798683167, "val_loss_mask_12": 0.15638978779315948, "val_loss_dice_12": 0.3376775085926056, "val_loss_ce_13": 0.7974423170089722, "val_loss_mask_13": 0.1532728224992752, "val_loss_dice_13": 0.33920225501060486, "val_loss_ce_14": 0.7635024785995483, "val_loss_mask_14": 0.15682189166545868, "val_loss_dice_14": 0.3368944227695465, "val_mean_loss_ce": 0.8572329878807068, "val_mean_loss_mask": 0.16315943002700806, "val_mean_loss_dice": 0.39035212993621826, "epoch": 0, "trainer/global_step": 0, "_timestamp": 1691361540.4112294, "_runtime": 5235.356905460358, "_step": 0, "_wandb": {"runtime": 5234}}