{"val_mean_box_ap_25": 0.6087125579394659, "val_mean_box_ap_50": 0.5118335451034113, "val_chair_val_box_ap_50": 0.8187359876425084, "val_otherfurniture_val_box_ap_50": 0.46509108301804575, "val_door_val_box_ap_50": 0.4528829060259083, "val_sink_val_box_ap_50": 0.40465049309743, "val_window_val_box_ap_50": 0.3056370309112879, "val_cabinet_val_box_ap_50": 0.37752795378557213, "val_counter_val_box_ap_50": 0.3025062321937322, "val_table_val_box_ap_50": 0.5835214437913085, "val_sofa_val_box_ap_50": 0.5274477191622148, "val_bookshelf_val_box_ap_50": 0.3065643345418626, "val_desk_val_box_ap_50": 0.4724490982172883, "val_picture_val_box_ap_50": 0.30716405348401077, "val_bathtub_val_box_ap_50": 0.8266880384692447, "val_bed_val_box_ap_50": 0.6460479446257359, "val_shower_curtain_val_box_ap_50": 0.4031828190213283, "val_curtain_val_box_ap_50": 0.6386855544288124, "val_toilet_val_box_ap_50": 0.9827586206896552, "val_refridgerator_val_box_ap_50": 0.39146249875545885, "val_chair_val_box_ap_25": 0.8967510720779086, "val_otherfurniture_val_box_ap_25": 0.5382130696790354, "val_door_val_box_ap_25": 0.5660853390737817, "val_sink_val_box_ap_25": 0.5538677931437854, "val_window_val_box_ap_25": 0.5116449446485185, "val_cabinet_val_box_ap_25": 0.5021550546088942, "val_counter_val_box_ap_25": 0.43357607466063347, "val_table_val_box_ap_25": 0.6472367189966639, "val_sofa_val_box_ap_25": 0.7054302343898486, "val_bookshelf_val_box_ap_25": 0.3491584617123182, "val_desk_val_box_ap_25": 0.6346479965897693, "val_picture_val_box_ap_25": 0.33744454166720056, "val_bathtub_val_box_ap_25": 0.8266880384692447, "val_bed_val_box_ap_25": 0.7169385381534531, "val_shower_curtain_val_box_ap_25": 0.6269997741404895, "val_curtain_val_box_ap_25": 0.6842415852745396, "val_toilet_val_box_ap_25": 0.9827586206896552, "val_refridgerator_val_box_ap_25": 0.4429881849346459, "val_cabinet_val_ap": 0.36525097489356995, "val_cabinet_val_ap_50": 0.5057165622711182, "val_cabinet_val_ap_25": 0.6323997974395752, "val_bed_val_ap": 0.4924105405807495, "val_bed_val_ap_50": 0.700909435749054, "val_bed_val_ap_25": 0.7273351550102234, "val_chair_val_ap": 0.7885417342185974, "val_chair_val_ap_50": 0.9030973315238953, "val_chair_val_ap_25": 0.9322221875190735, "val_sofa_val_ap": 0.4548700153827667, "val_sofa_val_ap_50": 0.6440328359603882, "val_sofa_val_ap_25": 0.7511475086212158, "val_table_val_ap": 0.5502263307571411, "val_table_val_ap_50": 0.6727949976921082, "val_table_val_ap_25": 0.7285609841346741, "val_door_val_ap": 0.4737992584705353, "val_door_val_ap_50": 0.6107486486434937, "val_door_val_ap_25": 0.6990998387336731, "val_window_val_ap": 0.3164774775505066, "val_window_val_ap_50": 0.48569583892822266, "val_window_val_ap_25": 0.6138654351234436, "val_bookshelf_val_ap": 0.2686745226383209, "val_bookshelf_val_ap_50": 0.43172261118888855, "val_bookshelf_val_ap_25": 0.521511971950531, "val_picture_val_ap": 0.40496721863746643, "val_picture_val_ap_50": 0.46228083968162537, "val_picture_val_ap_25": 0.500254213809967, "val_counter_val_ap": 0.26374825835227966, "val_counter_val_ap_50": 0.4586363434791565, "val_counter_val_ap_25": 0.51778244972229, "val_desk_val_ap": 0.2844190001487732, "val_desk_val_ap_50": 0.5073497295379639, "val_desk_val_ap_25": 0.6462222337722778, "val_curtain_val_ap": 0.4250052571296692, "val_curtain_val_ap_50": 0.6464412808418274, "val_curtain_val_ap_25": 0.7228955030441284, "val_refrigerator_val_ap": 0.3982855975627899, "val_refrigerator_val_ap_50": 0.46777939796447754, "val_refrigerator_val_ap_25": 0.46777939796447754, "val_shower curtain_val_ap": 0.5178639888763428, "val_shower curtain_val_ap_50": 0.7155738472938538, "val_shower curtain_val_ap_25": 0.8201329708099365, "val_toilet_val_ap": 0.9616661667823792, "val_toilet_val_ap_50": 0.982758641242981, "val_toilet_val_ap_25": 0.982758641242981, "val_sink_val_ap": 0.35802364349365234, "val_sink_val_ap_50": 0.49727872014045715, "val_sink_val_ap_25": 0.7034069299697876, "val_bathtub_val_ap": 0.7304494380950928, "val_bathtub_val_ap_50": 0.8387096524238586, "val_bathtub_val_ap_25": 0.8387096524238586, "val_otherfurniture_val_ap": 0.5049532055854797, "val_otherfurniture_val_ap_50": 0.6076503992080688, "val_otherfurniture_val_ap_25": 0.6450815796852112, "val_mean_ap": 0.47553515434265137, "val_mean_ap_50": 0.6188431978225708, "val_mean_ap_25": 0.6917314529418945, "val_loss_ce": 1.197353720664978, "val_loss_mask": 0.1906358152627945, "val_loss_dice": 0.35825711488723755, "val_loss_ce_0": 3.806697368621826, "val_loss_mask_0": 0.5962453484535217, "val_loss_dice_0": 1.8743960857391357, "val_loss_ce_1": 1.8259990215301514, "val_loss_mask_1": 0.3234025835990906, "val_loss_dice_1": 0.7496433258056641, "val_loss_ce_2": 1.5218994617462158, "val_loss_mask_2": 0.2643006443977356, "val_loss_dice_2": 0.5377017855644226, "val_loss_ce_3": 1.3400242328643799, "val_loss_mask_3": 0.2278127670288086, "val_loss_dice_3": 0.4536815583705902, "val_loss_ce_4": 1.2504947185516357, "val_loss_mask_4": 0.20523780584335327, "val_loss_dice_4": 0.40375393629074097, "val_loss_ce_5": 1.2431812286376953, "val_loss_mask_5": 0.2096232920885086, "val_loss_dice_5": 0.40222424268722534, "val_loss_ce_6": 1.1933070421218872, "val_loss_mask_6": 0.19908487796783447, "val_loss_dice_6": 0.3941921293735504, "val_loss_ce_7": 1.191130518913269, "val_loss_mask_7": 0.19790005683898926, "val_loss_dice_7": 0.3794156014919281, "val_loss_ce_8": 1.1908611059188843, "val_loss_mask_8": 0.19402430951595306, "val_loss_dice_8": 0.368073046207428, "val_loss_ce_9": 1.202565312385559, "val_loss_mask_9": 0.1936599761247635, "val_loss_dice_9": 0.3693670928478241, "val_loss_ce_10": 1.1872879266738892, "val_loss_mask_10": 0.18626251816749573, "val_loss_dice_10": 0.36939099431037903, "val_loss_ce_11": 1.177573800086975, "val_loss_mask_11": 0.19124214351177216, "val_loss_dice_11": 0.3654142916202545, "val_mean_loss_ce": 1.4867980480194092, "val_mean_loss_mask": 0.24457170069217682, "val_mean_loss_dice": 0.5404239296913147, "epoch": 0, "trainer/global_step": 0, "_timestamp": 1685415772.2212582, "_runtime": 3126.887063264847, "_step": 0, "_wandb": {"runtime": 3126}}