{"val_mean_box_ap_25": 0.6137211931209755, "val_mean_box_ap_50": 0.500549681882964, "val_chair_val_box_ap_50": 0.7543438275408805, "val_cabinet_val_box_ap_50": 0.3496197280905239, "val_otherfurniture_val_box_ap_50": 0.45190740584260464, "val_sink_val_box_ap_50": 0.5277005273636187, "val_door_val_box_ap_50": 0.4403338582041099, "val_window_val_box_ap_50": 0.3429900894876662, "val_table_val_box_ap_50": 0.5741815767465319, "val_counter_val_box_ap_50": 0.34217530868385504, "val_sofa_val_box_ap_50": 0.515008230700174, "val_bookshelf_val_box_ap_50": 0.29641634618007257, "val_desk_val_box_ap_50": 0.437069336787274, "val_bathtub_val_box_ap_50": 0.828698553948832, "val_picture_val_box_ap_50": 0.31582549712845087, "val_bed_val_box_ap_50": 0.6421965483052243, "val_shower_curtain_val_box_ap_50": 0.3741098876968442, "val_curtain_val_box_ap_50": 0.5708931286861595, "val_toilet_val_box_ap_50": 0.8799466338259442, "val_refridgerator_val_box_ap_50": 0.366477788674585, "val_chair_val_box_ap_25": 0.8415827437021288, "val_cabinet_val_box_ap_25": 0.4760578077573415, "val_otherfurniture_val_box_ap_25": 0.5121531539418218, "val_sink_val_box_ap_25": 0.6706378722278217, "val_door_val_box_ap_25": 0.5643041462047813, "val_window_val_box_ap_25": 0.5150489787244049, "val_table_val_box_ap_25": 0.6556471986539949, "val_counter_val_box_ap_25": 0.483860236985237, "val_sofa_val_box_ap_25": 0.724404486410768, "val_bookshelf_val_box_ap_25": 0.33137798012324027, "val_desk_val_box_ap_25": 0.6025095624668557, "val_bathtub_val_box_ap_25": 0.828698553948832, "val_picture_val_box_ap_25": 0.3575118140600674, "val_bed_val_box_ap_25": 0.7022252121614092, "val_shower_curtain_val_box_ap_25": 0.7102024384633078, "val_curtain_val_box_ap_25": 0.686695683051451, "val_toilet_val_box_ap_25": 0.9655172413793105, "val_refridgerator_val_box_ap_25": 0.41854636591478694, "val_cabinet_val_ap": 0.3638257086277008, "val_cabinet_val_ap_50": 0.4852946400642395, "val_cabinet_val_ap_25": 0.5926575660705566, "val_bed_val_ap": 0.5182747840881348, "val_bed_val_ap_50": 0.7445278167724609, "val_bed_val_ap_25": 0.7610319256782532, "val_chair_val_ap": 0.7414866089820862, "val_chair_val_ap_50": 0.8511655926704407, "val_chair_val_ap_25": 0.879567563533783, "val_sofa_val_ap": 0.4379742443561554, "val_sofa_val_ap_50": 0.609981119632721, "val_sofa_val_ap_25": 0.7671129703521729, "val_table_val_ap": 0.5436949133872986, "val_table_val_ap_50": 0.6936193704605103, "val_table_val_ap_25": 0.731429934501648, "val_door_val_ap": 0.4809800088405609, "val_door_val_ap_50": 0.6261072754859924, "val_door_val_ap_25": 0.707961916923523, "val_window_val_ap": 0.34248465299606323, "val_window_val_ap_50": 0.5112358927726746, "val_window_val_ap_25": 0.6360282301902771, "val_bookshelf_val_ap": 0.2734471261501312, "val_bookshelf_val_ap_50": 0.44289088249206543, "val_bookshelf_val_ap_25": 0.514889121055603, "val_picture_val_ap": 0.40405604243278503, "val_picture_val_ap_50": 0.4766412377357483, "val_picture_val_ap_25": 0.5077890157699585, "val_counter_val_ap": 0.24022307991981506, "val_counter_val_ap_50": 0.4649895429611206, "val_counter_val_ap_25": 0.529036819934845, "val_desk_val_ap": 0.28067806363105774, "val_desk_val_ap_50": 0.4645526707172394, "val_desk_val_ap_25": 0.6103655695915222, "val_curtain_val_ap": 0.43766894936561584, "val_curtain_val_ap_50": 0.6674009561538696, "val_curtain_val_ap_25": 0.7482236623764038, "val_refrigerator_val_ap": 0.3627529442310333, "val_refrigerator_val_ap_50": 0.4203362464904785, "val_refrigerator_val_ap_25": 0.4203362464904785, "val_shower curtain_val_ap": 0.521995484828949, "val_shower curtain_val_ap_50": 0.6952725052833557, "val_shower curtain_val_ap_25": 0.8012234568595886, "val_toilet_val_ap": 0.9092106819152832, "val_toilet_val_ap_50": 0.9479652047157288, "val_toilet_val_ap_25": 0.9655172228813171, "val_sink_val_ap": 0.4579373896121979, "val_sink_val_ap_50": 0.6345963478088379, "val_sink_val_ap_25": 0.8160764575004578, "val_bathtub_val_ap": 0.7279163002967834, "val_bathtub_val_ap_50": 0.8387096524238586, "val_bathtub_val_ap_25": 0.8387096524238586, "val_otherfurniture_val_ap": 0.4931243658065796, "val_otherfurniture_val_ap_50": 0.5997565388679504, "val_otherfurniture_val_ap_25": 0.6284288763999939, "val_mean_ap": 0.47431841492652893, "val_mean_ap_50": 0.6208357810974121, "val_mean_ap_25": 0.6920214891433716, "val_loss_ce": 1.2408881187438965, "val_loss_mask": 0.19671225547790527, "val_loss_dice": 0.37545135617256165, "val_loss_ce_0": 3.807156801223755, "val_loss_mask_0": 0.5963005423545837, "val_loss_dice_0": 1.8745356798171997, "val_loss_ce_1": 1.9121558666229248, "val_loss_mask_1": 0.3309952914714813, "val_loss_dice_1": 0.7782880067825317, "val_loss_ce_2": 1.5954041481018066, "val_loss_mask_2": 0.27192482352256775, "val_loss_dice_2": 0.564225971698761, "val_loss_ce_3": 1.398183822631836, "val_loss_mask_3": 0.238900825381279, "val_loss_dice_3": 0.472282737493515, "val_loss_ce_4": 1.2763965129852295, "val_loss_mask_4": 0.21177703142166138, "val_loss_dice_4": 0.4223465919494629, "val_loss_ce_5": 1.309291958808899, "val_loss_mask_5": 0.20973438024520874, "val_loss_dice_5": 0.42049866914749146, "val_loss_ce_6": 1.2474321126937866, "val_loss_mask_6": 0.208959698677063, "val_loss_dice_6": 0.41168710589408875, "val_loss_ce_7": 1.1927368640899658, "val_loss_mask_7": 0.20699623227119446, "val_loss_dice_7": 0.3981156647205353, "val_loss_ce_8": 1.2324767112731934, "val_loss_mask_8": 0.19739161431789398, "val_loss_dice_8": 0.38415464758872986, "val_loss_ce_9": 1.2407118082046509, "val_loss_mask_9": 0.19462820887565613, "val_loss_dice_9": 0.3846999406814575, "val_loss_ce_10": 1.2276999950408936, "val_loss_mask_10": 0.19462934136390686, "val_loss_dice_10": 0.3851653039455414, "val_loss_ce_11": 1.2146143913269043, "val_loss_mask_11": 0.1974591165781021, "val_loss_dice_11": 0.38381651043891907, "val_mean_loss_ce": 1.5303961038589478, "val_mean_loss_mask": 0.25049301981925964, "val_mean_loss_dice": 0.5580975413322449, "epoch": 0, "trainer/global_step": 0, "_timestamp": 1685420411.0054252, "_runtime": 3077.9361102581024, "_step": 0, "_wandb": {"runtime": 3077}}